run,magnet_thickness_mm,magnet_length_mm,v_angle_deg,tip_gap_mm,magnet_center_offset_deg,actual_tip_gap_mm,outer_bridge_min_mm,shaft_clearance_min_mm,adjacent_pole_gap_min_mm,geometry_status,candidate,pred_mean_torque_Nm,pred_ripple_pkpk_Nm,unc_mean_torque_Nm,unc_ripple_pkpk_Nm,predicted_pareto,conservative_mean_Nm,conservative_ripple_Nm,conservative_pareto
1,5.252778960597919,13.33116746292869,78.60163226978584,2.285604347226555,21.992416339441846,2.2856043472265553,4.4597354425958855,7.055173737893542,4.858292792261735,OK,1,40.00050225157121,7.568768682878161,0.1667552600611398,0.137336231487295,False,39.833746991510075,7.706104914365456,False
2,3.622505471398573,13.0322492370915,75.18655028508243,1.8368452211864312,20.61558563547947,1.836845221186433,5.057046854306339,7.674669903816259,7.724726573604504,OK,2,32.97535945763021,8.032543577260967,0.12896089556934945,0.046645060351954974,False,32.84639856206086,8.079188637612921,False
3,3.378187557388495,12.697973930885263,60.3284428259235,2.2993775850743994,18.97645058229316,2.299377585074402,4.16257248522415,6.345099370564288,11.88240384896292,OK,3,29.114936927675995,9.232981015404505,0.24030445205523313,0.0499483499194883,False,28.87463247562076,9.282929365323993,False
4,5.067157273463109,15.479529077066648,50.85361670569674,4.478237456386724,23.705043182903488,4.47823745638672,1.040830131359332,2.8508770961937415,8.6911631008629,OK,4,44.65271409645968,11.911366615874222,0.33577479422309403,0.13373726546683076,False,44.31693930223659,12.045103881341053,False
5,4.768273068147243,13.272826047869495,50.31204182128041,1.4924051574664698,16.589894990056187,1.492405157466468,2.376158907599404,4.333029454644395,13.896700945738472,OK,5,31.088202410079152,10.132027059655444,0.31410426177148615,0.07666997429294038,False,30.774098148307665,10.208697033948384,False
6,5.108595295979004,12.415010393546988,70.42132436425871,3.8573543159724264,22.29524833260094,3.8573543159724255,4.111370028982435,6.306855862734693,6.6618813544038105,OK,6,34.37463242875116,8.72401812776755,0.28990188652331966,0.06201755950858755,False,34.084730542227845,8.786035687276138,False
7,3.2529677296165547,16.110487508614952,56.30320220485318,0.893716750784936,20.408869824227708,0.8937167507849377,2.36066133417539,4.797002655624704,11.13936289235214,OK,7,45.07390730063097,12.325263085598,0.13710844985912982,0.05139172261519538,False,44.936798850771844,12.376654808213194,False
9,2.7676922130103394,15.824015824329953,70.58205325718791,3.6746224411472137,26.976374651335036,3.6746224411472155,3.5495151365485036,6.2903657540416535,3.7778248886153882,OK,8,36.85554932073111,5.182980985379176,0.3550924506855335,0.13763299830208234,False,36.500456870045575,5.320613983681259,False
10,2.692933619394732,16.090632662271805,37.821225096532345,3.3521390062492107,18.808882606369536,3.35213900624921,1.2544640550526225,2.9829043189328885,12.979922661242545,OK,9,28.20089028935387,9.315071332663688,0.4495855655312683,0.08076628042775168,False,27.751304723822603,9.39583761309144,False
11,4.862980550337715,14.147165825683793,54.07541333765552,3.840308382480776,21.906087829462095,3.8403083824807753,2.1072132687374427,4.0213429748434315,9.603976990896005,OK,10,39.34038529530405,11.30257915134819,0.2026888990129156,0.052310497764363764,False,39.13769639629114,11.354889649112554,False
12,3.1655451230280667,16.707301616592755,70.13456842040004,2.751709866611483,26.766870229927783,2.7517098666114794,2.986661446375024,5.850267652494614,3.351891462049947,OK,11,42.24327125360846,5.5217229966099195,0.3632012714433941,0.13433545247015286,False,41.88006998216507,5.6560584490800725,False
16,5.000123611745801,13.574601724043092,69.29337399640745,0.7636787480983512,19.16725806043423,0.763678748098352,3.7835711236259115,6.296080458414226,8.501070152064301,OK,12,44.18149429878147,11.912407190791653,0.22861050160449842,0.06899091223650819,False,43.95288379717697,11.98139810302816,False
17,3.707285039814209,13.404631949831622,38.22673907605154,3.7417203776872103,17.071519426541087,3.74172037768721,1.8457221599834028,3.489303896850137,13.385672339160777,OK,13,16.613644967770785,7.066655168074564,0.20222634817834023,0.04052076411847668,False,16.411418619592446,7.107175932193041,False
18,4.0290495824757695,14.9184325260142,86.52921003477235,1.7024791438723033,23.87362512790505,1.7024791438723061,5.081600613227213,8.298466704689968,2.032324706292167,OK,14,40.118621643858084,4.413041983986953,0.20684082381122887,0.06464497600358673,False,39.91178082004686,4.47768695999054,False
20,3.489111736910532,13.748190577881465,51.67513795541727,2.397994002675693,18.756689257297992,2.397994002675691,2.9635928949756973,4.980272624787883,13.386585483260134,OK,15,29.91361322830615,9.688522314190175,0.20620648209069287,0.022305925464621266,False,29.707406746215458,9.710828239654797,False
21,5.3031497934675125,14.54230671488313,66.54182649182407,0.9315590120927957,20.37093411177451,0.9315590120927915,2.9385915057900647,5.441009568142512,7.659031191993993,OK,16,48.7168434690208,12.650360704205847,0.24131410773049647,0.08239038691797046,False,48.475529361290306,12.732751091123816,False
23,4.56781115093603,14.151027941487008,89.6684935000281,2.20652596197938,23.51311367300992,2.2065259619793816,5.44512742605983,8.509882150306218,1.8396091338167542,OK,17,39.28445684732851,4.247968692883173,0.2883211170808341,0.08443180633579468,False,38.99613573024767,4.332400499218968,False
24,4.258399227165738,13.105651455550385,58.96971083437962,1.0547239463292875,17.43546923837001,1.0547239463292855,3.4918155448627317,5.7055690209269745,12.29480304498692,OK,18,35.07387727067471,10.819280450673586,0.1907263863725722,0.038287919025088046,False,34.88315088430213,10.857568369698674,False
25,4.700295748963092,16.563519995969784,60.58195060339496,2.553169761441865,24.46706591307737,2.5531697614418625,1.6159632046206198,3.96155110302146,6.1157445021095915,OK,19,50.52179636857968,11.1539568368213,0.20500442414710557,0.10712781679317238,False,50.31679194443257,11.261084653614471,False
26,5.136953467697383,12.358052812350271,88.50647536266825,2.450171893398859,21.166157291649668,2.450171893398858,5.776526751267724,8.432344569241657,4.426167845860866,OK,20,34.84537308245303,5.346117109861314,0.4554236718034489,0.11941860173653257,False,34.38994941064958,5.4655357115978465,False
27,2.870335243277811,16.302078869325584,42.77821649684381,3.642807135655626,21.032154223820058,3.642807135655626,1.371666844424663,3.1876255279511554,13.034748794328742,OK,21,34.40592214913258,10.300132026449862,0.3714444496218757,0.08496189373400272,False,34.0344776995107,10.385093920183865,False
28,3.3233114227865084,15.411872258413196,57.28360826906777,2.8887925949503055,22.750783888800136,2.888792594950306,2.604817495415773,4.846584171805333,9.45215161801793,OK,22,39.904214579107936,10.516217920568746,0.09449937988717454,0.05094838792783789,False,39.80971519922076,10.567166308496583,False
29,2.9204491420181977,12.056113385805025,88.7490672457666,1.3265616013831774,19.046573761795123,1.3265616013831774,6.975616057131372,9.797890735185867,7.540876835172162,OK,23,26.70183238625101,5.735279517720418,0.2922766524302438,0.0582577235597287,False,26.409555733820767,5.793537241280147,False
30,3.6599299940261933,15.227428279293502,74.46985323474486,2.7570639066720886,25.156119955771167,2.7570639066720926,3.867424795676367,6.682645274182393,3.740395143008666,OK,24,39.69989754856047,5.887304852751874,0.16694892330794264,0.05294242627870025,False,39.53294862525253,5.940247279030574,False
31,3.299412083554391,16.633085340653718,73.3422636622098,0.6727793646949156,23.895474065673447,0.6727793646949198,3.449546261016092,6.640787693001126,4.431307202886319,OK,25,45.26586048583163,7.089941979723448,0.34198093586309297,0.1853947213807166,False,44.92387954996854,7.275336701104164,False
32,4.938444393710304,12.949832981307448,59.479604656491816,1.3830899391687588,17.807626207752726,1.3830899391687586,3.225824462750662,5.3810847823987356,11.444598382186417,OK,26,37.16702411614106,11.257389640104645,0.24468567654289558,0.05220642176649652,False,36.922338439598164,11.309596061871142,False
33,3.9237653135219444,14.29153055360096,86.64875373339248,0.617569509618422,21.28704146990777,0.6175695096184237,5.537873290375945,8.72124231893341,4.211463306635749,OK,27,38.6684642546365,5.255480662373747,0.2604148689856851,0.06701467781734873,False,38.40804938565081,5.322495340191096,False
34,2.907721824671869,16.680910312433483,65.23449854687686,2.1621621338124886,24.97159833945654,2.16216213381249,2.794284303984753,5.531878025026666,6.008289419701475,OK,28,42.6010577115442,7.55734911697741,0.38884584596002786,0.1746777205466526,False,42.21221186558417,7.732026837524063,False
35,2.868926717276146,14.768680453315367,77.86866938544387,0.7158692484454304,21.692668520273948,0.7158692484454277,4.931043618388443,8.033111756969927,6.13202096356775,OK,29,36.71612441271193,6.695500618805662,0.20421757613769875,0.08857727414503348,False,36.51190683657423,6.7840778929506955,False
36,4.729706764647991,15.114716749582842,68.69998043087442,3.0661255971911263,24.724340693647598,3.0661255971911237,2.947409445027059,5.425137169195619,4.543092345333937,OK,30,44.632803608964394,8.546072286095377,0.21081043606446112,0.12767254903388997,False,44.42199317289993,8.673744835129268,False
37,4.303788884256789,13.8183401610766,55.20094884397716,2.547340684816576,19.809113330556286,2.547340684816578,2.733097328987906,4.7869207303865355,11.297778023774034,OK,31,36.63688881490143,11.006246717521316,0.16000587333147867,0.04098583024377144,False,36.476882941569954,11.047232547765088,False
38,5.380862132526326,15.351092164365749,78.22056512318395,1.4060350951204168,23.629792927357606,1.4060350951204168,3.5553684146866367,6.48300795938273,2.64309802840512,OK,32,47.97454587661307,7.441598394262669,0.12951046446224462,0.05258102079147967,False,47.84503541215083,7.494179415054148,False
39,3.8017424259699357,13.63231678277082,63.33586271385653,0.9091806457355578,18.621237093179126,0.9091806457355589,3.832624315731394,6.248182734062432,10.919737096304914,OK,33,38.32551877360031,11.172638474084696,0.10328460153204423,0.04338320572843185,False,38.22223417206826,11.216021679813128,False
41,3.673834012408721,13.2277088559714,54.9268630060225,3.8170798516722373,20.924883056656377,3.817079851672237,3.2714988350268683,5.241346199884758,11.270796891473054,OK,34,28.88458951895721,9.135126466891213,0.2110566524805138,0.05656584895728701,False,28.673532866476695,9.1916923158485,False
43,4.632276418973498,12.946292893941845,58.556043269636675,2.00796843784825,18.564288081664138,2.007968437848251,3.2740562014596044,5.379431899150102,11.379050484627927,OK,35,35.06075382237079,10.74377693876051,0.20821698291124063,0.04652025003503847,False,34.85253683945955,10.790297188795549,False
44,4.062310121831798,15.24308892827719,49.01791841536674,1.7168479405023047,18.81651462143254,1.716847940502304,1.7181290027861316,3.7468528287291143,13.218027835478704,OK,36,40.17851319695384,11.899943000597299,0.21623398885343625,0.07263012195760435,False,39.9622792081004,11.972573122554904,False
45,4.97170581872822,14.454645840785181,56.838862491784575,1.8707239692128308,19.923275472779352,1.8707239692128308,2.239845450504344,4.385651801772044,10.21210605444184,OK,37,44.40736572051343,12.567202947160547,0.2098399322208408,0.07802693600293371,False,44.197525788292594,12.64522988316348,False
46,3.8293601378849678,13.523886453138642,39.41819518987441,2.1300433476892175,15.153127672083354,2.1300433476892158,1.858011637092158,3.5970594643287317,14.825244400392856,OK,38,18.730444788534694,7.542728913509479,0.22868578339594198,0.04946290185743401,False,18.50175900513875,7.592191815366913,False
47,4.213953650914613,12.249653690048735,86.94387109212892,1.3664109887215878,19.370425404004827,1.3664109887215887,6.181887323903332,8.916860271420713,6.562943515592632,OK,39,31.83785900721548,6.1992290133625465,0.3533504228754166,0.09055555855710673,False,31.484508584340066,6.289784571919653,False
48,5.332116371566714,14.655209852991382,66.43182038791967,1.899423174510146,21.959759277749733,1.8994231745101484,2.786973470892665,5.2082891174595005,6.578052051490343,OK,40,48.18102301326549,11.90038212307982,0.1816655047990118,0.06860710967491034,False,47.999357508466474,11.968989232754732,False
50,3.0726072308866,12.291186217278314,75.09518860437511,1.2982316187559997,18.745360879508816,1.298231618756,5.675258345930441,8.255041675164428,9.725237845922354,OK,41,28.867708668075174,8.008465321855649,0.29374424933686505,0.09212184795183413,False,28.57396441873831,8.100587169807483,False
51,5.378278218640386,16.180510532703263,63.06785165856667,1.156445401248583,22.336817409945326,1.1564454012485827,1.7905771713450385,4.294767748297881,6.513911514466379,OK,42,53.029776778922994,12.704721521588272,0.3694521954217158,0.12589057467213385,False,52.66032458350128,12.830612096260406,False
52,4.200408527710692,12.814391894911092,79.27516478667712,3.036348334529129,22.404558623468326,3.0363483345291304,5.126460842813206,7.696291312625414,5.513500768910063,OK,43,32.56624590755184,6.55775465427638,0.13813781828032035,0.02913096688584934,False,32.42810808927152,6.586885621162229,False
53,4.555212293457064,16.10171378782295,63.799222764639474,2.149165496842347,23.878085077049626,2.149165496842348,2.210494439576788,4.6979108363227855,5.995803064899535,OK,44,49.228676400295214,10.857706423822433,0.1601841154427083,0.07193120786088913,False,49.0684922848525,10.929637631683322,False
54,4.220687689204742,16.593931229057922,68.9362280397743,2.3370328109022775,25.76538929528631,2.3370328109022784,2.5295262207990454,5.270031159594669,3.576260517437591,OK,45,47.34264675910796,7.497069998407592,0.2431930778672542,0.08561531824148028,False,47.0994536812407,7.582685316649072,False
55,3.6034022575506643,15.353006954798097,69.56694577250245,2.9515764261328234,25.017324466266963,2.951576426132825,3.4124663786280465,6.051762153125651,4.908996042039335,OK,46,40.12092695092558,7.047341563450643,0.24856779438957516,0.08088283376972887,False,39.87235915653601,7.128224397220372,False
56,4.389157019995502,12.00458704932398,80.53887205065907,4.069062421523565,22.833681889684733,4.069062421523568,5.400766056378831,7.813457232915274,5.345023813039861,OK,47,29.22120812426447,6.265683100532489,0.27609937389562533,0.08874180985937556,False,28.945108750368846,6.354424910391865,False
58,3.383033564700849,14.238109540625691,54.55619223587597,0.5867777134217682,17.29118464349169,0.5867777134217708,3.1106103995610788,5.372098852751845,13.764062557107808,OK,48,35.357877832530264,10.921638554706892,0.3791150000810924,0.06407969335388661,False,34.97876283244917,10.985718248060778,False
59,5.009648698590716,15.181634414170642,53.211405585601035,2.7832145485099478,21.372216378687042,2.7832145485099473,1.501648053833211,3.5011960322542137,9.840952892134448,OK,49,45.836251939656584,12.680096056335284,0.2300852959121058,0.08001220614233504,False,45.60616664374448,12.760108262477619,False
60,4.652986022140933,13.095147932096534,74.54349082017632,2.270819103584434,21.298582134625207,2.2708191035844303,4.477472889091832,6.984167710531359,6.610160836658079,OK,50,37.288423405539696,8.658873627452603,0.12449190135697277,0.08317462301875563,False,37.16393150418272,8.74204825047136,False
61,3.9509072489703154,16.52996250680618,58.02739514969184,1.440031745909474,22.156159416724257,1.4400317459094718,1.8792831664102074,4.302218808012288,8.897618880864288,OK,51,49.080733465452475,12.387594728292054,0.1909247395808376,0.09808048639345748,False,48.88980872587164,12.485675214685513,False
63,4.458857864021025,14.937086622669282,78.25971046052304,2.379775714466141,24.503002565050828,2.3797757144661444,4.038704186656819,6.90459978487819,2.9442131676187864,OK,52,42.0377782571226,5.8657418768936616,0.14375170713355473,0.06322627259926678,False,41.89402654998905,5.9289681494929285,False
64,4.527038655134405,16.249109407597288,73.21525759031042,3.297280255893232,27.377853001408063,3.2972802558932326,2.845277042253361,5.593775808069921,1.3863818022854941,OK,53,45.2559995038577,5.649949603746105,0.3058798010613447,0.08558299369589888,False,44.95011970279636,5.7355325974420035,False
65,4.363220423048057,15.708878371493922,60.23150464344001,1.1144756104176428,21.085799342449334,1.1144756104176474,2.280919517363408,4.726613714897157,8.938770034071691,OK,54,48.67765386500125,12.760256031915738,0.20791595038132968,0.07705776457050072,False,48.46973791461992,12.837313796486239,False
67,4.566652022475119,15.527783822490697,88.08125843688364,1.6485919938066222,24.754032386166905,1.6485919938066218,4.762589874269537,8.092897187516957,0.3511517411919266,OK,55,43.27243557960944,4.372191844238338,0.2708379232868331,0.09216135816427504,True,43.00159765632261,4.464353202402613,True
68,5.375415512399512,12.545954945779812,64.55771036791816,1.7787937474981248,18.64525887829366,1.7787937474981277,3.588173422446296,5.781568105582901,9.791983730529887,OK,56,38.833906541465254,11.345483321403949,0.49082315559519146,0.09403815884486147,False,38.34308338587006,11.43952148024881,False
69,4.042651263018183,12.259831462013757,88.55263539174496,2.1017415810687985,20.498745169445243,2.1017415810688003,6.3182359200223885,9.057534827052649,5.696464447675735,OK,57,30.67961132385832,5.47664085667357,0.34374294790244747,0.06643114035375447,False,30.335868375955872,5.543071997027324,False
70,3.0669141365369343,13.678687896393793,76.96822222629399,1.5980476974413131,21.346718702963138,1.5980476974413103,5.17885449241567,7.997350310952413,6.981111147948782,OK,58,32.8678622636577,7.093401954928717,0.11941423617990174,0.06037183530982932,False,32.7484480274778,7.153773790238546,False
71,3.2913517954443874,14.692631120669219,75.22434474794167,2.014646101060743,23.306167466788644,2.0146461010607446,4.419486223215305,7.28498310512548,5.352505072412051,OK,59,37.10149339396772,6.601054831983256,0.12586503897258913,0.0648435916949448,False,36.97562835499513,6.6658984236782,False
72,3.4121281767977476,14.901594021317129,71.37288921221241,4.101989340537488,26.389011494194172,4.101989340537488,3.755305723311128,6.331147207747758,3.9192165114071438,OK,60,36.08730353694331,5.806873729808252,0.3112092141701497,0.09473177211674985,False,35.77609432277316,5.901605501925001,False
73,2.743068159125036,14.435348422170776,57.679826258163246,0.7745715826644247,18.446977520981065,0.7745715826644224,3.574285229317482,5.970110651887987,12.864225708958065,OK,61,35.47140851897427,10.701122077161108,0.21875446940108445,0.057920876323301125,False,35.25265404957319,10.759042953484409,False
76,5.346388942417142,13.981871454011639,63.709341570412164,1.3226951167879508,19.755460558036276,1.3226951167879513,2.901523226563338,5.231908569103394,8.78421216280449,OK,62,46.120921880282566,12.640696900979611,0.23213085201858433,0.06868762091222826,False,45.88879102826398,12.70938452189184,False
77,4.5783204055979505,13.058121085832898,70.17218753227625,2.4076774955053675,20.997871421530007,2.4076774955053692,4.15536056072348,6.540546599461374,7.682072996751186,OK,63,37.35862681633132,9.680130163064668,0.14145157240061512,0.05401631859740198,False,37.21717524393071,9.73414648166207,False
78,3.7322319031927824,14.960040713155486,48.126717381462306,4.187729690399308,21.95245250591072,4.187729690399313,1.868256329358406,3.7035373270664405,11.691111302658552,OK,64,34.3438416696775,10.249036432207157,0.25519782122205825,0.08344524490388373,False,34.08864384845545,10.33248167711104,False
79,4.229077969427189,14.323915641199786,44.20758757312976,3.2517132769147072,18.83884918017793,3.251713276914704,1.5854475520287679,3.3523916311597173,13.58989448832315,OK,65,29.734770952866505,9.755173001966815,0.17076433210074712,0.04504503698491495,False,29.564006620765756,9.80021803895173,False
80,2.729430201794999,15.706946399807999,81.85905539052365,2.691725149424236,26.41614230934858,2.691725149424233,4.664241721455475,7.925764901286232,1.6949477113219888,OK,66,37.42386562746331,3.962970356116858,0.21684417768700237,0.0847849182775859,False,37.207021449776306,4.047755274394444,False
81,3.2876378606958676,12.521367176726518,48.6707835131039,2.5937772950378966,17.013409707710125,2.5937772950378974,3.452615487413645,5.342511436553135,15.342413679565121,OK,67,19.442101316054632,7.593694893487712,0.21728262277518381,0.03608406878589164,False,19.22481869327945,7.629778962273604,False
82,3.634120267549439,12.60131126060084,85.8946906954634,3.486259260214493,23.053542203425444,3.4862592602144944,5.974477803695724,8.681383062988807,4.497307834292989,OK,68,29.49334171307027,5.174471890498803,0.27102843703684565,0.057038605545818244,False,29.22231327603342,5.2315104960446215,False
83,2.896048454822348,15.998902637134176,83.4792414040457,1.7658959583131757,25.516015191441106,1.7658959583131768,4.724623317422644,8.158775815755352,1.6591142434765414,OK,69,39.355754150841406,4.027028212552413,0.2210284510490873,0.06808849941064773,False,39.13472569979232,4.09511671196306,False
85,3.249435499044043,12.517202688275946,82.77187696571966,2.3192557139360606,21.06572610844603,2.3192557139360575,6.025127911329886,8.744969273111078,6.650094930752219,OK,70,28.481818305187698,6.118333522862246,0.20423242139719172,0.05791289825602883,False,28.277585883790508,6.176246421118274,False
86,5.311536383570084,14.568869498683675,70.91752915417447,3.3666701307325884,24.703715287226437,3.366670130732586,3.111040125175151,5.537247412102504,3.8799404119193257,OK,71,44.44011353496274,8.262224862018714,0.184547190144352,0.13584678549898646,False,44.25556634481839,8.3980716475177,False
87,2.9362282371429087,16.150032665168453,78.98713926836714,1.3110245952968862,24.747836975647985,1.311024595296886,4.269901130876825,7.592821203678266,3.049094034749394,OK,72,40.492739506651525,4.845180323553564,0.25294108216533756,0.08213539317707653,False,40.23979842448619,4.927315716730641,False
88,3.226364086449712,13.788849580913995,45.05513236040892,3.300276750411185,18.5742158402223,3.3002767504111876,2.5729760159061215,4.392950255482695,15.010034841855479,OK,73,22.879585067796604,8.260293629267315,0.23918677979222186,0.04416127577417727,False,22.640398288004384,8.304454905041492,False
89,4.854979009567995,13.463625952540452,80.81052963849379,2.8941279388885204,23.250697572940133,2.894127938888521,4.712159699128918,7.369276801410129,3.8371116214408256,OK,74,37.773011865148234,6.00679304397593,0.1495284579763406,0.06550234950021179,False,37.623483407171896,6.072295393476141,False
91,3.6277651446393193,13.839727858859874,40.99066150722891,4.046037614749592,18.668844995436807,4.046037614749592,1.9274265060643074,3.61042501926082,13.30746790181357,OK,75,20.812161443153478,7.865665656303338,0.2542469807490506,0.05631673987585434,False,20.557914462404426,7.921982396179192,False
92,2.5041252176941433,15.931414636078486,43.19010093140879,4.006317064454279,21.325221374843814,4.006317064454281,1.8138540827274845,3.633087693961384,13.37303613534613,OK,76,30.247814884634895,9.344362804064756,0.40154782932501465,0.09173306427059895,False,29.84626705530988,9.436095868335356,False
93,5.227464434888743,16.56782001290652,69.8432804321326,3.8321400112558908,28.216903236575227,3.832140011255889,2.0553352084079357,4.571928980145028,0.940422691051358,OK,77,48.082954572703464,6.409089130460382,0.37777778251114996,0.1150227227129217,False,47.70517679019231,6.524111853173304,False
94,4.533464214382,13.219392918795872,59.300307132087,1.7757432945123688,18.69612268459663,1.7757432945123681,3.272231383987574,5.436938726376791,11.175039723260667,OK,78,36.90884027818512,11.09782892029602,0.1594607208346383,0.040339165003710854,False,36.74937955735048,11.138168085299732,False
95,5.170353127962307,15.277736399560844,60.635155251185736,0.6454544715035206,19.90693642006522,0.6454544715035214,2.151788496539133,4.567038952844637,9.075182223536457,OK,79,50.09491638858732,13.34840387477798,0.3029284180178733,0.09743074769546313,False,49.79198797056945,13.445834622473443,False
96,4.295822605352342,12.625342060824476,37.53384674486541,1.0927714824941441,12.371899942951835,1.092771482494144,1.7799546104651647,3.505395223608158,15.480021760749134,OK,80,15.123845610713845,6.829829524156201,0.15604016869277368,0.04284238477662305,False,14.96780544202107,6.8726719089328245,False
97,3.247285686000362,12.680959324094516,35.74360631705558,3.170614638685182,14.951874109337044,3.1706146386851826,2.346719279793529,3.985599315313735,14.559310152735355,OK,81,11.724996700030678,6.111305275472284,0.21422739851007838,0.05289590432670791,False,11.5107693015206,6.164201179798992,False
98,3.9198234642411274,12.780968063108663,83.96272039133206,2.6888107538537342,22.060332870877012,2.6888107538537316,5.69475481274225,8.411365753458604,5.156174330050437,OK,82,31.59944401999092,5.6963443932157,0.19007564827329934,0.041316862633006816,False,31.40936837171762,5.737661255848707,False
99,3.0899741445449016,12.90442829124721,85.61066005463044,2.7913947878002134,22.451535442212666,2.791394787800212,6.123401692675305,8.960341752715024,5.130994770682944,OK,83,29.034229710987482,5.207805568117122,0.25592440221508056,0.05295823487364389,False,28.778305308772403,5.260763802990765,False
100,3.6908176896956393,13.287923726006996,60.495377337635894,1.5922156294016494,18.717373271182574,1.5922156294016485,3.782822444629197,6.0458969176685375,11.606079154491384,OK,84,34.349377711262065,10.4275828550556,0.15983228449883963,0.036533558410699,False,34.189545426763225,10.4641164134663,False
101,4.333686917242678,12.308253060152815,69.66392283512914,0.5549887393631981,17.15910525846519,0.5549887393632019,4.714513309810453,7.140471602754179,10.7434840750989,OK,85,35.46849072317429,10.464614705718017,0.38069169892952975,0.1164608946529808,False,35.08779902424476,10.581075600370998,False
102,3.812946731630727,12.933644866019986,41.36594620251987,4.460613676512262,18.49783066863136,4.4606136765122635,2.26199678351637,3.913325153510824,13.395978438281256,OK,86,16.95571890940216,7.086094135077829,0.24437307612966563,0.051799538691473336,False,16.711345833272496,7.137893673769303,False
103,3.5647660029573185,12.560120251190744,75.72273538439431,3.6162574874507065,22.64895165724706,3.616257487450703,5.174118455154716,7.636025852919824,6.573722601106612,OK,87,28.73908355935966,6.8519196790575965,0.193163960798643,0.09089749874317843,False,28.545919598561017,6.942817177800775,False
104,3.110588384465264,12.511885927005743,70.96810367147478,4.025407827594021,22.74728670341465,4.025407827594021,5.006496184519708,7.352741847001649,7.721099540351765,OK,88,26.553227200306345,7.170167896569266,0.19598254984846628,0.13432780863853933,False,26.35724465045788,7.304495705207805,False
105,4.887978793928998,12.042531745688636,61.887605721907065,2.5984874983316075,18.810935452888764,2.5984874983316057,3.7913321289837896,5.857966509673872,10.677797973357892,OK,89,32.01799470887887,9.943908090411364,0.488522880646075,0.11044648726042502,False,31.52947182823279,10.05435457767179,False
106,4.897790467510989,13.976535743858616,82.53983645670368,1.1417201032945763,21.460052212335228,1.1417201032945747,4.807914946860258,7.712032038565587,4.366013361189655,OK,90,41.62806007681375,6.7384953122843205,0.19634771838069712,0.09972706754361232,False,41.43171235843305,6.838222379827933,False
107,2.972869635916168,12.677691940585785,53.9124107336702,1.6523663906815917,16.868807106107255,1.6523663906815924,3.9834637826938675,6.0691039412113135,14.765815203794244,OK,91,23.71162616083672,8.426555982987656,0.35722946461035016,0.05318992965069203,False,23.35439669622637,8.479745912638348,False
108,3.8441721174384678,15.952690171617206,51.912593502079766,1.1769914733434397,19.569401566768448,1.1769914733434406,1.7594019009889976,3.9679382124481357,12.232513904341795,OK,92,45.01534721345696,12.682559149202993,0.16451049219277045,0.06660184289594959,False,44.850836721264194,12.749160992098941,False
109,3.905535807303985,13.908830586748632,47.86651942085624,1.7998304458706293,17.185907090398537,1.7998304458706287,2.3713120116282838,4.31893216851824,14.711238510044295,OK,93,29.35732677517957,9.727432005191933,0.3272470760669935,0.05956404323373954,False,29.030079699112576,9.786996048425673,False
111,3.80937438952185,14.326031131808673,85.78348751103242,0.7994649245479089,21.590401441260397,0.7994649245479091,5.463864185088667,8.629965104487244,4.2306238266732885,OK,94,38.23007636951099,5.2538080396028795,0.23457839438627176,0.06499897772840546,False,37.99549797512472,5.3188070173312845,False
113,4.718141766909196,13.601073031825536,57.85955440935159,1.614496149896664,18.67938449595001,1.6144961498966615,2.885987656516072,5.041279991508382,11.21200392481583,OK,95,39.27291006695845,11.652149378321727,0.1774454215709186,0.05051733167641463,False,39.09546464538754,11.702666709998143,False
117,2.8788518811423547,13.840040328310225,70.26682118603607,3.4044918696346387,23.626641520870123,3.404491869634638,4.48406975327504,7.012728120422013,6.872135975942702,OK,96,30.81702192186746,7.12789423331123,0.24317063320751622,0.07122437034555494,False,30.573851288659945,7.199118603656785,False
118,5.032881763207567,14.54960831574461,47.1981408202589,4.454271796930165,21.654609186775275,4.454271796930165,1.1907263774870351,2.910216899967514,10.838725252596909,OK,97,37.446295698031896,11.139282144307685,0.40397045726612796,0.0998603683250565,False,37.04232524076577,11.239142512632743,False
119,3.096593903085999,15.2724436357005,81.13099755969637,4.164898078313576,28.010132190226457,4.164898078313576,4.494050312610561,7.494942441228712,0.7590434274252251,OK,98,36.62092206929469,3.9136339377708986,0.27509075893943613,0.12304938619638232,False,36.34583131035526,4.036683323967281,False
120,3.7005557729795373,13.043959859339678,54.48887914773941,0.8787704495081738,16.28435628219774,0.8787704495081762,3.4864664547496638,5.623241815485253,14.334011041897288,OK,99,28.923166749493596,9.60933729211614,0.4168267371947722,0.07162398048292015,False,28.506340012298825,9.68096127259906,False
121,3.613723605042847,12.55099284339327,49.93388567074996,0.5328263971023111,14.316108532511176,0.5328263971023125,3.4423023193450533,5.465699797495109,16.503957208567297,OK,100,21.548201042366188,8.118423769445979,0.5106876852274735,0.10116719453891318,False,21.037513357138714,8.219590963984892,False
123,5.4945102325443615,12.253396568607563,54.025232872197435,1.7465909717757218,16.526730289390827,1.7465909717757222,2.7516319801705507,4.689464235615407,12.823671550146745,OK,101,30.194420437289146,9.927809184415581,0.4423140876164792,0.11306499378181634,False,29.752106349672665,10.040874178197397,False
124,4.662947196017603,13.411268467319559,45.94121822509296,3.9508371632046146,19.355450582265966,3.9508371632046204,1.8797382800585822,3.6033260339357014,12.935760289253443,OK,102,26.815210918085416,9.114530568900772,0.2841896543298758,0.07841486627373569,False,26.53102126375554,9.192945435174508,False
125,4.564314048405797,14.74683186953648,63.83145093522769,3.023085577039001,23.36241358718776,3.0230855770390015,2.806589477044721,5.112155973707068,6.762000146916088,OK,103,43.59366841315171,10.51649127515691,0.17170011886987013,0.11888270077276143,False,43.42196829428184,10.635373975929673,False
126,4.61605553579628,13.149105600493687,38.33779464177231,2.366726118109313,14.871986416152968,2.366726118109312,1.327109332004106,2.999415053065974,13.791709277814746,OK,104,18.489041800210885,7.507920369997782,0.14006474106315384,0.05637311906763653,False,18.34897705914773,7.5642934890654185,False
127,4.420108126055904,16.754744369224674,71.1442906965984,1.4335660950609999,24.941153056183303,1.4335660950610016,2.637053471255925,5.56431944346966,3.376964024809104,OK,105,49.453203798896915,8.080715489579818,0.2172609629218054,0.13107119257122135,False,49.23594283597511,8.21178668215104,False
128,3.408890002306049,12.985179281297114,45.99058584304165,1.3031601574094562,15.044641906253805,1.303160157409457,3.0125169951535398,4.9330310169926594,16.89638856345893,OK,106,19.973179177001068,7.783752695629732,0.3940654617000344,0.07178886754369254,False,19.579113715301034,7.855541563173425,False
129,2.932564520787798,14.039861287626948,65.30199443233047,4.17444730964474,24.38879652463394,4.174447309644738,3.943293575445317,6.276970589235409,7.279198536292267,OK,107,30.571254193956698,7.484196682281449,0.29832932958013164,0.09860636094636925,False,30.272924864376566,7.582803043227818,False
130,5.360518884864211,12.317830337973577,44.06004047726579,2.8776813168440714,16.20729145406351,2.877681316844069,1.798859747407029,3.4956218327586814,14.094589801841773,OK,108,20.7916072544215,7.973461596854369,0.3907494878992366,0.11021594999588898,False,20.400857766522265,8.083677546850257,False
131,3.3622130350505515,16.20142695313185,87.90510778641286,0.8079087238853087,24.49398714786311,0.8079087238853089,5.021360516208368,8.681640464345517,0.9537917134969881,OK,109,41.74164154974374,4.049385915270857,0.23684340553941516,0.06965147273822792,False,41.50479814420432,4.119037388009085,False
132,3.169958546303649,15.002389605145261,55.15515726597019,2.275390228528365,20.84261061852211,2.2753902285283676,2.780161861667569,4.991318329226983,11.402693995362998,OK,110,37.84807084717828,10.898254997680178,0.06837370729447358,0.0395052396704432,False,37.7796971398838,10.937760237350622,False
133,3.542769432200268,12.533501895356245,76.15539844681186,4.313704359783273,23.704926398263808,4.313704359783271,5.167504653768365,7.596280012878976,5.825599119291442,OK,111,27.90739671550178,6.469781759285889,0.27200494315952267,0.11837836133929905,False,27.635391772342256,6.588160120625187,False
135,5.3278475924402375,16.598629687803232,66.76162055543188,0.7081151413925272,22.90915830738625,0.7081151413925277,1.9807215834139527,4.714273009626737,5.165266456956832,OK,112,53.964546796855394,11.875644747937825,0.37772178201858003,0.1737925566823188,True,53.58682501483681,12.049437304620144,True
136,4.050404827522617,15.401436049369899,65.16186115842166,0.8294334200332673,21.16942495107149,0.829433420033264,3.014269395121339,5.6565221587273005,8.100902358833169,OK,113,47.0716381771821,11.924380338489597,0.14668155640743452,0.052539905832285266,False,46.924956620774665,11.976920244321882,False
137,3.679919292511267,12.435124699387401,59.13330100885946,1.28714314594118,16.961654964099353,1.2871431459411804,4.110726805472137,6.289313447309549,13.204702433270109,OK,114,28.66262637390323,9.423802585721543,0.26728988816157623,0.05573452225965874,False,28.39533648574165,9.479537107981201,False
138,4.915622215601702,12.481414301503154,39.703195804010726,2.0272771258650115,14.117756576484457,2.0272771258650137,1.5883446991265942,3.2776188857315685,14.450907594180478,OK,115,17.16954278231411,7.243098332369265,0.18646388385607734,0.06391687665270016,False,16.983078898458032,7.307015209021966,False
139,4.0074831860655395,12.870399424987584,79.77916516042802,1.1349016167120332,19.670549024206608,1.1349016167120347,5.4126088241060835,8.135746576478077,7.319843852195986,OK,116,34.316505034674364,7.771606809710755,0.15645524536941868,0.0741605990945535,False,34.16004978930494,7.845767408805308,False
140,3.7249273478137797,15.135149436466182,76.02390865890278,1.525908198229641,23.293366268727432,1.5259081982296363,4.143411191329882,7.101396091671045,4.6491632816733794,OK,117,41.106047430058794,6.770175071507753,0.1239137729854411,0.06621911750173048,False,40.982133657073355,6.836394189009483,False
141,3.1869524611520244,14.831967111386405,79.92884253580903,3.2262625725353353,25.777051337338747,3.226262572535335,4.669367468754476,7.6283272334582115,2.718085671560892,OK,118,35.87477626304483,4.581212548206881,0.15457755994973016,0.05740440772322076,False,35.7201987030951,4.638616955930101,False
142,5.325596805099904,13.39652700199602,69.3455420396619,1.8111558012071336,20.482268357351757,1.811155801207132,3.631980226694676,6.024874098882208,7.466964211174618,OK,119,43.38755743147566,11.318631304377414,0.21429692988719032,0.06298515200983898,False,43.17326050158847,11.381616456387253,False
143,3.1411981262496345,12.989140947335876,80.38308071184125,2.5648692680910394,22.01899239859462,2.564869268091039,5.641925914387162,8.377043317897503,6.233405217673336,OK,120,29.52920760950897,6.152554780080024,0.18847537025277725,0.05434301249923573,False,29.34073223925619,6.20689779257926,False
144,3.4761282695382842,13.918371376155166,71.23575144387812,3.8521162967295317,24.54347731647335,3.8521162967295353,4.215588383552156,6.700251022877914,5.580554082228376,OK,121,33.10406599514676,6.899537183100827,0.26619647303297844,0.08373997005947115,False,32.837869522113785,6.983277153160299,False
145,4.419647202670662,13.893289755883796,42.311076655687486,3.1622357913605463,17.772221995451638,3.1622357913605446,1.4955124933000619,3.2138801602243614,13.464354900224627,OK,122,25.595713337325915,8.936878952121067,0.18106872913445424,0.06091886597772823,False,25.41464460819146,8.997797818098794,False
146,3.8483278639522425,13.370728547854192,85.29366150139597,1.0531722029284416,20.530313608648918,1.0531722029284427,5.774829233033227,8.727070224375527,5.605374602011067,OK,123,34.86386546720091,5.913844861273204,0.22189933075828677,0.07816178948605973,False,34.641966136442626,5.992006650759263,False
147,4.112652590199614,15.791060401121126,87.5432511177867,1.8902585581845404,25.524542586242013,1.8902585581845437,4.737112473173507,8.130267574754697,0.08169381819149504,OK,124,42.480114046451135,4.135131877387436,0.2595458801076706,0.08791984915502667,True,42.22056816634346,4.2230517265424625,True
149,3.0512071187820817,15.88150235114799,82.24451128745523,2.0749558295953765,25.748346273323214,2.074955829595375,4.564001871797625,7.887223640174879,1.7292204423812667,OK,125,39.41663862614743,4.151957639032606,0.18030861820480346,0.0601198004732826,False,39.23633000794263,4.212077439505888,False
150,3.712698515173786,14.510713959328925,57.199045760043106,1.199898484906065,19.07198552989574,1.1998984849060663,2.956916792185403,5.2494586913938015,11.737413549450006,OK,126,39.91645512776971,11.674393437004118,0.19892940917312904,0.04959755488037184,False,39.717525718596576,11.72399099188449,False
152,4.671776482616148,14.110597875409624,51.53365937261063,1.5665371876227674,17.91930254417894,1.566537187622766,2.1334378934670717,4.1586800563791915,12.840342523022137,OK,127,37.77251091822781,11.486021519837255,0.2806946589549307,0.07697219486247296,False,37.49181625927288,11.562993714699727,False
153,2.8249914286788265,12.086022349440194,52.592046230265524,3.6896715581560913,18.91381309008343,3.6896715581560895,4.147913817134089,6.06539135576282,13.917052448843627,OK,128,18.980316778971122,7.30520209406288,0.33245985179552273,0.06775822005586997,False,18.6478569271756,7.37296031411875,False
154,3.9145316963326238,14.899571126090953,54.30356019598554,2.0923730274605443,20.252696337108382,2.0923730274605443,2.374673948896053,4.519425997109993,11.34620149158246,OK,129,40.82416704186096,11.779282389070152,0.1577715464623932,0.06027696129420125,False,40.66639549539857,11.839559350364354,False
155,5.04357362156245,12.364475490522544,62.071680749346214,3.500335940292819,20.59890394423624,3.5003359402928234,3.5249196835415937,5.5530796031465055,9.271729332521904,OK,130,33.77723530024579,10.029403652358322,0.44969007873945815,0.08428810307085619,False,33.327545221506334,10.113691755429178,False
156,3.834368698749487,13.382307523387267,36.24637766080067,1.4518967075548546,13.202750607807435,1.4518967075548554,1.6267892209236088,3.3425551718660866,14.98126183922142,OK,131,16.158267959633097,7.033103606565328,0.1956783787746535,0.038557767184237174,False,15.962589580858443,7.071661373749565,False
157,2.980664201681224,14.973676092341238,38.4539857331977,2.2345004085989393,16.356913419426014,2.234500408598941,1.6865989636714112,3.4653754448955834,14.557291943612395,OK,132,23.136961766951842,8.41662660266089,0.522996937689271,0.09145347801590398,False,22.61396482926257,8.508080080676793,False
158,3.6489524104483433,13.74439935083543,72.07824522550848,1.9111798977184646,21.443113809712436,1.9111798977184637,4.460240381537361,7.079101834481854,7.417708442372224,OK,133,36.188655264142184,8.646476708431965,0.1611507110022045,0.07274991836339158,False,36.02750455313998,8.719226626795358,False
159,3.5142796801292717,15.78515612883136,66.35390962457109,2.651941029363455,24.668058098071107,2.6519410293634555,3.0132061495710616,5.610142480289353,5.785253558147017,OK,134,42.019429697528984,8.078411895571325,0.24982890442999878,0.07531919109436921,False,41.76960079309899,8.153731086665694,False
160,5.175264829168199,14.861367584310113,62.57719213417942,3.5947946726964504,24.168408252824385,3.59479467269645,2.31622350817576,4.495606528489713,5.969798767262709,OK,135,45.775531950553315,10.7705732609243,0.14926628387890628,0.1278672628261618,False,45.626265666674406,10.89844052375046,False
161,3.1351123537951326,12.706068626469396,39.97719349788608,3.136642794880545,15.99845852391434,3.136642794880545,2.7863542954497866,4.496645225720183,15.315256258146373,OK,136,13.72193657032999,6.486471728485906,0.20617798761033163,0.04038864476689937,False,13.51575858271966,6.526860373252806,False
162,5.0048116438717445,16.060795194963895,78.57107632373975,1.8585412521736429,25.422481216478367,1.858541252173641,3.3685009558004495,6.400666093310592,1.2466756442680968,OK,137,47.159497970217195,6.043192871408353,0.20283583888668835,0.05178186715002167,False,46.95666213133051,6.094974738558375,False
163,4.763393712452624,15.642155177917488,57.70191919627965,0.6060746763354539,19.710636820321334,0.6060746763354528,1.9300886018647994,4.305961535824171,10.090661541836107,OK,138,49.4453658466743,13.352059915780604,0.29536110408686556,0.09638179440217404,False,49.150004742587434,13.448441710182777,False
164,3.429210194942436,15.037253429222131,64.98239850892875,2.7851124649912666,23.595774398666492,2.7851124649912666,3.3084563224176904,5.784829531567592,7.148187156964749,OK,139,39.12329329173836,8.946357731206016,0.24032020109055857,0.09033219449925753,False,38.882973090647795,9.036689925705273,False
165,4.572471862286703,13.502588242428375,50.438967303072644,2.90331380391003,18.947973927774953,2.903313803910032,2.3253566534753425,4.2103918071004784,12.53298388084022,OK,140,31.759863289366542,10.154060007123896,0.20123302449325198,0.041440321944351405,False,31.55863026487329,10.195500329068247,False
166,5.488401003774298,12.674831347465187,66.13620898900264,4.059657122245932,22.440860959860196,4.05965712224593,3.457462673133893,5.536054436557256,6.915060643489994,OK,141,37.1409371787443,9.837169707072349,0.4036674062914223,0.08835246308153774,False,36.737269772452876,9.925522170153886,False
167,2.7033180647354893,16.12459665189394,75.26159344415134,3.1183006961079975,27.154981045933695,3.118300696107997,3.847673560442903,6.873594400795572,2.4616371962293204,OK,142,38.22053296533228,4.450480664138099,0.2817383247920261,0.11585581743664303,False,37.93879464054026,4.566336481574742,False
168,4.617663780627387,14.882699367653576,80.87698316250479,2.0440529710577944,24.095315794035216,2.0440529710577935,4.27369626115965,7.229842637952526,2.6004150310554857,OK,143,42.42337047724227,5.577786723390667,0.1549286837726506,0.06351806870533054,False,42.26844179346962,5.6413047920959976,False
171,2.944813745562886,12.375829628462542,66.1911351028381,1.0368222072962987,17.544691340796,1.036822207296298,5.04798961635003,7.447735837450649,12.153710660316316,OK,144,28.970023886227764,9.068154439227008,0.3413113587871001,0.08351983310129,False,28.628712527440666,9.151674272328298,False
172,5.352200574967162,13.351363077969667,61.267341122785766,4.021727595257303,22.559226660989786,4.021727595257305,2.814624562896878,4.82896012282799,7.594882657093121,OK,145,39.52451379165305,10.779283691771615,0.29563697870198613,0.07868615621003569,False,39.228876812951064,10.857969847981652,False
173,5.119072193144133,13.054775745482935,86.44879836305053,1.2328279833839713,20.356891077697092,1.2328279833839728,5.451147585478029,8.262568337595042,4.8272461861602265,OK,146,38.62075167031714,6.194897885017834,0.3592922783566713,0.14661467138082226,False,38.26145939196047,6.341512556398657,False
174,2.5334883191527116,16.761259620650673,54.97113071899736,2.401832612379824,23.162585904718135,2.4018326123798204,2.2070892735170062,4.547799125797626,10.160966777579604,OK,147,41.09204144226514,10.168675343925269,0.4017164091891665,0.14782714562656077,False,40.69032503307598,10.31650248955183,False
175,3.022840091783104,14.80102583173842,72.18669811899639,2.606937736499976,24.03392772591861,2.6069377364999813,4.176052562416409,6.928289908881785,5.662851282247347,OK,148,35.74717845267714,6.682577209372041,0.2201459226695053,0.06352567661376413,False,35.52703253000764,6.746102885985805,False
176,4.2516354397695455,15.093548946315138,77.32177978332342,1.5959596617173175,23.458537385020485,1.59595966171732,4.048391967181772,6.991619011596908,3.9025363475294284,OK,149,42.899129800781715,6.694200597190542,0.12142740218998412,0.06670099012505595,False,42.77770239859173,6.7609015873155975,False
177,2.8561652595031166,12.437799809731056,74.08052533250873,1.6857435803342333,19.4413771139579,1.6857435803342347,5.5930261506005685,8.162340662553813,9.543402220169522,OK,150,28.1182442008025,7.783785575781996,0.2697503477886552,0.09144519850738649,False,27.848493853013846,7.875230774289383,False
178,3.7842264046297043,14.311163501937104,69.95265819918717,2.453593451479147,22.814402178931253,2.453593451479146,3.912405406157184,6.481196328202373,6.596049784954083,OK,151,38.325315562099966,8.586094395463176,0.21166362691381785,0.10377329989977326,False,38.11365193518615,8.689867695362949,False
179,3.5111459097974143,14.73686483738862,81.19180537806048,3.0259097264446027,25.404076012414045,3.0259097264446027,4.716323156695957,7.686050705325604,2.536406710992908,OK,152,36.95259994997274,4.593753386106119,0.12874703906479393,0.048798156767223655,False,36.82385291090795,4.642551542873343,False
180,2.9847542750849523,14.72679134864017,45.470816105629495,0.6399620914542692,15.763845303950244,0.6399620914542701,2.426055200809458,4.475935823842052,16.94328610928143,OK,153,28.548882451614872,9.576533300884035,0.5116691058040621,0.08993129768069676,False,28.03721334581081,9.666464598564732,False
181,3.5050310522571806,14.78304659734395,71.8605859584793,1.3365298715978726,22.039215715806527,1.3365298715978702,4.070451360416957,6.871658496475341,6.706801857138534,OK,154,40.24637143509572,8.722542091251539,0.15699464041561936,0.07435130972872117,False,40.0893767946801,8.79689340098026,False
182,2.545434460096467,14.497433308883883,65.89916115442645,1.6966161080397273,21.35547974576228,1.6966161080397273,4.149522379116696,6.762618193855346,9.300134466255006,OK,155,34.66970883256474,9.056253814607434,0.18423792629518085,0.048954615528599914,False,34.485470906269555,9.105208430136035,False
183,4.319788088642536,14.137121979636188,63.301766014089395,3.528165216749843,23.20979632281353,3.5281652167498425,3.1411216439761134,5.3643383317640865,7.3611335395945625,OK,156,39.05531105649511,9.904645608031434,0.19478938607144872,0.11941097708306604,False,38.86052167042366,10.024056585114499,False
184,3.7900174852698676,13.31103488250721,55.45218320254196,3.187322593087814,20.190727888722755,3.187322593087818,3.2413605297926438,5.261319504642106,11.535006148583596,OK,157,30.843984119960318,9.656859086181132,0.17136487763937147,0.03798255705306237,False,30.67261924232095,9.694841643234195,False
185,4.239236519911152,15.404466509291836,61.42527978043992,3.0030055319474527,23.77825232836188,3.003005531947451,2.4520852309891126,4.750903878807147,7.071915833993755,OK,158,44.496902157138976,10.582164350170709,0.15638462389577942,0.09406206356916909,False,44.340517533243194,10.676226413739878,False
186,3.75638068610939,14.46720933530143,61.15942147231742,4.311831778093493,24.47263887356879,4.311831778093495,3.03990558467223,5.202043424822028,7.318188918464077,OK,159,35.77817750165465,8.81309037884074,0.25898841697630304,0.1242217363426784,False,35.51918908467835,8.937312115183419,False
187,5.337662212657993,14.179722871647948,60.94275599590243,2.411922238508885,21.170482888183095,2.4119222385088817,2.499805714586781,4.67740656478847,8.352088115371957,OK,160,45.49097609207358,12.374772068101787,0.1946115086960675,0.0639300774229348,False,45.29636458337751,12.438702145524722,False
188,2.9146458758735276,12.396688401572098,60.06233015796014,4.131810435620881,21.271644856027535,4.131810435620881,4.4032219605614635,6.476474707495511,10.89860648383586,OK,161,23.82726503540761,7.783437473896892,0.3096932857055925,0.10084421541250968,False,23.517571749702018,7.884281689309401,False
189,3.873163655446307,12.841135915286808,47.31758681886397,0.6773355670718145,14.28584843446244,0.6773355670718143,2.9218471291787793,4.883437540284891,16.696135037642126,OK,162,21.86015265612215,8.200364887968508,0.43549141247201834,0.09161445189099487,False,21.42466124365013,8.291979339859504,False
190,4.7877063872832775,14.84967412519385,77.01524514207335,2.9826844868442803,25.193358716089953,2.9826844868442812,3.770663177108929,6.501882757580521,2.545990391550948,OK,163,42.52843316790494,5.950435490254472,0.1813965658452592,0.0760301199017104,False,42.34703660205968,6.026465610156182,False
191,4.342224663945233,12.126318973794184,72.7073701886018,3.493069385408148,21.56717884386257,3.493069385408147,4.796992214493965,7.089970601929368,7.4506390721292535,OK,164,30.364620904607662,7.951441166852725,0.2404432026683295,0.07389241901392704,False,30.12417770193933,8.025333585866653,False
193,5.019697002530994,15.359483944527819,56.38215661889241,1.7624767981813392,20.790558718915193,1.762476798181339,1.7424078311922244,3.9318841780871665,9.519437228960724,OK,165,48.38131529768962,13.102717852689056,0.26805766538886894,0.09553989479164668,False,48.11325763230075,13.198257747480703,False
194,5.025398074729003,13.912447496453252,86.68760562552018,1.2931250804893295,21.734164804950886,1.293125080489328,5.163764840555551,8.136818404285687,3.3827339424216976,OK,166,41.011100598028875,5.478647242838415,0.2685602077645547,0.08581629480418919,False,40.742540390264324,5.564463537642604,False
195,5.43773426678205,15.142928593394812,78.28093970190135,1.7495980189350842,23.848150198218853,1.749598018935082,3.59805852821502,6.461586732407815,2.557961795885468,OK,167,47.13325147214106,7.158193589634611,0.1498610929816946,0.06035108554046942,False,46.98339037915937,7.218544675175081,False
196,4.819937721922129,13.589740381260931,44.251490970778896,0.7606569679691559,14.46842176978448,0.7606569679691564,1.6526403282242654,3.5354466756582976,15.766850197422938,OK,168,27.95408528147612,9.519131100916217,0.2710401912134635,0.0743440243042523,False,27.68304509026266,9.59347512522047,False
197,3.213111466296559,12.360640380543655,89.84844440728891,4.304615403692149,23.983189872725433,4.304615403692148,6.502590035494084,9.242080623671047,3.7151518032043915,OK,169,27.246973147800755,4.657480153434651,0.43701166087115256,0.09028671768177828,False,26.809961486929602,4.747766871116429,False
198,3.6873569942587405,14.436908420941696,39.38603988303971,2.210055337665624,16.10142896931356,2.210055337665625,1.5079420280314437,3.265573884007715,14.292353041134511,OK,170,23.52589483678149,8.528655005691629,0.34568999552042845,0.06595440583000697,False,23.180204841261062,8.594609411521636,False
199,3.4925529561619246,15.904071780337862,85.19483399734281,1.1684823627308203,24.52186048771859,1.1684823627308183,4.7801765805693215,8.24291242107164,1.601220696822639,OK,171,41.38577503395345,4.307706850974632,0.17825372850299342,0.05067553337047729,False,41.207521305450456,4.358382384345109,False
200,5.420146193941906,13.074296584158109,75.57924101341592,3.6120870990578875,23.386887567582754,3.6120870990578857,4.122465138801715,6.502474610555565,4.49324476770688,OK,172,38.23858258838378,7.477828876458502,0.1488322040512556,0.10456083245881179,False,38.089750384332525,7.582389708917313,False
201,5.391081419298242,15.029509215330101,48.44149070591156,0.8418754820913934,17.147499816156845,0.8418754820913935,1.0036984277735748,3.0093091425167575,13.158413980821141,OK,173,44.36760489629242,12.835469827870027,0.40103301842652694,0.10703122821865481,False,43.966571877865896,12.942501056088682,False
202,3.33854887782545,14.706601660995375,63.005564688134115,1.6178583153253778,21.043563781434536,1.617858315325375,3.4606873045463793,5.945219029905445,9.452414512006982,OK,174,40.011794556986096,10.777789810911232,0.1317448287091527,0.042734353730307234,False,39.880049728276944,10.820524164641538,False
203,3.5286684455244184,16.344504616585258,46.53133453947762,3.7740714003829523,22.418474749330393,3.7740714003829505,1.19741265426266,3.059637630212908,11.869097682404403,OK,175,40.27317747549638,11.205212937428255,0.3154258005862668,0.08996632276266926,False,39.957751674910114,11.295179260190924,False
204,3.483368535768091,12.34191698287624,39.13789110481231,4.4755692193495,17.407289690134974,4.475569219349497,2.597721074526696,4.222009894995777,13.827636807843675,OK,176,12.64467881619467,6.249415862723297,0.20709578694301842,0.04378924329061324,False,12.437583029251652,6.29320510601391,False
205,4.63541346637987,12.49346852718787,83.38049877147019,2.9260004341768378,21.96580864035773,2.926000434176839,5.435879371455979,8.025413496514329,4.9858082850143,OK,177,33.01000933405,6.0042890115437695,0.231172339366674,0.06287063578279693,False,32.778836994683324,6.067159647326567,False
206,4.489566917192783,12.666980471794727,65.56443893117535,0.9357661018835963,17.7040674056556,0.9357661018835969,4.115867485510119,6.451084159418745,10.865695598499647,OK,178,36.74817316666271,10.924285041186094,0.2645232250899571,0.07727917177252328,False,36.48364994157275,11.001564212958618,False
208,5.081650287414458,12.615783491147841,51.84772548148777,0.9205136674683216,15.332476323748953,0.9205136674683218,2.668162039117796,4.6509362787724875,14.21999415047289,OK,179,29.144906151228177,9.742955753962027,0.36488094227402085,0.09620194390007847,False,28.780025208954157,9.839157697862106,False
209,4.0641677712386475,12.89521146261392,57.26543974943925,2.948858161783258,19.66320449857436,2.948858161783259,3.4427523297353666,5.483170445722923,11.389629270933948,OK,180,30.91064699284268,9.711485850629334,0.21286622817768794,0.044173743846515234,False,30.69778076466499,9.75565959447585,False
211,2.977006680519479,13.58344574422633,47.031831565606375,3.2463588468257325,18.7600197326474,3.2463588468257347,2.976950630493352,4.850440144894728,14.768989636278317,OK,181,22.609329947864843,8.157808444170966,0.22304580551553496,0.04095778117333876,False,22.386284142349307,8.198766225344304,False
213,2.778924531237144,16.696375341314464,68.1635349277123,2.9096611031994275,26.678072341717304,2.9096611031994244,2.9916894165029255,5.7925351772202625,4.204069175786608,OK,182,40.48344535154414,5.592872163985598,0.41456242647682934,0.15908325690660952,False,40.068882925067314,5.751955420892208,False
215,3.450896950348414,14.473707752649968,43.073270691574436,1.9024342957924665,16.70762576978438,1.9024342957924625,1.9910365774190844,3.8598740938108147,15.373136940001944,OK,183,26.388818322430595,9.108703752571866,0.3934755702297764,0.07004824634441623,False,25.99534275220082,9.178751998916283,False
216,3.1307809730434846,13.426424475653253,87.15160092471211,0.9197256048168034,20.456828343119113,0.9197256048168019,6.242901713995362,9.312362893424986,5.803593969201946,OK,184,32.248688041467354,5.340560005782057,0.2346975986832245,0.06699388209607567,False,32.01399044278413,5.407553887878132,False
217,4.360876313653057,12.346921080459925,77.25381060522702,1.881818633121067,19.853805078962104,1.8818186331210685,5.193591288376055,7.712129598333883,7.671400307074676,OK,185,33.15569752808558,8.176906563232556,0.1955757055056837,0.06164973669306559,False,32.9601218225799,8.238556299925621,False
218,2.7966266367212635,14.38530482717266,54.80401175446178,3.068405358527734,21.195888595157193,3.0684053585277318,3.213705091156431,5.3448540964786115,11.678632278607274,OK,186,31.582418429721635,9.481659120392377,0.14043146960472272,0.057101648010031876,False,31.44198696011691,9.53876076840241,False
219,3.4578297683594537,12.348100342291623,83.90156779212725,3.567931361429245,22.7363663755771,3.567931361429241,5.9753780923871,8.608428047650367,5.320238104674853,OK,187,27.7918707088126,5.60649504885325,0.2897730354734155,0.07392612483856748,False,27.502097673339183,5.680421173691817,False
220,4.0090061565074695,15.090033211458898,40.740987858974016,2.3628707684078174,17.327620197122634,2.3628707684078214,1.0728322511925583,2.846203375376934,13.57677741155712,OK,188,30.88879448148892,10.061081351977116,0.2808732010821985,0.06360832258710648,False,30.60792128040672,10.124689674564221,False
221,3.826924443043004,12.924904386968771,69.03643590284886,1.9443497420821079,19.986474570111653,1.9443497420821074,4.513041535489705,6.935832111385505,9.173721265677441,OK,189,34.193614292723396,9.478548703013717,0.1805209370357558,0.04809112998894686,False,34.01309335568764,9.526639833002664,False
222,3.7605231971272253,16.54024877206211,47.995106976591536,1.9235907077450483,20.285225932326675,1.9235907077450474,1.1593985524114458,3.2052559622303836,12.69947949074761,OK,190,44.888004728870634,12.557114727377863,0.1772852326497382,0.06867397660897419,False,44.7107194962209,12.625788703986837,False
223,3.86127424841125,15.032571371658221,47.07534012279882,1.4264511345649997,17.654082822337728,1.4264511345649995,1.7994706773149645,3.8006778867049125,14.560749366515557,OK,191,36.29220265734498,11.175093911846398,0.29562868893617167,0.07262962961251379,False,35.99657396840881,11.247723541458912,False
224,2.902595278691883,13.769184727287028,77.63443917735967,4.009603498233926,25.20371963628144,4.009603498233925,5.0149490263664624,7.716688384793548,4.359154852764193,OK,192,30.231327660080066,5.435134275585585,0.33073185756794116,0.07544126256919824,False,29.900595802512125,5.510575538154783,False
225,5.31840255442364,13.707309901977132,65.10274561879196,2.6466621560805335,21.580410326155814,2.646662156080534,3.0700535838952447,5.31194257087134,7.438671543415745,OK,193,43.552842807060024,11.482103760337884,0.15848812663998818,0.058127998603912545,False,43.39435468042004,11.540231758941797,False
227,4.462228138526429,16.59150585444998,59.76870750867424,4.386475959819823,27.169398795770284,4.386475959819825,1.5326150374731498,3.6865349464221886,4.672951839143949,OK,194,46.03570516692961,8.127659677917269,0.21889239361890417,0.047621909224230166,False,45.81681277331071,8.175281587141498,False
228,3.4391157227934275,14.26838229177787,39.91728980190009,4.150024692555753,18.93717059687591,4.150024692555753,1.7562957612313497,3.428892584289116,12.959759400920513,OK,195,21.67832036959568,8.02354138402315,0.2862608414709818,0.05765645867994487,False,21.3920595281247,8.081197842703096,False
229,4.543773425165876,13.824979603133656,54.61693900286413,1.9493063354411722,18.811670103206097,1.9493063354411737,2.584586479675295,4.65337912721731,11.843838989832976,OK,196,37.654622312553904,11.359547371335745,0.21235760341900453,0.055773365964927324,False,37.442264709134896,11.415320737300673,False
230,4.500150144421394,15.289614771091777,59.22867036617921,1.4705924315001935,20.872203558380704,1.47059243150019,2.308471483355227,4.646195490435932,9.298154894889649,OK,197,47.270484105272416,12.716710611871047,0.2012575750744943,0.07913002491022258,False,47.06922653019792,12.79584063678127,False
231,2.801470236687448,13.700596037652282,72.26520073333145,3.5505907571506494,23.883620594527464,3.5505907571506503,4.720371076609009,7.290683464026259,6.4146502561098275,OK,198,29.818124297220923,6.668266549859498,0.27253509183623803,0.08046612554045501,False,29.545589205384683,6.748732675399953,False
232,5.050847932658822,16.36603056258845,64.79806551079788,2.5547253287012333,25.054856206127802,2.554725328701235,1.9011075545685259,4.361670129463668,4.495443735008156,OK,199,50.82122785298067,10.128534408699897,0.2009465690787534,0.0910158324977749,True,50.62028128390192,10.219550241197672,True
233,3.427271787148483,15.31076241165471,78.64204593837187,0.9927005887856928,22.975165678864585,0.9927005887856931,4.47811748821578,7.626203530620073,4.421287222031049,OK,200,40.517817159722846,6.082549996570956,0.156011456839712,0.06242239169876917,False,40.36180570288313,6.144972388269725,False
234,3.2417240576429887,14.563163750631553,60.36159347120474,2.702308225906147,22.001824089120824,2.7023082259061457,3.301278704427247,5.608493160425457,9.523550082018444,OK,201,36.746245275771905,10.00932205703152,0.1577487036356319,0.06608159659731255,False,36.58849657213627,10.075403653628833,False
235,3.6390505568529443,16.254696974144817,66.33354263509302,2.4600663694680436,25.031394506165007,2.46006636946804,2.7364443571799626,5.382193802422888,5.278828545031448,OK,202,44.342226321752634,8.013000379384106,0.24914740640381772,0.08474338511879162,False,44.09307891534882,8.097743764502898,False
236,4.530815544938852,12.967153918145431,77.16752947598627,4.4728379586122,24.674729451726357,4.472837958612202,4.615224770014645,7.032040225247355,4.051812558354165,OK,203,33.12492439859533,6.197004388062358,0.20606152881755982,0.05614140636413073,False,32.918862869777776,6.253145794426489,False
237,5.289944616208144,13.924483628039415,56.321427507529506,3.2393634009600962,21.200263978558134,3.2393634009600967,2.202457765686159,4.18153140488478,9.316641738402792,OK,204,41.74642208882172,11.89510624633209,0.2532363333420208,0.04590343099178229,False,41.49318575547969,11.941009677323871,False
238,5.306738518289578,15.435961526349619,79.4922489312721,2.789931942387625,25.99039033973012,2.789931942387624,3.529188775087647,6.388424535759917,0.7970607612948488,OK,205,45.50778970493587,5.528046764459305,0.25287388667860594,0.08634730859045528,False,45.25491581825726,5.614394073049761,False
239,5.475396209297793,16.283835732604093,67.63331992331908,3.12833005309309,26.33300962047548,3.128330053093091,1.9497725728028037,4.4129972555039085,2.669549820681296,OK,206,50.42257491286273,8.582824178461715,0.22248268258915382,0.08242030742460546,True,50.200092230273576,8.665244485886321,True
240,3.2778181697522206,14.623871093482691,42.47139664330629,2.8669801945560747,18.10530300062065,2.8669801945560764,1.9455992917175564,3.752132246883143,14.468660691598584,OK,207,25.856870935436913,8.928481899775356,0.347607321685828,0.06295928629698827,False,25.509263613751084,8.991441186072345,False
241,5.128817715158491,12.57597202822825,89.45827637709823,3.3965376031351195,22.927105161165052,3.396537603135118,5.689509743360389,8.345015931088586,2.9723571657199868,OK,208,35.091798758843375,4.658201192868561,0.38278578611527686,0.08112640537051148,False,34.7090129727281,4.739327598239073,False
242,5.0765101691028445,13.177694728859134,89.3607486199318,3.51279761595288,24.020606530446933,3.5127976159528798,5.456701715530016,8.208205198046596,1.8759626810191967,OK,209,37.0684185371437,4.331924899471034,0.3262626819681021,0.08879272284464976,False,36.7421558551756,4.420717622315684,False
243,3.376287864002099,14.908531834784972,83.74187770576019,3.5633846277591243,26.639004254468553,3.5633846277591217,4.859944639772536,7.913128774115204,1.1834638249573017,OK,210,36.827212834116686,3.983374360863386,0.2350227852786269,0.09296881201421414,False,36.592190048838056,4.0763431728776,False
244,2.771984976722847,15.067632658268574,47.80592541998551,1.4076082590252939,17.85478212495442,1.407608259025292,2.5158297729644623,4.601525648391691,15.32288892357511,OK,211,31.85215623053184,10.155814897114993,0.30410937449930847,0.04901023036742478,False,31.54804685603253,10.204825127482419,False
246,4.675207445696494,15.236309421346355,73.41856729563115,3.5262158511511292,26.242347635731385,3.5262158511511283,3.271495503175707,5.886401818609043,2.4837926937639274,OK,212,43.06921797417423,6.130234805425079,0.23578430291301936,0.08968103131563596,False,42.83343367126121,6.219915836740715,False
247,4.370247734493253,14.480927998912389,78.03059672606142,1.2027877795227917,22.015085220022705,1.2027877795227946,4.385239078775353,7.281802062798846,4.957764796140677,OK,213,41.99789362702865,7.5501884181188155,0.12451480109965875,0.08114062731174147,False,41.873378825928995,7.631329045430557,False
248,2.644317640204283,15.59384396463281,55.72798182542018,3.5542483204482953,23.64007711545046,3.5542483204482935,2.714878531027722,4.911995602899532,9.76782844084642,OK,214,35.04521974841577,9.06156956579475,0.2360468695048623,0.03884589434087991,False,34.80917287891091,9.10041546013563,False
249,4.095506277845011,15.701760480578699,64.84329890880727,3.7545408680924286,25.990282382159926,3.75454086809243,2.5837120906106428,4.963732964204379,4.825493561071139,OK,215,42.694894105073494,7.7750988076912675,0.2676075098645338,0.09643244312017404,False,42.42728659520896,7.871531250811442,False
250,2.7538958536891047,16.004489773371084,45.273902510624495,1.5025962654181129,18.299646255009563,1.5025962654181109,1.87382151264827,3.9175843307105165,15.60497119637119,OK,216,35.357024917283724,10.851381948478089,0.3342082286353223,0.0678932096692174,False,35.022816688648405,10.919275158147306,False
251,3.523837320375951,12.045139774113784,77.06978560027233,0.6562026806866167,17.59817077124911,0.6562026806866162,5.795125678703798,8.38849883976101,9.917409853866339,OK,217,30.462662414848737,8.438246064101849,0.3246499331857302,0.09392248497560601,False,30.138012481663008,8.532168549077454,False
252,3.414469986873841,16.241914662531713,53.82028889712233,1.0178844802564264,20.156280083861837,1.0178844802564277,2.0129970616492763,4.345945981750683,11.744276714668848,OK,218,45.378915585356566,12.54096173036529,0.12137021693945915,0.05070349758112516,False,45.257545368417105,12.591665227946415,False
253,4.107997734221826,15.943126822936895,68.40529468046466,4.218882151150385,27.675451581463697,4.218882151150385,2.698611865913186,5.181636451637459,2.7519392539268694,OK,219,42.310020131482716,5.893962856016165,0.3399248382966555,0.10903659003651596,False,41.97009529318606,6.002999446052681,False
254,2.8405433701754124,16.29782520978322,49.47605711965373,2.9655131078019266,21.992738614092396,2.9655131078019275,1.8796666061114777,3.937355595176262,12.110451976788411,OK,220,38.815340459670686,10.807591135442356,0.3193617880167507,0.0840707516425939,False,38.49597867165394,10.89166188708495,False
255,4.35972122760805,13.110029114441156,88.4334686271085,1.9059731750123037,21.47679970860429,1.9059731750123066,5.865002208617675,8.743867936473563,4.266694374069948,OK,221,35.172621447203575,5.028697689731177,0.31428692797681246,0.06950260336040717,False,34.858334519226766,5.098200293091584,False
256,4.269982596802675,15.125735594320943,53.591275223762224,4.411799520620969,23.860628595178618,4.411799520620966,1.8852923562221306,3.8139913865321464,8.774954487035286,OK,222,40.11255947256867,10.680841369598438,0.2104154813944451,0.12864233656323942,False,39.90214399117423,10.809483706161677,False
257,2.7158405285237692,14.426285871621946,86.72844950581909,1.1013745459488642,22.219135718180354,1.1013745459488637,5.9236564107130505,9.214790516920782,4.349840408175369,OK,223,33.998862942077814,4.512761396303168,0.26776268639230266,0.06255874146361817,False,33.73110025568551,4.575320137766786,False
259,3.35854306121449,14.266312330102695,73.69977900149877,1.658787598107791,21.989124252711356,1.6587875981077969,4.501270176917114,7.279589323228008,6.701864464207279,OK,224,36.73552913578786,7.870199881110422,0.14300517126131926,0.07936860336849134,False,36.592523964526535,7.949568484478914,False
260,4.254671320163795,13.122101217203069,52.499059682245054,1.3096269867680483,16.609822407213137,1.3096269867680506,2.94837813734814,4.985447372539239,13.989657283658941,OK,225,29.884048898732576,9.843220964159093,0.34946668463659125,0.07058706922368896,False,29.534582214095984,9.913808033382782,False
262,4.321933492446192,13.5967531097395,87.24684530726142,2.252965890137194,22.71799261112993,2.252965890137194,5.533621353445117,8.458130906829048,3.3447381166607495,OK,226,36.54545347648123,4.7644717185339465,0.24971694174363623,0.06245764574008742,False,36.29573653473759,4.826929364274034,False
263,3.0720557056883906,13.625339698893413,58.34475632077901,3.7668979059671277,22.009355862679513,3.766897905967128,3.6356146434370267,5.755731893073044,10.317003910496107,OK,227,29.557679531573992,8.79184550618861,0.1858937915325891,0.0755925875375134,False,29.371785740041403,8.867438093726124,False
265,4.952286769889673,14.416856281369325,87.35666000837122,2.9767955070915937,25.078606403034755,2.976795507091593,4.862898438001,7.826326590947964,0.7511650860110078,OK,228,40.89593242193033,4.319294925880573,0.28449312503078117,0.09979356559246844,False,40.611439296899555,4.419088491473042,False
266,5.471674012764357,12.201979004489871,57.90971993596585,3.487721949159351,19.70665011037994,3.487721949159352,3.038743237465546,4.9469208106596145,10.224447524399581,OK,229,32.61090940003691,10.154000414503942,0.633022247138693,0.13402146061068423,False,31.977887152898216,10.288021875114627,False
267,4.0047388578902074,13.435282271049802,71.5972032491648,3.3712965456926502,23.151186096663302,3.3712965456926485,4.278129198763338,6.71499844001853,6.258926531796723,OK,230,34.322287110752136,7.804917739730427,0.1721441084850758,0.06742308360151678,False,34.15014300226706,7.872340823331943,False
270,4.833455530492097,15.749754848404297,70.55778126197404,4.290902228674918,27.832733171148455,4.290902228674921,2.649084416603607,5.1209687397690935,1.6824320295099888,OK,231,44.33988357576861,5.952360164181619,0.32897177629519525,0.11245339335961047,False,44.01091179947341,6.064813557541229,False
271,3.0799840730922385,13.019780438320476,46.66445385381963,2.2374929052606882,16.591498509079052,2.23749290526069,3.212189025221054,5.109491928667646,16.13349432913473,OK,232,19.732554076768505,7.678451946799878,0.28725395331651504,0.0417860163920704,False,19.44530012345199,7.720237963191948,False
272,5.459562539583959,14.575344323640623,88.06726703852378,2.560537028872482,24.6923701642176,2.560537028872483,4.707961944592849,7.700722830728177,0.4139222038386743,OK,233,43.0031568841349,4.536242777067576,0.29710688647332295,0.10378069432120036,False,42.70604999766158,4.640023471388776,False
273,2.830170257478126,12.278519042154883,68.01715138758513,1.9800977097965533,19.026050511166012,1.9800977097965506,5.201739517747036,7.587430937086111,10.997339723606512,OK,234,27.266065675105935,8.317630683222221,0.34371733094606877,0.08859570104680975,False,26.922348344159865,8.406226384269031,False
274,4.952767932085189,14.914237427670043,76.76798091129902,0.7843309583423647,21.91523292258428,0.7843309583423644,3.863290295743113,6.772997112810785,4.626086401835847,OK,235,46.941632367667076,8.935104234936658,0.1062096260612403,0.05393391144564933,False,46.83542274160583,8.989038146382306,False
275,4.2482696264454525,12.033436417798182,63.37744927140491,1.454431572085718,17.328819637659535,1.4544315720857204,4.313300482396652,6.515549569493986,11.88617397870253,OK,236,30.85277632729484,9.763924119335718,0.3473691238679061,0.09612389290647365,False,30.505407203426934,9.860048012242192,False
276,5.385857313073677,12.979009987862371,75.93620761865385,0.984090482312158,19.334021298308095,0.9840904823121612,4.431809917343589,6.998861525319764,7.159732206830445,OK,237,42.26759903431003,10.448587777873259,0.2921874750275338,0.12322938720611351,False,41.9754115592825,10.571817165079372,False
277,3.739832611791587,14.167227847828068,74.22862647168598,2.6942343031350244,23.468627164502692,2.6942343031350258,4.325068028575654,6.9964447926380835,5.381729919691174,OK,238,36.52646423857091,7.007117796344489,0.15525258627564809,0.07680472547265564,False,36.37121165229526,7.083922521817144,False
278,3.369879460217417,16.035292396110513,43.35663336152788,2.2901771231772448,18.927166797052337,2.2901771231772425,1.273391629931357,3.16662188300959,14.089337696944794,OK,239,36.757008257225934,11.143873575848318,0.28670932615669237,0.06617209172091361,False,36.470298931069244,11.210045667569231,False
279,3.002098702817136,15.303469314748245,61.79636713042442,0.526699218880349,19.985746555533744,0.526699218880347,3.3312130473292,5.948394986294799,10.50554001256623,OK,240,42.270733432219295,11.594059115944699,0.17318091461519666,0.06331755118788017,False,42.0975525176041,11.65737666713258,False
280,2.721507320124804,15.937567944129198,52.193632070653564,4.366257934879506,24.432289985331344,4.366257934879508,2.2263382086269417,4.253182802464021,9.972450159272519,OK,241,34.38418563351875,8.78414382406689,0.34729876062637693,0.06899325143173365,False,34.03688687289237,8.853137075498623,False
281,2.7941053746872444,14.586943145137914,43.24255786797396,1.8436935571892654,16.780637372509638,1.8436935571892685,2.3963384033700486,4.309386001101037,16.055527332429868,OK,242,24.520319260558253,8.68167169919954,0.4691060724615172,0.07812226173766414,False,24.051213188096735,8.759793960937206,False
282,3.120710218376559,16.379675151888478,67.02090995444523,0.7045840177192879,22.642966780228583,0.7045840177192846,3.1245747371313186,6.0322007656470635,7.057104712783929,OK,243,45.535878503111626,9.804182652289322,0.3044205466426885,0.1618665696790289,False,45.23145795646894,9.966049221968351,False
283,4.620642131825864,15.995219566574484,66.49489815192439,3.3208467088295186,26.024318181101975,3.320846708829518,2.36411550577926,4.820382002585909,3.907974656290769,OK,244,46.46437645928629,8.04095419761345,0.23092495025195547,0.08679824322375898,False,46.23345150903434,8.12775244083721,False
284,3.1578384017885237,12.634429835196302,57.320959053225664,2.5255692972059194,18.722045606665525,2.5255692972059203,4.08222607568748,6.184880693424427,12.80288851013992,OK,245,26.19555113998224,8.732791290978751,0.26617164227665296,0.047314007634479543,False,25.929379497705586,8.78010529861323,False
285,3.332563850359175,13.725680825329384,45.845765253128455,0.7344574923097741,14.957473992139771,0.7344574923097761,2.717874938414127,4.707667687041294,17.039305059765724,OK,246,23.93099762827257,8.622585473721706,0.5054190453021439,0.09043486132374792,False,23.425578582970427,8.713020335045455,False
286,5.251244186987399,16.002885571973287,75.14681264467134,3.1864708646551274,27.064359091318515,3.1864708646551256,2.8445522720479026,5.581439956313867,0.7474077921962479,OK,247,46.915655827268274,5.960061186478512,0.3060000983334225,0.09479203144928333,False,46.609655728934854,6.054853217927795,False
287,4.842921488991008,15.454677560172634,52.76964826860242,3.9781457901597066,23.400371217556888,3.9781457901597066,1.3638943990581147,3.274327475384723,8.702574130973094,OK,248,44.89302894824744,11.923253779073299,0.2296558972813526,0.10086249286060421,False,44.66337305096609,12.024116271933904,False
288,2.5770408215806193,14.342865310200974,66.88622931701441,2.823360460081486,22.992268599554045,2.823360460081484,4.1816627573050305,6.723078239497147,8.036198386237276,OK,249,32.118848446736486,7.8331523604136475,0.2359690986002661,0.05076219503800154,False,31.88287934813622,7.883914555451649,False
289,3.9348900713447863,16.73588662865157,64.93439052571932,1.807371365574917,24.44580591637728,1.8073713655749153,2.304324354182505,4.976618753737299,5.617155670247789,OK,250,48.498072124144954,9.54862841892768,0.1995795040379444,0.13677849752349386,False,48.29849262010701,9.685406916451175,False
290,2.553342137271778,12.338034127765953,63.09797737456355,3.5926704430448164,20.853999395785678,3.5926704430448155,4.8459281222377015,7.041835856722063,10.914286430539134,OK,251,23.836188304327543,7.652581937114964,0.30817887122986304,0.10601615095849357,False,23.52800943309768,7.758598088073457,False
291,3.850473841191673,12.079314166304076,61.49425511844974,4.267580785892496,21.283817354148482,4.2675807858924975,4.1694101258784535,6.189882646344101,9.962606245846974,OK,252,26.152485534445567,8.265611999984698,0.3715459651080007,0.10020088803930319,False,25.780939569337566,8.365812888024001,False
292,2.810319496972839,15.687410644818101,55.43937505269094,3.10437559753902,23.00515617143315,3.104375597539023,2.5917158218783207,4.808196449261745,10.099935830825254,OK,253,37.34636467841972,9.852693743847123,0.17063993716370793,0.04074153465343585,False,37.17572474125601,9.893435278500558,False
293,3.367042036697802,12.232486036461452,67.9204644705974,3.6658898205090233,21.462051859092078,3.66588982050902,4.828242288488148,7.07457126813742,9.040351566497149,OK,254,26.867514368833024,7.84933495026105,0.2279485512791933,0.11005353769894165,False,26.63956581755383,7.959388487959992,False
294,5.463140425754806,13.49423662798522,51.23190348022869,2.5122078699785653,18.53536209845531,2.512207869978564,1.8919382899919839,3.775541390765378,11.852038167329036,OK,255,36.55405457444272,11.225524984282236,0.3457709153290846,0.07463437906996047,False,36.20828365911364,11.300159363352197,False
295,2.751309061576943,14.456912285364181,55.08032584013186,1.8250508691119551,19.489611664638254,1.8250508691119542,3.303396864698559,5.5406885145337785,12.754637620663246,OK,256,33.405019989059454,10.183515529967345,0.12837756313452775,0.03725211353499854,False,33.276642425924926,10.220767643502343,False
296,2.907113891381215,14.224736334414192,81.61824698243649,0.9589884875149675,21.50786655684187,0.9589884875149649,5.473045129736551,8.573460348893974,5.78093757870507,OK,257,34.28436333677893,5.869816955542,0.1733935289367844,0.07325838445115017,False,34.110969807842146,5.94307533999315,False
297,2.5064989843648413,12.48445291763138,48.748442348302234,4.309843719573831,19.51459931761834,4.309843719573828,3.869049827147389,5.709956511778357,14.467918121931355,OK,258,17.142982673175634,6.932283299779375,0.3440633270784512,0.07625332850818381,False,16.798919346097183,7.008536628287558,False
298,3.4865126628048237,14.003187738621916,84.07802312603852,4.203376218611485,26.24687918500387,4.2033762186114805,5.191016286842608,8.04959531164198,1.8752658958273984,OK,259,33.744158538450684,4.257048668928577,0.31165318980325973,0.10300062814325849,False,33.432505348647425,4.360049297071835,False
300,3.9642810402746567,12.21257391243685,82.42386319538417,3.6288660955892365,22.56779625344982,3.628866095589238,5.689467986952536,8.227322039932712,5.395670586880635,OK,260,28.91309605866905,5.946374255860424,0.2493923001202023,0.06943184927010589,False,28.66370375854885,6.01580610513053,False
304,4.602582647175943,12.061534621883272,47.423793641110585,0.6992726949662421,13.514175063117076,0.6992726949662408,2.8350433772345056,4.7318138835280195,16.484074592974842,OK,261,19.902079922380896,7.804977415755801,0.3894968344297825,0.09822620485046112,False,19.512583087951114,7.903203620606263,False
305,5.466511621918231,13.762813058752512,46.972242953777695,3.5772415408086817,19.42899863674684,3.5772415408086813,1.31019714791557,3.0439254760535057,11.935480574203508,OK,262,34.21169971206236,10.71030132154566,0.39546001169201983,0.08796482216528215,False,33.81623970037034,10.798266143710944,False
306,3.385513228910817,13.046951264637197,70.65933807660653,1.0690095675232283,19.046380839168137,1.0690095675232225,4.8656333431512415,7.43251045338153,9.756698883277833,OK,263,33.9794148243248,9.455184461378831,0.17997265456983416,0.054519849631759966,False,33.79944216975496,9.50970431101059,False
307,3.7706384629104135,15.249619681979112,57.43415460733253,4.3744029294104605,24.844407510997947,4.374402929410463,2.3730335761802728,4.455079598079941,7.680234558913253,OK,264,38.45597476788799,9.312515415641505,0.2080004164047019,0.11985624622984359,False,38.247974351483286,9.432371661871349,False
309,4.3057115018122385,12.501797887937512,53.70969431481835,1.1181212645802483,15.84566024915016,1.1181212645802472,3.3237788240068014,5.362010144615898,14.303311538408039,OK,265,26.93689787883598,9.2240187938633,0.36031564342931816,0.08153805512950867,False,26.57658223540666,9.305556848992808,False
310,5.0051959008450115,15.36642744456866,67.85052920828778,3.8750661296112257,26.208977899604527,3.875066129611228,2.5683161974649558,4.939508638284064,3.418391715592767,OK,266,45.181232557828245,7.7381090745551795,0.25047255467945706,0.13491326428604336,False,44.93076000314879,7.873022338841223,False
311,2.781951967007566,16.79290459789381,62.53550893766568,4.4654098665070165,28.185919419995862,4.465409866507014,2.4101120089577606,4.824854789501185,4.583300580128268,OK,267,38.537377604786904,5.46377511524973,0.444158574222009,0.17147833486003364,False,38.093219030564896,5.635253450109763,False
312,2.803586281501154,13.078267229379355,73.73482844586016,2.3437227230510205,21.307861751944785,2.3437227230510227,5.236884685549889,7.850287545600812,8.122155558789567,OK,268,29.16724070654069,7.3631796599287185,0.15272742363887432,0.06411215914751679,False,29.014513282901813,7.427291819076236,False
313,2.785600152334706,12.856936917049218,85.5133638388639,3.385104047835568,23.2775996337216,3.3851040478355654,6.195285014189238,9.015749337816924,4.846545338227209,OK,269,27.516346568180065,5.0722769711422275,0.36223483494600905,0.06353171202039226,False,27.154111733234057,5.13580868316262,False
314,4.442034698397352,13.00801383247126,89.10784657296566,3.9830509063465644,24.48013667582878,3.9830509063465604,5.710718295272347,8.4555518745446,2.176719367243897,OK,270,33.99764681239493,4.2968773395065565,0.32601154575428903,0.0981720397093888,False,33.67163526664064,4.395049379215945,False
315,3.990395391778669,12.02936106969102,45.57619934624809,3.0498849294538517,16.494765802540854,3.0498849294538517,2.9851981794586955,4.744182318176135,15.494964883802352,OK,271,16.41947224088965,7.0246169454863985,0.18013395038520322,0.04858368812584198,False,16.239338290504445,7.073200633612241,False
316,4.274542723096291,13.321868122784997,40.09151038740781,0.5816521093363438,12.91120761779089,0.5816521093363426,1.750692621478656,3.5709462348990666,15.947329410568795,OK,272,20.319141317584233,7.906223703849815,0.17932442820878092,0.06019126206686287,False,20.139816889375453,7.966414965916678,False
317,3.517796595698919,13.968123502015684,46.704159172973355,3.1079215530889495,18.890580143537413,3.1079215530889517,2.4306440835780414,4.288405345712679,14.210493005525365,OK,273,26.685423352093483,9.04837651845711,0.19726426932761132,0.0353911271139516,False,26.488159082765872,9.083767645571061,False
318,4.773640294599408,12.58164855472478,62.03675376846827,2.155044280778591,18.881025081886385,2.1550442807785903,3.6421851964314413,5.786999911201331,10.541805706404865,OK,274,35.20992992955674,10.614953490195955,0.31191496015561443,0.07007730648983859,False,34.89801496940113,10.685030796685794,False
320,5.077796961821485,15.633095498426854,58.382712900833845,0.8668605881667695,20.23319554224514,0.866860588166773,1.8117451429758553,4.163521313373597,9.341232124373258,OK,275,50.3956954679116,13.397735634172076,0.3206264596457647,0.10309904117398237,False,50.075069008265835,13.500834675346058,False
321,3.151210689763995,14.53688737119424,53.75343378585575,3.8016529028972026,22.25116126745167,3.801652902897203,2.8310068695482187,4.863409418354337,10.879198250419899,OK,276,32.524791535365274,9.5215446279565,0.1655757746931414,0.07299867899759378,False,32.359215760672136,9.594543306954094,False
322,5.271113088206484,12.76915553369863,62.65631151723488,1.513646665160361,18.274065095681117,1.5136466651603593,3.3963253797039137,5.587542697237916,10.369608869740933,OK,277,39.104589478410546,11.537250014114237,0.3947439207472729,0.07598305630630069,False,38.70984555766327,11.613233070420538,False
323,3.7887728637336013,12.763366949132875,72.80071822599868,2.9734392861694676,21.709683106719133,2.973439286169471,4.811629678351572,7.248482976512291,7.453718609559147,OK,278,31.314830574817123,7.873132148856783,0.12409861049798121,0.04401294152180427,False,31.19073196431914,7.917145090378587,False
324,3.5802125404689944,14.62735463320921,80.30981968921859,2.1240152389038114,23.795898340116274,2.1240152389038127,4.759030033484596,7.746062236732673,3.8065342215293376,OK,279,37.544485466345684,5.323806635723202,0.07550754348004103,0.03940692867435607,False,37.46897792286564,5.363213564397558,False
325,3.720689054196781,14.334694979139801,80.12275060321534,3.335542912808505,25.20125280602742,3.3355429128085103,4.690224551778861,7.520821813644108,2.9697221245737504,OK,280,36.1409583986239,4.959455182916292,0.14554093094947745,0.05258189905860106,False,35.99541746767442,5.012037081974893,False
326,3.4355799938562184,12.141214646317994,70.83462785720955,4.357404187159931,22.705368135933767,4.357404187159929,4.994013634898064,7.256119151850902,7.69144103095295,OK,281,26.065379008911844,7.224510463578064,0.2384318116112065,0.15284699674058175,False,25.826947197300637,7.377357460318646,False
327,3.0999542253125876,14.336454689786432,69.22584577740685,2.983660545028794,23.559946216468738,2.983660545028795,4.104726132623085,6.667016321131273,6.759469879945355,OK,282,34.20059809133147,7.5878829084313955,0.2377682521381206,0.0676361481601083,False,33.962829839193354,7.655519056591504,False
329,4.083328523749426,14.401727966249899,50.46611704348002,2.918967061652335,20.005129648701995,2.918967061652335,2.176793893738079,4.120445369767113,12.20842010657938,OK,283,35.5974468664505,10.838482370603367,0.12817355335781358,0.03369405020857307,False,35.469273313092685,10.872176420811941,False
330,2.5385481489025015,15.437148555537513,39.61866429094076,2.3722525954665405,17.334788575318235,2.3722525954665414,1.8657724155980198,3.693073673572682,14.773769307627521,OK,284,25.20878771368029,8.78815795501695,0.5408806297283012,0.09515586905541062,False,24.667907083951988,8.883313824072362,False
331,2.881765739529557,12.380797211873288,62.76085200925199,2.2252998789282663,18.829852933023467,2.225299878928266,4.740800509793001,6.990234315697119,12.013997301578314,OK,285,26.654729698703605,8.565214644210236,0.33089235989151067,0.0686393290427576,False,26.323837338812094,8.633853973252993,False
332,4.868589737196745,12.41985674818495,66.82055371172996,3.1978152995648053,20.883308396415124,3.1978152995648053,3.9813841974398834,6.151579121449233,8.391064419164739,OK,286,34.569554942033896,9.701063320943602,0.3136343637354854,0.049881118518856,False,34.25592057829841,9.750944439462458,False
333,5.321726284803946,12.167981892485027,74.74805825901936,3.0749546274236206,21.18164484028017,3.0749546274236192,4.531859684118263,6.836407360364358,6.619371298843656,OK,287,35.02239232252343,8.531605468495082,0.33928298243203636,0.10436863841824566,False,34.68310934009139,8.635974106913327,False
334,2.791528948601174,12.191405849578269,42.53347009164487,0.5907983302294493,12.440486713488749,0.5907983302294496,3.587274656827084,5.465412630287505,18.62062880400067,OK,288,13.125415676468167,6.40354461273269,0.3471999625607519,0.06602910186457518,False,12.778215713907414,6.4695737145972645,False
335,4.795391920499787,16.059626066604935,61.32737739052328,3.5187793233000653,25.43521749863973,3.5187793233000653,1.8158538163109448,4.056485217227257,5.350234262363232,OK,289,47.914874171598065,9.974044008636007,0.1587204363355797,0.08201249670574175,False,47.75615373526249,10.056056505341749,False
336,2.9375456903830433,13.378995254592462,45.38831831433224,2.0516253831648807,16.399859045849496,2.051625383164878,3.0447532285152157,4.945413318003595,16.617942774453805,OK,290,20.09871629414338,7.763729204769819,0.3528065255341332,0.05256531115007876,False,19.745909768609245,7.816294515919898,False
337,4.399020676353701,15.319837161664685,76.21531830626938,0.5607326063747021,22.12131849886618,0.5607326063747003,3.8862286012303002,6.903705953185165,4.797610351817982,OK,291,46.271339487770845,8.572220874055455,0.10619299320833264,0.07666234208331016,False,46.165146494562514,8.648883216138765,False
338,4.496728636687553,12.431465523627597,39.88154276884958,1.668246192159562,13.597851808298827,1.6682461921595615,1.9557245148030873,3.678947489879942,15.294718719475643,OK,292,15.94819710449457,6.990896634642332,0.14526425671333365,0.05082498072295306,False,15.802932847781236,7.041721615365285,False
339,3.650358017992904,16.605579342503837,54.2136879486623,3.2561461788118815,24.07719480741563,3.2561461788118806,1.5881232784290198,3.7248792605249594,8.800736409819669,OK,293,44.81989727229249,10.833732178553435,0.1409513621726256,0.08003003779715989,False,44.678945910119864,10.913762216350595,False
340,3.390273937494928,16.047020144794846,71.3292901679329,2.3560626413832795,25.357082620111647,2.3560626413832777,3.358467200393143,6.215991993551768,4.134663245895614,OK,294,41.88012332472247,6.2846440940936645,0.2695626851130628,0.08978711753249032,False,41.6105606396094,6.374431211626155,False
341,2.574273607184989,13.497670119295993,58.31653706211601,3.779094599501505,21.8587523606966,3.7790945995015024,3.951597644629622,6.096131747830334,10.864950095580813,OK,295,26.755727599498346,8.211948855157974,0.21329156932456395,0.08000897521697753,False,26.542436030173782,8.291957830374951,False
342,3.1990476180047573,14.230852052685421,37.043536765207506,2.4769877982403243,15.63518638675313,2.4769877982403252,1.759029288016201,3.4739477197010213,14.380312787641232,OK,296,18.503954430479826,7.47572256396744,0.4006470377774902,0.06708049759814767,False,18.103307392702337,7.542803061565587,False
343,3.201685388102505,13.132264171168616,49.18681147472702,1.2070065814639683,15.77473112067317,1.207006581463969,3.3190270619033804,5.334848514773553,16.067980659919975,OK,297,22.91479316475978,8.366882658295985,0.45749712136704473,0.07595551027129091,False,22.457296043392734,8.442838168567276,False
344,5.183341151985765,15.146474505071495,74.72360001991265,4.196998123325191,27.305749256972845,4.196998123325191,3.153563813511383,5.6954736603765195,1.1521409890877798,OK,298,43.65899297037884,5.627072809369823,0.2802655473158681,0.10648468168769021,False,43.37872742306297,5.733557491057513,False
345,5.33508854660078,13.160577037600653,40.60853922562103,2.7992657747210576,16.09333610131504,2.7992657747210563,1.0334603249452599,2.694710021024548,13.015142535823536,OK,299,23.026130139386673,8.452995297444579,0.2868239386094272,0.09456399502991224,False,22.739306200777246,8.54755929247449,False
347,3.3421299611105635,15.691884322985038,74.44505060986339,0.7485850346569265,22.766040194694973,0.7485850346569302,3.9834626404655573,7.068965335916618,5.346927116035203,OK,300,42.624701296259566,7.504252020742453,0.21849349505965315,0.0990468716915677,False,42.40620780119991,7.603298892434021,False
348,4.368265280896852,12.558196580712252,36.87933113086399,1.5849306864061337,12.854483003286912,1.5849306864061328,1.665476720486616,3.3518480467987217,14.894056242627734,OK,301,14.494302998685871,6.698796713913679,0.1431669377563156,0.03885204648243389,False,14.351136060929555,6.737648760396113,False
349,4.820752233565766,15.511512996051218,61.05494315397043,1.3581852652036335,21.358155553833342,1.3581852652036308,2.1996087690449713,4.602402707633901,8.256514777293457,OK,302,49.50574684946737,12.831189535675465,0.2429033435931878,0.08635636759459799,False,49.26284350587418,12.917545903270064,False
350,4.1693743974830575,16.043499532085555,51.699861370566055,1.1659089130020015,19.60434619688519,1.165908913002001,1.5117765711094187,3.6980485937674654,11.955025469678285,OK,303,46.59594117908143,12.980618462041878,0.2194278894843841,0.08352142158348505,False,46.37651328959704,13.064139883625364,False
351,3.0270511000811964,14.88881396125624,63.906547432516994,0.5109823791279868,19.79115041656565,0.5109823791279877,3.684690572283756,6.331788933339231,10.254958675435814,OK,304,40.948652817818,11.243268928990537,0.16068547394695842,0.06407602745677142,False,40.787967343871046,11.307344956447308,False
352,4.300648454288078,15.26223368195808,51.62386071956557,2.442070779237461,20.572268340120566,2.44207077923746,1.745549781925945,3.7756971002284114,11.315754007521534,OK,305,42.761100328230185,12.205162348492951,0.16322121402227455,0.06990401457033579,False,42.59787911420791,12.275066363063287,False
353,4.207772764664112,12.139299752347355,38.81424042977773,3.7849586389131185,16.134824596323476,3.784958638913119,2.14156512501064,3.7598601417866035,13.737821048695201,OK,306,13.078496451389135,6.375846106836399,0.10726632182561333,0.032569191915314676,False,12.971230129563523,6.408415298751714,False
354,4.3115426613592085,14.83548760371807,65.80608264663772,3.4385441631288014,24.451654308686244,3.438544163128802,3.009230416151489,5.369037571062309,5.778948660468169,OK,307,41.53447646173661,8.941131584085374,0.24360274639082816,0.14251505917140286,False,41.29087371534578,9.083646643256778,False
355,2.773015923748343,13.48053710756654,51.158959656165656,0.9428557307596749,16.205910665448755,0.9428557307596761,3.5627903103996736,5.686202650295723,15.784448989296578,OK,308,25.22892749957318,8.812274318984647,0.48617430487068763,0.07695629857096453,False,24.742753194702495,8.889230617555612,False
356,4.235966468328117,12.85160380054605,65.48262353643982,3.680672793802476,22.022078306958257,3.6806727938024704,3.9485159415026523,6.130279430667912,8.216244160874332,OK,309,32.84658126522273,9.073229055003617,0.16643918041154684,0.05328739170865759,False,32.68014208481119,9.126516446712275,False
357,5.012833770380983,14.495163442163417,67.41438945597397,4.334236714495867,25.60341307525041,4.334236714495865,2.9148640553403204,5.168442943522939,4.250222631881583,OK,310,41.736492899354495,8.122614981624421,0.22153880557383054,0.1603516659605646,False,41.514954093780666,8.282966647584987,False
358,3.307818147143745,14.019690119047556,59.54638214976643,2.7308013587728386,21.184598169558505,2.7308013587728395,3.4749386861375804,5.711309854687302,10.320894432880793,OK,311,34.5516680799034,9.949049683533996,0.16208237671251335,0.06138733464306714,False,34.38958570319089,10.010437018177063,False
359,2.8623030016308357,13.859235814753454,67.48633848597399,2.541078497423444,21.977706396354073,2.541078497423445,4.354079491287717,6.862066929343062,8.543084764859843,OK,312,32.323964870915,8.36474752620964,0.1643594470893736,0.053799412474031125,False,32.159605423825624,8.418546938683672,False
360,4.726013328362434,12.116657228049347,52.130877923551964,3.6239440868884265,18.764754342337937,3.6239440868884274,3.0073251485410317,4.82667115933822,12.386993917350845,OK,313,24.442587091971927,8.576877748170325,0.4569403181868383,0.10902447856704578,False,23.98564677378509,8.68590222673737,False
361,3.8214753440361395,12.875680256331671,81.00396797821031,1.0716119500505594,19.65251585192098,1.071611950050557,5.604508514211261,8.373442082161063,7.247685521384311,OK,314,33.40435491889318,7.3541390038569086,0.16081680423204678,0.0704884805117082,False,33.243538114661135,7.424627484368616,False
362,3.6715317776649266,14.053401136811882,89.75366229761032,1.5321046643455603,22.34180475761088,1.5321046643455591,5.938682730017977,9.112280341009193,3.3039176634322964,OK,315,36.199689597363914,4.29594098901639,0.284733878463339,0.06709343500870013,False,35.91495571890057,4.3630344240250905,False
363,4.662363806592653,14.614015726629573,47.60821172818711,1.576597255952193,17.55989518662318,1.5765972559521926,1.5431735635462545,3.4890366664368155,13.764782485635546,OK,316,37.7341453764947,11.508913024904036,0.26829767591978937,0.07852223656516662,False,37.46584770057491,11.587435261469203,False
364,5.173740822247522,12.451182483144702,50.903023233173776,3.390072472497053,18.564396040366802,3.390072472497052,2.4913025797795925,4.291420529874042,12.258384853431037,OK,317,27.258593790273288,9.228639457674413,0.4634654631583744,0.11523624963675812,False,26.795128327114913,9.343875707311172,False
366,5.127173027256447,12.695502086818488,63.57161049286697,2.574113731308114,19.88107334031261,2.5741137313081177,3.5092655396467585,5.650998579383334,9.312484545729134,OK,318,37.58188433518016,10.893755130679828,0.35871505888738936,0.062985724001798,False,37.22316927629277,10.956740854681627,False
368,5.13196007439725,13.902310534663126,65.37968190775211,0.8914297160993547,19.268567338165028,0.8914297160993566,3.2209547986583473,5.64045846228931,8.967212720996402,OK,319,45.61312998189124,12.520427576399937,0.21703486152190646,0.06566574846855465,False,45.39609512036933,12.586093324868491,False
369,2.9880947906346607,15.52895343953901,62.817282950068815,1.752553376390837,22.31313647125421,1.7525533763908365,3.1974660907806047,5.766343469598635,8.68665028565354,OK,320,40.85301453875786,10.135913476024657,0.19395907017011674,0.04303183682052797,False,40.659055468587745,10.178945312845185,False
371,4.454533249561296,15.944123633496531,62.11139224869825,3.3287136974510374,25.14458911845218,3.3287136974510383,2.112490117927546,4.420505102554127,5.670583321092158,OK,321,46.3765695307266,9.675596037141165,0.16034063797017883,0.07677568717920052,False,46.21622889275642,9.752371724320366,False
372,5.215904383139435,12.329470184834626,77.09892035132958,2.0304193385746174,20.038418616620014,2.0304193385746165,4.792930340061176,7.24096181006167,6.967048996310115,OK,322,36.62365633231798,8.789514858095316,0.2945655182691922,0.12101733129608241,False,36.32909081404878,8.910532189391398,False
373,4.174877799615572,12.53793003299759,41.454884533311095,3.413460566834296,16.601056697490407,3.413460566834296,2.238565443975382,3.9168229729249475,14.265512002315516,OK,323,16.169096720931595,6.989780092387665,0.1267251376116169,0.041748013144353925,False,16.042371583319976,7.031528105532019,False
374,2.742453767582092,16.010833119764786,63.25729572231664,4.029236724540871,26.552136535971435,4.029236724540874,2.9130478434772265,5.352894771606026,5.786678793839417,OK,324,36.46981778040556,6.410662049404512,0.41275877278775835,0.12912592985768465,False,36.0570590076178,6.539787979262196,False
375,4.002027596909206,16.223049542395422,53.66607580651953,3.462948614414956,23.779408527637095,3.462948614414958,1.5394732566360076,3.5996527225499335,8.883093262738738,OK,325,44.88426391048526,11.313300378491864,0.1269933891056709,0.07330609920720062,False,44.75727052137959,11.386606477699065,False
376,2.523596859637666,15.889321991029316,38.91148771750203,1.111248131765017,15.695668691839149,1.1112481317650158,1.6522627548778424,3.5582328880801057,15.54114101240469,OK,326,27.580920698999808,9.34876672610186,0.6438578995437506,0.12014086595691056,False,26.937062799456058,9.468907592058772,False
377,4.056040320481122,14.174175894495292,87.41769185162154,3.8835448070784246,26.109059084408656,3.8835448070784238,5.229580151239979,8.175722517486136,0.8425997372778286,OK,327,36.79095664248789,3.9392222846589684,0.32124744306193403,0.11912760580084462,False,36.46970919942596,4.058349890459813,False
378,4.094203781685003,12.77475154257845,53.64470110457368,3.7830635578124894,20.072094243601995,3.7830635578124876,3.1655438889443275,5.064285335021202,11.76571817980374,OK,328,27.25909019355547,8.992016067500385,0.28974460951002307,0.06258963276468209,False,26.969345584045445,9.054605700265068,False
379,3.5356252061937545,14.195549810754786,66.71091087420093,3.4365653106724308,23.693325997036517,3.4365653106724308,3.748200019608852,6.145909746893825,6.9246447395032416,OK,329,35.25763405701936,8.27654735555512,0.2528411976764498,0.09536043328027578,False,35.004792859342906,8.371907788835395,False
381,3.886902456390136,12.09530419499246,83.40561564527786,2.7201814458721776,21.063447524916654,2.7201814458721807,5.939886252422987,8.5353768779913,6.35405500589827,OK,330,28.92446702279413,6.192010112864138,0.23250138928983524,0.06020029272398972,False,28.691965633504292,6.252210405588128,False
382,3.5403377689097932,14.046685068955526,50.24457656750144,1.6345278255206188,17.653067060755447,1.6345278255206215,2.7226501071397102,4.766769406102872,14.294180223441451,OK,331,31.000600236062407,10.024233584873953,0.3364973519163379,0.05234231434453883,False,30.664102884146068,10.076575899218492,False
383,2.9234839515489672,12.261999241697097,57.17325537819757,1.600002231709028,16.87829431194701,1.600002231709028,4.437052113653394,6.575768038360298,14.27946531872242,OK,332,23.81830924042104,8.381388758123984,0.38218737084749216,0.06489076905181443,False,23.436121869573547,8.446279527175799,False
384,3.423440303725928,14.709720391913848,43.63861083644606,3.9110766460894335,20.058809111303866,3.911076646089431,1.8554653943397987,3.6191049159628594,13.43194906977114,OK,333,27.861310284508665,9.206775271097936,0.2758679980088484,0.06327733877188793,False,27.585442286499816,9.270052609869824,False
385,3.8723534997488613,14.516538766121597,64.72717596904403,0.7450103891315704,19.776008923914567,0.7450103891315718,3.499978267643126,6.056019816660523,9.544553856333582,OK,334,43.18754742331627,11.804917165178292,0.11618523878077772,0.047315063707010475,False,43.07136218453549,11.852232228885303,False
386,4.1367047123733265,16.164277368827527,62.91642597446038,4.210508745077931,26.982208482470178,4.210508745077933,2.1529565564512048,4.445072135134424,4.423844524970938,OK,335,43.48655404640856,7.354370194774401,0.2837560522944797,0.07694959825112717,False,43.20279799411408,7.431319793025528,False
387,3.030623463288298,13.083714784102082,40.040045814004614,2.6863331354123288,15.712727770011409,2.6863331354123305,2.698038297206793,4.442797648638523,15.594424114051126,OK,336,14.967176107007557,6.741721021318012,0.27260318795621324,0.047040101250896846,False,14.694572919051344,6.788761122568909,False
388,4.67477238218658,12.420578715659145,52.53968261174728,2.244501844121767,17.170179897673556,2.244501844121767,2.991910695366297,4.9133984060505185,13.346627154238645,OK,337,26.711432513817403,9.145893413600767,0.338614973857742,0.087604477830819,False,26.372817539959662,9.233497891431586,False
389,2.7564829113443827,12.180275528292858,48.58927927419322,3.388086915649329,17.784782722076024,3.3880869156493296,3.900444694687476,5.758980728557956,15.389287233506792,OK,338,16.64599290623772,6.956140638268301,0.24630159156606635,0.046060426173966766,False,16.399691314671653,7.002201064442268,False
390,3.0208498216045196,13.210411159353429,61.75206224290076,3.79085270978879,22.10424103514965,3.7908527097887865,4.092102720617326,6.278840603387454,9.718796386104824,OK,339,28.332165491729636,8.334600744307727,0.1799506842803414,0.08305609175843141,False,28.152214807449294,8.417656836066158,False
391,3.040318936085173,14.636948957219182,84.50417360025543,4.014971084279253,26.954566390001347,4.014971084279252,5.135305683495069,8.170011532146699,1.2297878745172277,OK,340,34.53205089405411,3.873873419365758,0.31817527495795733,0.11449134613881264,False,34.21387561909615,3.9883647655045706,False
392,4.802945428552958,13.735349709154066,83.04630748083343,3.031543865524433,23.984181390920945,3.03154386552443,4.8040002774394175,7.553302797843198,2.8172206470804966,OK,341,38.31815701160376,5.192030413693556,0.1867284973357452,0.05840646319259038,False,38.131428514268016,5.2504368768861465,False
393,3.5274534367239245,16.431537288018337,77.12313542010682,1.0438497371406361,24.591765394452587,1.0438497371406348,3.7509432922158368,7.009479792179723,3.001028739792862,OK,342,44.13356345991439,5.749442182484729,0.23447782058297847,0.09632384856523236,False,43.89908563933141,5.845766031049961,False
394,3.2851609533207844,12.110429064285574,63.49164263097166,1.787453133873947,17.93390104508103,1.7874531338739472,4.748562225951364,6.992448337154483,12.218857131003944,OK,343,27.51840762638168,8.879969114011665,0.3330258914246834,0.07424885030807588,False,27.185381734956998,8.95421796431974,False
395,4.315155409272452,14.37111086316262,75.31025307620543,3.5569971989208926,25.202178807928384,3.5569971989208904,3.992276119629853,6.604683026032657,3.4795625825048773,OK,344,38.616700807593354,6.073214206956528,0.17734450644661645,0.07227281833319214,False,38.43935630114674,6.14548702528972,False
396,3.7153789626414815,13.472702832967238,85.42964310880885,3.7112636930616776,24.71319299254126,3.7112636930616776,5.5075799192288635,8.327842638252406,2.842723057852255,OK,345,32.93968364714009,4.559438541302702,0.2584041031345403,0.07566654237994351,False,32.681279544005555,4.635105083682646,False
398,4.856227685187671,13.384743830273019,74.35398233796849,4.193768469575349,24.623125892936237,4.193768469575349,4.080318220193309,6.46228074371238,4.148683557805006,OK,346,36.4632892493765,6.8614053628440415,0.13300676725686852,0.05542821200706537,False,36.330282482119635,6.916833574851107,False
399,2.929739388707408,12.090197035139955,36.1331000307591,2.8905988170462633,14.14542884832856,2.8905988170462615,2.9376132321917297,4.595041436923838,15.650453953697989,OK,347,10.072021697483443,5.7891234835162955,0.25738489633352946,0.07541766245973014,False,9.814636801149913,5.864541145976026,False
400,4.463169936503722,13.44656747645271,82.62674677297464,3.4313382862264956,24.138537980214117,3.4313382862264974,4.9921297285916495,7.688551138014606,3.2089102099395026,OK,348,35.67856658042137,5.202124935166344,0.17826451822614187,0.04964104899722426,False,35.500302062195225,5.251765984163568,False
401,3.930503041660754,15.130965843884297,79.90856212564287,2.2432010579435264,24.71158523428594,2.243201057943524,4.331081487903656,7.341984432406001,2.734653793503639,OK,349,40.479983151844564,5.149739896966843,0.09861169992070618,0.035622959829076525,False,40.38137145192386,5.18536285679592,False
402,4.599215819850193,13.562855774037267,72.57598871270234,0.848908022820914,19.653288146610663,0.8489080228209139,4.250705400249956,6.8709969771713855,7.864769312178612,OK,350,41.96824035584802,10.74397082546328,0.14087973351868185,0.05795570755104758,False,41.82736062232934,10.801926533014328,False
403,4.477639628973622,13.296024138863244,80.61735536356926,3.267948501536095,23.556975416618876,3.267948501536096,4.8915929804487845,7.524836127132417,4.036311565585371,OK,351,35.28832950807111,5.83344860377793,0.13966612142857285,0.036720225892738725,False,35.14866338664253,5.870168829670669,False
404,4.973254798075843,15.722840009567065,68.81357951108234,4.117938920080251,27.258226943925486,4.117938920080249,2.4704676395279677,4.8810965785669165,2.373999105286947,OK,352,45.33850225998549,6.740445858209794,0.2955610229322385,0.1133973260717599,False,45.04294123705325,6.853843184281554,False
405,5.369500029704107,13.606660430018072,50.060683625282394,2.4149677784342716,18.26150116548625,2.414967778434273,1.7882876245619954,3.6610715416590676,12.294446967786916,OK,353,35.89681983000559,11.107066799414891,0.31719435088387427,0.07282285103598171,False,35.57962547912172,11.179889650450873,False
406,3.1755304794719943,14.191930327560776,52.60534012411722,1.2356116971546007,17.766516380124393,1.2356116971546018,3.0633842352255023,5.228834967631018,14.057706378277688,OK,354,32.455537075401516,10.279723069087831,0.32302085381891665,0.043243214662604626,False,32.1325162215826,10.322966283750436,False
407,4.2930292151532345,13.664842175310882,58.587182212484706,4.110313157824672,22.624597983005593,4.1103131578246686,2.9852068507433884,5.009569212050636,8.840443215263829,OK,355,35.22076964202075,9.94420701377242,0.15617530287635586,0.08084703177872965,False,35.06459433914439,10.02505404555115,False
408,3.016536660156067,12.810972196035564,50.273815717241916,0.7776143025180658,15.027560979423264,0.7776143025180662,3.691423821115226,5.749490163927481,16.53202857350262,OK,356,21.48430849979203,8.072293283233387,0.534472572056995,0.09284643987702021,False,20.949835927735034,8.165139723110407,False
410,4.584542614887114,15.471773652854331,54.726773435438886,2.7112213839707873,21.975319352988876,2.711221383970791,1.724730209172229,3.813567117715536,9.451512825970974,OK,357,46.02510609444335,12.442840770518014,0.186858999348351,0.07957901179109153,False,45.838247095095,12.522419782309106,False
411,2.579286478355376,16.387483985007563,75.38531122658026,1.2283015020133097,24.627742151796546,1.2283015020133092,3.988802313222074,7.247390299367337,4.099034079993357,OK,358,40.19916876917407,5.350395124596904,0.385991790001723,0.146184771288085,False,39.81317697917235,5.496579895884989,False
413,3.6420561984400575,15.739051224190495,78.16991203030054,3.8926610820048766,28.077705796963635,3.892661082004874,3.8242543208862045,6.742521784676542,0.6916350924597628,OK,359,40.04340251853264,4.2838869968827975,0.2481212564638581,0.10689728613550761,False,39.79528126206878,4.390784283018305,False
414,2.776693971539164,12.307372253227001,66.98874417533943,1.1744724323235705,17.7545298382665,1.1744724323235713,5.207560827237792,7.620741279316409,12.02860908817704,OK,360,28.03783391264341,8.766552584177962,0.38029338727712647,0.0874944926160677,False,27.657540525366283,8.85404707679403,False
415,5.120203582019451,16.332248408918247,80.09921053099791,1.646387377498305,25.63081451498794,1.646387377498305,3.364081600224935,6.503269879626449,0.531594924712964,OK,361,47.77999557613894,5.845815095198003,0.2647860524175507,0.060282880330829076,True,47.51520952372139,5.906097975528833,True
416,3.4701147173364735,15.139109304420185,59.627255466876704,4.274086237784168,25.012442441959344,4.274086237784164,2.740239656388283,4.917022904218225,7.347305315314314,OK,362,36.71972762882408,8.580926043757412,0.25556205726684467,0.09619800227950816,False,36.46416557155724,8.67712404603692,False
417,3.9469374082304522,12.505495295149178,44.83196956219553,4.207576172889427,18.521862216695496,4.207576172889426,2.6793188060196726,4.384709630980906,14.284870156959629,OK,363,17.927506774506888,7.269801343799291,0.23980774640172892,0.05574573027877015,False,17.687699028105158,7.325547074078061,False
418,5.09232594336401,13.609488584857793,87.18463218266331,3.9918327099749686,25.397763306831365,3.9918327099749686,5.0222740237062595,7.762123180900101,1.0107833164049935,OK,364,38.28175068298297,4.2969524299621575,0.31117108455797987,0.1117274252543129,False,37.97057959842499,4.40867985521647,False
419,4.8304158551872,14.690144270089862,51.779757217332495,1.2367265210592904,18.15901497738205,1.2367265210592904,1.7993653552300444,3.876619454018943,12.43036212112582,OK,365,42.406376020458275,12.408322377610027,0.3007738514944153,0.09690213812038988,False,42.10560216896386,12.505224515730417,False
420,2.5822392571144293,12.68658879078709,86.89768406531437,0.5853188704122781,18.859681799001315,0.5853188704122775,6.792098948131496,9.765520040896021,7.762676526348058,OK,366,28.01250694134443,5.920833259983929,0.27151507814517445,0.06464161996797961,False,27.740991863199255,5.985474879951909,False
421,3.2516089181375714,12.393529786436375,85.5878977065754,2.927736185713009,21.8880100222991,2.9277361857130093,6.251818234929374,8.978116962981485,5.7242428354268045,OK,367,27.73622485841459,5.511872343669316,0.2735039285152226,0.06367349418700297,False,27.46272092989937,5.575545837856319,False
422,4.232623411494375,14.008970210903398,75.66142501596842,2.1204338814668313,22.50452724279547,2.1204338814668304,4.359550166089559,7.057256700697257,5.453812567659389,OK,368,38.828298396703765,7.593664633312112,0.13702829200269404,0.09592911947495585,False,38.69127010470107,7.689593752787068,False
423,2.8634549924096664,14.90547720014845,76.25317239179444,2.464770774698648,24.409211058858098,2.4647707746986485,4.53715724533982,7.471854872865771,4.60159120399764,OK,369,35.3485908334453,5.545178295065884,0.17657572717495323,0.056012960391412916,False,35.172015106270344,5.601191255457296,False
424,3.3937816444548186,13.98985905172776,69.08494566775212,1.7919887566569512,21.25015947482148,1.7919887566569461,4.233128566681529,6.819593077835025,8.234341727287028,OK,370,36.62577868094818,9.277301978218214,0.17188057498207965,0.06571401167543492,False,36.4538981059661,9.34301598989365,False
425,3.0336323523720616,13.73058755204779,53.27343997818868,4.498871104810664,22.218784283524336,4.498871104810664,3.225150307738968,5.173381026454727,11.223585504917605,OK,371,26.803571032291302,8.440368736532445,0.29140410788008303,0.09323534736804318,False,26.51216692441122,8.533604083900489,False
426,5.062281201746681,16.036072358235987,58.073835299048326,3.8721727331738163,25.239423778630304,3.8721727331738127,1.407745507352434,3.4848969441592175,6.016681352218086,OK,372,48.53571977434181,10.931787923045588,0.18984053577099558,0.1113225338249251,False,48.34587923857081,11.043110456870513,False
427,2.5984166549226586,15.65097115052496,78.7184949190175,2.6061149776255768,25.971175451529966,2.606114977625574,4.475032134437967,7.628510850662289,2.806179305276567,OK,373,36.70630776851637,4.3720851377314185,0.23280671695436697,0.09119831777093003,False,36.473501051562,4.463283455502348,False
428,4.992483236377824,16.305821173003416,77.73633599554762,2.003992579094912,25.94482588143189,2.0039925790949162,3.1622619995814,6.1830612516325605,0.9551987710402426,OK,374,47.55755891613812,6.016598020813712,0.243286815907395,0.05202409652581622,False,47.314272100230724,6.068622117339528,False
429,2.805304300361437,14.926740156306664,88.82912814541723,3.930175898087003,27.37734901804891,3.9301758980870045,5.50649476247035,8.764063358039618,0.09163353136288656,OK,375,35.14185948156328,3.4203642029222925,0.40865069705511115,0.14287197793723902,True,34.73320878450817,3.5632361808595316,True
430,3.6686904094658086,15.006439939107505,50.20010984401137,3.0818521720994703,20.877284037556194,3.0818521720994694,2.0914319088731794,4.062459847723119,12.019729645767367,OK,376,36.900449876833775,10.931995464277495,0.11064403841479917,0.045669560574571645,False,36.78980583841898,10.977665024852067,False
432,3.4028708084816577,13.507573771097073,37.334162554160464,4.4229361888146945,17.919316912711167,4.422936188814691,1.9285403283252869,3.543842005747285,12.89560123817411,OK,377,15.686005917193462,6.846288261530502,0.22438148972331803,0.03869191099604323,False,15.461624427470145,6.884980172526545,False
435,3.0286893466786093,12.915087348571635,56.68553543092574,4.356115733369174,21.68380737057882,4.3561157333691725,3.8594235204967013,5.862696276532455,11.04943826792301,OK,378,24.848955986149328,8.056554971106928,0.2922490652400177,0.092239887002483,False,24.55670692090931,8.148794858109412,False
436,4.194851436984452,13.39259162497055,73.66383733849945,0.970973007392065,19.702928230827347,0.970973007392067,4.5928732802778285,7.238379627445456,8.004758628860579,OK,379,38.91498890691687,9.84690392315552,0.12177142868871021,0.0515708200016068,False,38.79321747822816,9.898474743157125,False
437,4.690281600792659,12.387022009672163,55.2599263902181,2.9160746832318334,18.626136704995176,2.916074683231832,3.1883149644807993,5.124257453354412,11.971028914423822,OK,380,28.866283051333337,9.479644958878833,0.37530358582454015,0.0883480196099766,False,28.490979465508797,9.567992978488808,False
438,3.448789414968367,12.806962435755919,70.76562239226325,0.5758708412310036,17.99741026709131,0.5758708412310012,4.997908744358597,7.563745940341395,10.465353190210333,OK,381,34.01985632060798,9.765474123042093,0.21706225436310628,0.07985053057647956,False,33.80279406624487,9.845324653618572,False
439,3.6269338159856384,13.92899895149617,62.35623906147757,2.1880577794498266,20.751676018459634,2.188057779449828,3.604164405101052,5.934584573053646,9.788085977968182,OK,382,37.14242322047313,10.457691937955536,0.16480806967278624,0.06059495420922638,False,36.97761515080034,10.518286892164763,False
440,5.027630500588874,14.306405515571349,48.085456795513515,0.8016336277810276,16.213091214726568,0.8016336277810302,1.5471601593584623,3.5350470088680446,14.196233423039379,OK,383,37.905330996295774,11.592533837861923,0.35174970182749626,0.09143107961526425,False,37.55358129446828,11.683964917477187,False
441,3.329463460628033,15.34189899192172,48.4977267003861,4.300423875754042,22.651952699743,4.3004238757540385,1.9401217785829843,3.8100798032666052,11.50997918997818,OK,384,34.27523936540691,9.945904457084914,0.28358627217185267,0.09220786789672632,False,33.99165309323506,10.038112324981642,False
442,3.607245585338865,13.662175770373356,83.22234536750305,2.475828128634484,23.03424001991234,2.475828128634482,5.405686484869282,8.29016454075381,4.314500661299148,OK,385,33.84720507651174,5.245094292714654,0.13983186632705258,0.046693417928814825,False,33.70737321018469,5.291787710643469,False
443,2.5715682821074792,14.985563772390037,53.00572923741648,1.026777066866775,18.479652530238923,1.0267770668667748,3.053623280935909,5.334305282200244,13.943389883394465,OK,386,34.690235829018455,10.61963901287412,0.21206462969790535,0.05327516421945553,False,34.47817119932055,10.672914177093576,False
444,5.199071144254333,13.164727922597,40.53488137459011,2.4262924158646464,15.53686542160371,2.426292415864648,1.1323863006192418,2.8166417149951144,13.484879424979427,OK,387,22.557328103886494,8.36048329035406,0.2485393995353086,0.08642279531327945,False,22.308788704351187,8.446906085667338,False
445,4.53865790082553,12.732719859287823,83.294882510582,4.444185212535743,24.63428447773248,4.444185212535744,5.226172618842842,7.7633457223659565,3.146458394660293,OK,388,32.51733135923367,5.189880283294619,0.26394018987642215,0.06701775470849833,False,32.25339116935725,5.256898038003118,False
446,3.5774559857328345,15.584928451921252,67.7236757008056,4.346678677641089,27.243111905523072,4.3466786776410835,3.0464682184991467,5.5149581814874615,3.7502051979904976,OK,389,38.77391619614577,5.929343590831995,0.3553425269677463,0.11466221549520987,False,38.41857366917802,6.044005806327205,False
447,4.445483572994904,14.632811701754727,74.11867464550392,2.1360860839380136,23.289358465051528,2.1360860839380122,3.843624587418759,6.555840785785401,4.777895023208725,OK,390,42.27132389765477,7.817517259156571,0.1554356727750127,0.10013381446067592,False,42.115888224879754,7.917651073617248,False
448,2.5270260123907144,16.637616555209753,61.03093273617708,3.0711080019020898,25.462990771382756,3.07110800190209,2.6196737343278045,5.1255064829971815,7.074037855851387,OK,391,39.03251580300951,7.362215513158534,0.4269727075910803,0.1513861842781949,False,38.605543095418426,7.513601697436729,False
450,2.8354658582814976,13.18157161482055,56.58624218710976,4.435790626506997,22.12030291236656,4.435790626506997,3.819653292120268,5.842059453773112,10.891286938672225,OK,392,25.05477165701553,7.988306658366138,0.28483701636070524,0.09812922914851761,False,24.769934640654824,8.086435887514655,False
451,3.4675297750160556,12.724348720589203,39.1248123168781,0.901131747502729,12.580631254400952,0.9011317475027281,2.5397107130502192,4.332837996721668,16.792426887960634,OK,393,14.397429208898176,6.671727962183923,0.22358198893423845,0.0457704974955648,False,14.173847219963937,6.717498459679488,False
452,2.5297144658564195,12.827389285362026,37.283306521551516,1.2605404108290719,12.724528334272303,1.2605404108290719,3.0441181907637826,4.820910231847323,17.218246350973203,OK,394,12.017578477980981,6.181443645327702,0.3410580968667978,0.06997969963612652,False,11.676520381114184,6.251423344963829,False
453,2.608578662002821,16.76914216323195,53.87178146080579,1.5199046038162944,21.55676113034056,1.519904603816293,2.15334179368962,4.530858536387484,11.441554429249534,OK,395,43.07624148113306,11.469006281877022,0.3779923703388442,0.13227643423269875,False,42.698249110794215,11.60128271610972,False
454,2.6413853487968253,16.354818527347348,78.50498918473578,1.0578722454145288,24.62633754615465,1.0578722454145315,4.274960306091277,7.6670061093851825,3.3397995915997982,OK,396,40.19040977160906,4.834806347450206,0.3369002197440078,0.11427896872740223,False,39.85350955186505,4.949085316177608,False
455,2.540561210537202,13.584163574923755,64.88378572178235,3.4736890736338037,22.62625652086242,3.4736890736338046,4.3773044754283035,6.73902272580075,9.002314322287253,OK,397,28.4063537532108,7.813258221560058,0.16930013142544195,0.08005245890119783,False,28.23705362178536,7.893310680461256,False
456,3.0146232012039986,16.796538183733166,71.98444780193567,4.146072711359595,29.387275089721932,4.146072711359593,3.01102370752362,5.835904097335497,1.1715182152382357,OK,398,40.483284862772145,4.31130613248668,0.36265932143494983,0.1506257863635668,False,40.1206255413372,4.461931918850247,False
457,5.484694729579654,15.087475771276992,75.82723851439673,1.4991056398047928,23.16310245090819,1.499105639804797,3.396501945286083,6.191781746954252,3.5189808451315363,OK,399,48.46999298366607,8.644914477590465,0.1271627435865056,0.03801242883681289,False,48.342830240079564,8.682926906427278,False
458,2.5219485011932328,12.662001274855106,67.19537114102573,2.4185904154366096,20.101159066135246,2.4185904154366065,5.074666710599903,7.476873056639581,10.54393918201962,OK,400,26.87545874496927,8.039960540624925,0.2759058243660108,0.0848010462959259,False,26.59955292060326,8.124761586920851,False
459,3.116001220612228,16.012599390073728,65.95668941432349,1.0838718754630046,22.525960455352227,1.0838718754630037,3.1912601432532526,5.978481115912318,7.5330809819994125,OK,401,43.96369106878164,9.94268196210788,0.25012748960816616,0.09687544231793853,False,43.713563579173474,10.039557404425818,False
460,3.4540429284870955,13.391697702451053,69.27269110000795,4.449988750559742,24.457761928966356,4.449988750559743,4.280368036868804,6.614496873198288,6.270352903705215,OK,402,30.32810439199303,7.192187310377122,0.2744213975733471,0.11818907609941122,False,30.05368299441968,7.310376386476533,False
461,5.434180139557461,12.55554618385822,79.00874494054497,0.6478006912509222,18.446281710966524,0.6478006912509252,4.889870514099627,7.485334863079206,7.391593322523565,OK,403,40.70911027615653,9.958301181302483,0.3992089950949891,0.1562938804648158,False,40.30990128106154,10.114595061767298,False
462,3.995266694479762,15.099588815367934,52.90572778623841,3.532434498875531,22.328446886458977,3.53243449887553,2.0413975130348696,4.03532796366961,10.184735414993579,OK,404,39.925689049919214,11.17835994640464,0.11648696677390034,0.06939449826779692,False,39.809202083145315,11.247754444672438,False
463,3.256627584314389,12.074144558068955,35.47731890712548,1.399157545172735,11.832007995606578,1.399157545172735,2.664626665663736,4.362388629787951,16.465688015010034,OK,405,10.4792537738043,5.889392152859701,0.2541461430774323,0.06877593195494737,False,10.225107630726868,5.958168084814648,False
464,2.717929736193535,14.484966097865273,50.701546608851146,3.168151875165201,20.528269029909282,3.1681518751652056,2.933676075540017,4.952276097792467,13.06149153057511,OK,406,29.402314099530834,9.281804535301529,0.20557210395881798,0.0602541835112307,False,29.196741995572015,9.34205871881276,False
465,4.596679311362561,12.584581357276832,67.3419471184836,3.731522081481122,21.978840051968533,3.7315220814811214,4.039591908339446,6.21850584228234,7.727909328538801,OK,407,33.22599512061791,9.007974594848152,0.21070736955715702,0.043469178941425386,False,33.015287751060754,9.051443773789577,False
466,4.089143236628077,12.604912472063674,35.04818684760221,1.665297995406407,12.542710201048788,1.6652979954064078,1.657109242530364,3.321460998352041,14.79005962006962,OK,408,13.108517051418193,6.417660416163063,0.18216163167705868,0.03872180645826335,False,12.926355419741135,6.456382222621326,False
467,4.110852949248937,12.66881871568051,74.88944047085424,3.1533202724851437,22.038045855561194,3.1533202724851437,4.860053240545216,7.303293728473644,6.670769727057604,OK,409,31.83101269212268,7.524563476783194,0.12590378722937465,0.03209178488870924,False,31.705108904893304,7.556655261671903,False
468,5.279705378543866,16.174738834327997,68.05071574670568,0.9443028705050711,22.888675979924862,0.9443028705050737,2.306371457989595,5.0253378002018625,5.074479362118185,OK,410,52.786056830420456,11.540541509554409,0.30936457805903506,0.1396364726380345,True,52.476692252361424,11.680177982192443,True
469,3.7522605326999123,14.97698127079353,49.50604785010442,3.6225193482930105,21.478345630032543,3.622519348293008,1.9779357904890809,3.885384846785268,11.69732600370212,OK,411,36.13211119607823,10.688201719048253,0.15807658922232984,0.058577295969252575,False,35.974034606855895,10.746779015017506,False
471,2.678751702304606,16.316886199012032,66.07854633091725,3.131389509317293,26.114293989345917,3.131389509317295,3.057661406072519,5.723567119819059,5.330452855418498,OK,412,38.61426667782259,6.200746868539329,0.41075516077149793,0.14890144346226572,False,38.20351151705109,6.3496483120015945,False
473,2.900023499431226,16.551084910537586,70.85915571536249,1.6606834883445922,24.952825718797392,1.6606834883445918,3.347383236702509,6.362113902651517,4.664985906627257,OK,413,42.16120199176088,6.34015980191375,0.3894096222761342,0.16350736613815092,False,41.77179236948475,6.503667168051901,False
474,3.6948845471385274,12.571828060239081,84.1421185198256,1.3382207586935828,19.73487758529206,1.338220758693585,6.032492836027647,8.810568981713999,6.936794916600877,OK,414,31.143200189309685,6.473376056153896,0.19866983198567745,0.0551932877746683,False,30.944530357324005,6.528569343928564,False
476,4.133933930174927,12.497066002695378,59.34160718607673,3.11550468481993,19.766601307828495,3.1155046848199284,3.741041200865144,5.791289020463179,10.984905669690205,OK,415,29.88342519918079,9.40128034717386,0.28357165837132925,0.06216758723874364,False,29.599853540809463,9.463447934412603,False
477,4.132482855432803,12.737984089998914,76.60820481348827,1.7341649537660653,20.153198993153246,1.7341649537660666,5.0871002859955965,7.669782664724229,7.548071171871175,OK,416,34.02932321100977,8.23221023407225,0.14393789109363095,0.05515739688978416,False,33.88538531991614,8.287367630962034,False
478,5.248610785337814,12.424524874822422,46.09307099888242,4.340262346286631,18.916413513517668,4.340262346286635,1.981257736349633,3.646182275211535,12.638661185340098,OK,417,22.70137588221182,8.285911425000695,0.44773762159535313,0.11647765960995525,False,22.253638260616466,8.40238908461065,False
479,4.153733821025636,12.598269503137058,62.23211319136535,0.5468843483144904,16.57250297152438,0.546884348314488,4.078167873661926,6.369153729240024,12.46635779436817,OK,418,33.580615636422685,10.472930453574419,0.20854180256379645,0.06684974970697483,False,33.37207383385889,10.539780203281394,False
480,4.576935789209084,16.19686947047043,82.8395403973132,1.538864433267062,25.43569976253584,1.5388644332670591,3.9304204699320913,7.216442950265606,0.5316190405538597,OK,419,45.42747253717494,5.01878688363106,0.22803449109705548,0.06445285909195625,True,45.19943804607789,5.083239742723016,True
481,4.592228346818414,12.658002271752633,66.01691087185304,3.249767792455299,21.1825238371949,3.249767792455298,3.93838971141162,6.123072657014099,8.463057128665344,OK,420,34.34072511058091,9.612083044576744,0.21859572149307188,0.03985524943284241,False,34.12212938908784,9.651938294009586,False
483,5.451752701761637,16.44898202317315,59.80482299430967,2.1769782174943693,23.56920614402562,2.176978217494373,1.2603754780579663,3.5509681813467697,6.31716583655228,OK,421,52.936662740103195,12.466053544648238,0.36344260606674655,0.13582891936737712,False,52.57322013403645,12.601882464015615,False
484,2.556236793940944,15.678344611473335,82.12262540846274,2.0427167341083923,25.379542225769605,2.042716734108394,4.850541538258014,8.1890832739995,2.48031321988202,OK,422,37.013807534473656,4.090222376881184,0.2512082541996242,0.08150484801905604,False,36.76259928027403,4.1717272249002395,False
485,4.594548808834418,14.36226685538988,43.39176761679776,3.8978946774088503,19.616340654437423,3.8978946774088508,1.2264554901319897,2.92314835168178,12.443560015022024,OK,423,30.70776417889361,9.93350834636322,0.2591780881487069,0.07199267862386137,False,30.4485860907449,10.005501024987081,False
488,2.6915329662978804,12.629399425763523,42.134016294764216,3.904473935678796,17.570615949352508,3.9044739356787965,3.272018743090385,5.002131049784726,15.418458971140458,OK,424,13.992198069762525,6.476746962960226,0.24230853614769232,0.05085063093017038,False,13.749889533614832,6.527597593890396,False
489,4.01606945576575,13.756805821585425,75.88660215683225,3.7608489078841347,24.653641168743228,3.760848907884131,4.43464090736045,7.001885081030478,4.265366554233824,OK,425,34.83618612228436,6.183014138215613,0.1893671913307205,0.06025792514108949,False,34.64681893095364,6.243272063356702,False
490,3.4950318653157337,12.123042982966929,56.10336277031237,0.7583289339955406,15.30319511242919,0.7583289339955412,4.167857287912241,6.292340377030307,14.999787517538152,OK,426,23.911320858530452,8.53944471246337,0.4437001085442902,0.08747568123139825,False,23.46762074998616,8.626920393694768,False
491,4.14801437337205,15.715366697243933,67.50488401308331,3.9267232464202464,26.737959047085923,3.926723246420245,2.747179458416305,5.203601553537199,3.6580099371182246,OK,427,42.375855121315524,6.677775523861298,0.3001042568373045,0.09642042424042194,False,42.075750864478216,6.7741959481017195,False
492,3.091575780663282,15.382524781883644,57.13702099228678,1.4764313354660112,20.557895386445026,1.4764313354660092,2.828927877524901,5.2013605176166475,11.127974738382912,OK,428,40.91176815602969,11.468015956647719,0.0958573048138484,0.03402638264619383,False,40.81591085121584,11.502042339293913,False
493,3.263363357111526,12.464111181647414,69.51277059776828,1.4178070046583775,18.623938641489232,1.417807004658378,5.069281276012891,7.5196535806239115,10.580033686381675,OK,429,30.53131944435191,8.981376148358718,0.2780806110246536,0.07421079622855231,False,30.25323883332726,9.05558694458727,False
494,4.945636152974393,15.862692969504355,71.78920129284522,2.308856756888252,25.076640536457383,2.3088567568882503,2.821175420459813,5.535164483382591,3.1403277659294004,OK,430,48.00641338220148,7.906701338498509,0.17524106905883635,0.06747609084646664,False,47.831172313142645,7.974177429344976,False
496,2.606950817616378,13.513922721086246,65.28384729387672,1.130211484814303,19.08549947826407,1.1302114848143034,4.603425747453063,7.123540361576353,11.204022971957444,OK,431,32.259253017230805,9.46907764664663,0.22096613434661058,0.06358543437685492,False,32.038286882884194,9.532663081023484,False
497,3.5472731251504652,15.768093397804309,69.38015361966944,1.2520099821916573,22.984797133580372,1.2520099821916577,3.3755227389226548,6.214735962039862,6.180074443693441,OK,432,44.31391242417845,9.074134814984218,0.18256089907610484,0.06838292740219254,False,44.13135152510234,9.14251774238641,False
498,5.384533621862951,14.507129647188385,84.21883517808757,1.5488643431569313,22.942675939260575,1.5488643431569304,4.495610710046492,7.461085407331479,2.3973653306054152,OK,433,44.07194827300327,5.787758099105469,0.2061738466351108,0.08215976706168199,False,43.86577442636816,5.8699178661671505,False
500,4.644818323201401,16.641144001486584,74.39782331676872,2.4453255565665,26.780123478778897,2.445325556566503,2.789336810383631,5.706725806783005,1.2405591137240317,OK,434,47.26623557081025,6.014748498051195,0.29508026246207897,0.06509791984727095,False,46.97115530834817,6.079846417898466,False
501,5.1505675003063995,12.91893523486634,45.4340474890672,1.5431330025071808,15.196211506273766,1.5431330025071777,1.841325472335292,3.661224220602575,15.16842926334052,OK,435,25.478307276811027,8.98112186713495,0.32730009982737035,0.09492098974658424,False,25.151007176983658,9.076042856881534,False
503,4.734364837857298,13.933832832897497,84.9265544745717,1.741996148951586,22.395999084530658,1.741996148951585,5.057397623005613,7.984890530378284,3.4550773128179983,OK,436,39.74033750016612,5.4280354763037675,0.22499158209373996,0.07378422134632352,False,39.51534591807238,5.501819697650091,False
504,3.395526184729369,15.294436578107355,46.94677544621394,2.634437866140305,19.684386508466247,2.634437866140303,1.8893899682120505,3.8315854227551434,13.726403538932397,OK,437,35.13410342548652,10.739890116942028,0.1867368311845692,0.04399297841192988,False,34.947366594301954,10.783883095353959,False
505,4.0337843309813,16.141420882952467,74.6588317953142,2.8182503109408334,26.6412527897972,2.818250310940836,3.274563834992268,6.16715097987575,1.9685594452559458,OK,438,43.622034210115515,5.3983224707876145,0.23350495998704007,0.06089950924238734,False,43.38852925012848,5.4592219800300015,False
506,4.848890485840908,13.249277889699078,49.70008316548552,1.7060097779070542,16.742381999235974,1.7060097779070553,2.2734184250110054,4.197225913434945,13.829627068486134,OK,439,30.64902424402001,10.03787334547023,0.30345421748648227,0.07679232190323404,False,30.345570026533526,10.114665667373464,False
507,3.112597044843884,15.503766662484502,44.138114770263066,2.0108365012011475,18.202616280543296,2.0108365012011493,1.7836513301201933,3.719293534228699,15.09060249382804,OK,440,32.78298018837286,10.36433374266815,0.3366082275073594,0.06589152298152187,False,32.4463719608655,10.430225265649671,False
508,4.189290692436391,15.046927186560216,72.75178996138605,3.6597760160775814,26.08836843297147,3.659776016077579,3.501726507374549,6.106511213208199,3.180240032050227,OK,441,40.440072794770245,6.047661586668598,0.23374107428663216,0.0834284257618312,False,40.20633172048361,6.1310900124304295,False
509,3.1451756339541,14.791686445914667,41.124125406779235,3.3040530049067303,18.5338125876278,3.304053004906732,1.8314705420743174,3.592849116875948,13.891125079812287,OK,442,24.98965432679579,8.715434716693021,0.3572184334856785,0.064807919257917,False,24.632435893310113,8.78024263595094,False
510,5.366203161072458,13.694038736653571,48.35590998183885,3.7867659268178757,19.99600963960728,3.786765926817876,1.5322703802617852,3.283860702064027,11.45063957909018,OK,443,34.52055337864748,10.723036632332139,0.4028175302378235,0.08504048400965503,False,34.11773584840965,10.808077116341794,False
511,4.218864792795495,16.400913807253353,65.74264461539659,1.9916081273715127,24.4110371939122,1.9916081273715092,2.3917667564127996,5.022758297318971,5.33730414012858,OK,444,48.467967014248416,9.624729544677177,0.15756194928027747,0.08532359673320172,False,48.31040506496814,9.710053141410379,False
512,3.462088165084327,13.955498855875854,36.073131698072075,2.0368501783322817,14.483416238220062,2.0368501783322825,1.6091447787363364,3.3146943855447173,14.496173156408412,OK,445,17.375646794399362,7.266174655072773,0.3068649207403517,0.050894571342091285,False,17.06878187365901,7.317069226414865,False
513,3.2834860625052595,15.17276811224708,85.16639950000996,1.1270158161070842,23.34330739847381,1.1270158161070827,5.203247554740702,8.544767607924513,3.0141749794312096,OK,446,38.633048552711266,4.48053446971423,0.20895901321977814,0.042095157891726,False,38.42408953949149,4.522629627605956,False
514,5.0826809474836105,14.594189457732345,60.45761672719091,3.2275852270583347,22.854981736543586,3.2275852270583334,2.3376456414313402,4.476304842879179,7.4342400819181425,OK,447,45.06814882885724,11.68920163071618,0.13058254808354,0.08406135131157323,False,44.9375662807737,11.773262982027754,False
515,2.7248811551948275,13.022588102887498,69.48399999977389,2.3346798364203885,20.75802412249495,2.33467983642039,4.9805956975597,7.476628568771433,9.37990226866957,OK,448,29.022580971689315,8.04840057454184,0.17773177056019387,0.06788765558473667,False,28.844849201129122,8.116288230126578,False
516,2.6371263723099454,14.662153276906091,35.5109709069791,4.173168373256582,18.029555726485725,4.17316837325658,1.8110558708516322,3.4476064656347045,12.967281286807625,OK,449,17.69530008257214,7.214869100084138,0.458466750292532,0.0800218905759926,False,17.236833332279605,7.2948909906601305,False
517,5.099677731560124,13.006607101206093,49.558904583721684,4.081472092635458,19.93699773459158,4.081472092635463,2.123946081964089,3.8792076701947344,11.596313188095882,OK,450,29.407315764963073,9.610847539684183,0.44768665484167636,0.10382504977825924,False,28.959629110121398,9.714672589462442,False
518,5.2472912954807285,14.79658262092069,58.14604638273339,2.3246241741666522,21.299224961235275,2.324624174166652,2.014822844187229,4.162110180621589,8.746846559160637,OK,451,47.13091008193737,12.770295773514741,0.22659700699843505,0.08106179650914215,False,46.90431307493894,12.851357570023882,False
519,3.9566595189117533,15.576421578555992,67.13628743091488,2.067432127045353,23.608738401065132,2.0674321270453526,3.027414185880115,5.650328803638123,6.048418149040402,OK,452,44.68805464573773,9.41903450297821,0.16439823575079282,0.06358945019269513,False,44.523656409986934,9.482623953170906,False
520,4.50421309423646,13.868899966803085,56.97081437210791,0.7215259680183256,17.52956760220568,0.7215259680183236,2.856553850744657,5.087034898220574,12.237441194129389,OK,453,39.67516840926157,11.835291379580783,0.26462815017768687,0.06918822053785405,False,39.41054025908389,11.904479600118636,False
521,4.646675921671953,13.089856207448289,58.651491778622244,4.397859608209327,22.328910744787102,4.397859608209325,3.0677793668039897,5.024412445437271,8.866315848687165,OK,454,33.5427910722312,9.76304992637358,0.28020180548158413,0.07509676916173154,False,33.26258926674962,9.838146695535311,False
522,4.402949431810095,13.125453118758124,38.18214715106925,3.410202893982713,16.32408902255156,3.4102028939827136,1.4566817766279598,3.0855629778368634,13.079415518613486,OK,455,17.255111862645926,7.2285125198039095,0.1548716258974933,0.05018265090835835,False,17.100240236748434,7.278695170712268,False
523,2.500171816445158,16.53858026822418,84.02256832507304,1.415335369529724,25.83030269693227,1.415335369529723,4.714572511369333,8.349079698488545,1.272371970829702,OK,456,39.70627916955889,3.840361543659133,0.30604715404487526,0.09260742133778457,True,39.400232015514014,3.9329689649969177,True
524,3.1906643641822594,13.74223368165639,77.55079389898981,3.310061199995967,24.081066856866798,3.3100611999959657,4.97047268415049,7.688427690142609,4.934480091754388,OK,457,31.794158557275544,5.843419530279916,0.2084114482800934,0.05126960750783889,False,31.585747108995452,5.894689137787755,False
525,5.307530514090059,13.260651086704204,60.6856991604845,1.0143983922171216,17.863823587454526,1.0143983922171216,3.015092425536551,5.2316828162351126,10.81108134249141,OK,458,41.37445980506875,12.113444703543433,0.30265572220558334,0.058557550710647326,False,41.07180408286317,12.17200225425408,False
526,2.8590644824676423,13.32493708368469,82.37294658596484,3.3454946939314927,23.810980035720576,3.3454946939314936,5.696038148407368,8.513462868988437,4.691326697852483,OK,459,29.190541011019167,5.217875983725884,0.3026807174997071,0.05587225444564038,False,28.88786029351946,5.273748238171525,False
527,3.711242600716947,14.034151143749382,84.33731683762478,1.1814079605941479,21.68113455077264,1.181407960594151,5.447312076060765,8.50318000716689,4.696615521840231,OK,460,36.60402162376322,5.501113100523251,0.18683542403880118,0.06748156800238182,False,36.41718619972441,5.568594668525633,False
528,5.133107933106559,15.803643020133745,72.46005223199631,0.9133521595938472,22.94271909325348,0.9133521595938491,2.9568085864040867,5.812823031548284,4.302695296847199,OK,461,50.8149385407485,10.078126050798994,0.1946693760427899,0.10867099449255711,True,50.62026916470571,10.186797045291552,True
529,4.040164093743744,14.429852734241807,60.84539715483392,1.1443447674190868,19.588936028469853,1.144344767419086,3.1160719756425586,5.497620677392705,10.382258143830855,OK,462,42.44172714382091,11.995313030688248,0.14679306856454702,0.05420481354387243,False,42.294934075256364,12.04951784423212,False
530,4.558632517161305,14.609418462025317,69.70375618506031,4.425690490236629,26.240960553569707,4.4256904902366285,3.2408717731696903,5.604475283819189,3.6426512829721025,OK,463,39.749083081273376,6.835412343236263,0.26621683404439783,0.1195918774719448,False,39.482866247228976,6.955004220708208,False
531,4.857807579530336,12.153037942527218,87.7564372060022,1.7585138070746067,19.820766851326965,1.7585138070746071,5.97385182164448,8.640135637767834,5.75538604266978,OK,464,33.56905071926168,5.995745454734314,0.47371245865017414,0.13829307578393918,False,33.095338260611506,6.134038530518253,False
532,2.7356601594610264,12.9527990795705,42.91044079413634,3.8277266000695866,17.96620671440094,3.827726600069587,3.1379792262354655,4.890828202531669,15.321731750555427,OK,465,15.730592077011655,6.807545575602096,0.24623634258208865,0.046527444476719186,False,15.484355734429567,6.854073020078815,False
533,3.910347036693218,15.425183505832937,70.0341981972163,1.8484379131230442,23.496652986829993,1.8484379131230446,3.379672076886415,6.116759508206675,5.559623385514966,OK,466,43.7624305938277,8.632393621247923,0.16509272829404142,0.0698305360734861,False,43.59733786553366,8.702224157321409,False
534,2.978094500820846,12.943757053783663,68.36336182881195,4.262185583178154,23.416558180705074,4.262185583178157,4.659382193978541,6.975799879421791,7.683648202177184,OK,467,27.115956767021654,7.268935375305008,0.20500841839720427,0.13152741234754048,False,26.91094834862445,7.400462787652549,False
535,2.833491760280275,13.904621862111796,78.77407583300372,4.492183340767632,26.245223066525874,4.492183340767634,5.021599554903556,7.749784229819847,3.4097403608305537,OK,468,30.25246977562461,4.967648973430163,0.39870786346039316,0.09623259608265677,False,29.853761912164217,5.063881569512819,False
536,3.8159647444919003,13.029979275935501,71.67807296328249,4.12029899702935,23.7150608287589,4.12029899702935,4.494887269583586,6.854572111533734,6.1907081012876635,OK,469,30.930958957559774,7.283389384362979,0.20090045864509526,0.09021247836242283,False,30.73005849891468,7.373601862725402,False
537,3.257983425142398,15.755789098317454,56.79124996275557,3.654017292065275,24.245568573566935,3.65401729206527,2.380261383905392,4.563702880050574,8.555826008650117,OK,470,39.023879808573795,9.499662001115379,0.1491667751359598,0.046769156650688294,False,38.874713033437835,9.546431157766067,False
538,3.372772895865939,13.877184379492057,57.08001049885267,3.848085617511784,22.208365844816747,3.8480856175117846,3.2646040189166996,5.3388469369325176,10.137332725786885,OK,471,31.645333531653716,9.2674948410139,0.17684847944342774,0.07740595161328893,False,31.468485052210287,9.344900792627188,False
539,3.878361118128395,14.253232255993314,77.28411209581608,3.348692388114767,24.884401705759196,3.348692388114768,4.4177903963105365,7.133038019854268,3.6762536239165367,OK,472,36.492287144508666,5.654022738632136,0.14702783924914975,0.05284088984808416,False,36.34525930525952,5.70686362848022,False
540,5.425079807619007,15.257655429184187,62.13636123746018,2.8454952286360315,23.47791073890253,2.8454952286360333,2.0148550085312884,4.252025199812033,6.206450761991384,OK,473,49.26709822133248,11.880511869444616,0.206162151857566,0.0745503671392604,False,49.06093606947491,11.955062236583876,False
541,2.5448749629396294,14.132154395376514,84.98085666483968,2.1923532404208563,23.38059423739994,2.1923532404208568,5.824089129025602,8.956658476978024,4.219235906770006,OK,474,31.67574964896449,4.5641547854307545,0.25864214080698245,0.05909175801466716,False,31.417107508157507,4.623246543445422,False
542,5.1389481920414735,12.81811848643556,67.1243364833937,3.6344064218571477,22.128951007386142,3.6344064218571455,3.6658331718965975,5.829623842692953,7.163488073677557,OK,475,36.94374197260258,9.722040344327905,0.23801400197884762,0.053382671857425096,False,36.705727970623734,9.77542301618533,False
544,5.094126896517714,12.595215186447358,67.25298852200496,1.9875095068177397,19.377002822634417,1.9875095068177395,3.9138254332329048,6.176738579903619,9.054699253282754,OK,476,38.32172806103658,10.872671912080333,0.37162581761627766,0.06800753808668561,False,37.950102243420304,10.94067945016702,False
545,4.342835391657282,13.33250628829542,68.3031665441749,1.5528882612661905,19.87810230104217,1.5528882612661925,4.056433280673996,6.4979090966621005,8.827077882008652,OK,477,39.14666465392314,10.684203032507353,0.13088094433186154,0.044377453548963774,False,39.015783709591275,10.728580486056318,False
546,3.8912286714503246,15.186954462083639,61.462144027221726,1.529226138473284,21.266541209242938,1.5292261384732826,2.841432745652142,5.283640750924821,9.066019708454213,OK,478,44.66604789222677,11.852882387524021,0.13336027969847766,0.05409392093160829,False,44.53268761252829,11.90697630845563,False
547,2.5688020849372992,13.242339233262461,40.341803357412324,3.639488972012367,17.328536813635615,3.639488972012365,2.9417850175113998,4.6701850966427365,15.15906836280174,OK,479,14.84450711956689,6.658720853491406,0.2918542527257273,0.05365108728991511,False,14.552652866841163,6.712371940781321,False
548,4.9089271571124575,12.273658416386095,46.17548363210034,0.5950253107049428,13.325832771558982,0.5950253107049441,2.4224465457558004,4.300118184625736,16.46557942733365,OK,480,21.2575553734005,8.099558444130214,0.36193027198381394,0.09753776152200898,False,20.895625101416687,8.197096205652223,False
551,5.022104104583589,12.000464738233676,69.14298905834988,2.770392540168707,19.942998294728937,2.770392540168705,4.310516045074937,6.513479334512681,8.655752292387268,OK,481,33.947472590788,9.61156538655697,0.4607256115591657,0.08581784817829496,False,33.48674697922884,9.697383234735264,False
552,5.456030877412996,15.667621644206928,84.30981641247459,1.1260512787935593,24.061615310120295,1.1260512787935544,4.01517602261432,7.210887312432195,0.8491654368311267,OK,482,47.19513443046547,5.74878122254548,0.23982693589432189,0.08040624241651972,True,46.95530749457115,5.829187464962,True
553,2.5918632928850163,12.637640593695933,37.992807551632424,2.698963334641308,14.807148444203811,2.6989633346413084,3.0891769731334797,4.805464035488871,16.100365251285314,OK,483,11.715499006853554,6.098473051532088,0.29228106879781574,0.06666904673438659,False,11.423217938055737,6.165142098266474,False
554,3.9927100771269295,13.168751884162056,83.77178040481881,0.7012687844948907,19.65753657469655,0.7012687844948905,5.694916898159789,8.586428521346459,6.462569574836985,OK,484,35.294038143791354,6.8358850872795935,0.21697654043082865,0.0953635948949132,False,35.07706160336053,6.931248682174507,False
555,4.998246728278512,12.691422830949362,41.79206284504981,3.949632348540152,17.615250134357055,3.9496323485401534,1.600846961846056,3.232536801349731,12.84496194232507,OK,485,19.583733894378934,7.689424406968564,0.26191827498051595,0.08246070033135183,False,19.321815619398418,7.771885107299917,False
556,2.62477747849778,14.161003466720697,47.329279183099224,3.495782881675308,19.829058084554866,3.4957828816753103,2.916024109454,4.820262664612493,14.338326348052972,OK,486,24.57339139539675,8.430098323959268,0.27759536733434736,0.06118811670288127,False,24.295796028062405,8.491286440662149,False
557,5.340751079678382,12.839672359079247,49.39352515372062,3.8156045891912154,19.318309490220358,3.8156045891912145,2.053459581044958,3.8051513398002843,11.810310056108431,OK,487,29.189016415630007,9.621822829497054,0.4808783376400028,0.11513275630632146,False,28.708138077990004,9.736955585803376,False
558,2.9994021438129397,15.449928809208425,73.29935048873446,1.9961549994328598,24.180926245085892,1.9961549994328571,4.019352398049808,6.948935701411925,5.033370726728544,OK,488,38.52281474396948,6.307500928935268,0.23210552217405356,0.08050067994841074,False,38.290709221795424,6.3880016088836795,False
559,2.9418240037489207,15.957183369855693,68.52994844169294,2.490722336418664,25.020466485423917,2.4907223364186613,3.3644467695787057,6.130326206786842,5.4032096587884,OK,489,39.64460823095501,6.741447038111132,0.33213664068089616,0.11330137606960324,False,39.312471590274114,6.854748414180735,False
560,4.742016900659831,12.175944728633294,42.80142299893109,1.851483860263977,14.296518674392793,1.8514838602639776,2.197199134231411,3.9446826954725918,15.532326094010092,OK,490,17.281595861817276,7.259215743272561,0.25764555763657493,0.07525775682728872,False,17.0239503041807,7.3344735000998496,False
561,3.5541517473336763,15.228255888639929,62.289645455289715,3.2104791088695097,24.024474513178703,3.2104791088695097,2.9212280415314353,5.273661950491595,7.312120055650606,OK,491,39.7938930897917,9.253906177515564,0.22660237225953414,0.0920687507026472,False,39.56729071753217,9.345974928218212,False
564,3.926244419198672,13.776710326150077,50.5876898488325,4.097669505898493,21.072513264024025,4.0976695058984935,2.5282246297467736,4.385392228191623,11.693930010218319,OK,492,30.07117806072931,9.511927954842589,0.22457741496814404,0.061864031215420286,False,29.846600645761164,9.573791986058009,False
565,4.262306139524528,15.599933748067077,88.4813450198599,1.9733772335431476,25.3713700372628,1.9733772335431512,4.85170395685936,8.214194592883615,0.023247261881168567,OK,493,42.38078837531817,4.108551874864576,0.2838431638943111,0.09565929014141127,True,42.09694521142386,4.204211165005987,True
566,4.910911022757665,14.065714204845252,80.49113742654177,3.20710092619951,24.61850723743887,3.2071009261995083,4.365797337163382,7.070643803276914,2.591894199529692,OK,494,39.8605366839492,5.471986313598464,0.1697456149999997,0.06342114874705049,False,39.6907910689492,5.535407462345514,False
567,3.0537407873932483,14.999459244142507,80.67707530643702,0.6201511362952998,22.094400501449087,0.6201511362952995,5.01009740542052,8.235296923880348,5.021619625926629,OK,495,38.00509495375505,5.834525058929856,0.20952001563792724,0.07308149509775203,False,37.79557493811712,5.907606554027608,False
568,2.997499735289962,15.697155645918864,41.91001860304751,1.0821259801761456,16.387240397320234,1.082125980176145,1.637946735771962,3.5952222193123617,15.615079569515977,OK,496,31.57444576683857,10.1944697604558,0.477760444537413,0.09403415324884572,False,31.096685322301155,10.288503913704645,False
569,3.5722557386995413,12.982780712298627,41.26571493956117,3.2786029911722174,16.787035337923484,3.278602991172216,2.436726801614533,4.1500818265607435,14.707374582184903,OK,497,16.544923164901522,7.049795274639185,0.17725551264667788,0.036072039026242515,False,16.367667652254845,7.085867313665427,False
570,4.223969203410363,12.86528390766237,53.55589624450147,3.583935457039688,19.866833448370286,3.5839354570396886,3.0523563565969845,4.957792890141588,11.786738476763425,OK,498,28.404481251877208,9.271735134503347,0.27276360856584847,0.0577189260127126,False,28.131717643311358,9.32945406051606,False
571,3.9739382167176442,13.630887743679025,68.42032121282372,1.2153823049960046,19.80384002286862,1.2153823049960022,4.129660187777745,6.656769432723626,9.01474357299876,OK,499,39.245186638983434,10.645514522201381,0.11800569573369085,0.0439747119159489,False,39.12718094324974,10.68948923411733,False
572,4.332380814996425,14.18516659680653,51.42255296700509,3.201299768377927,20.398995944797846,3.2012997683779223,2.2011305233111997,4.126877120323179,11.56277630140278,OK,500,35.96495368952425,10.874847369268524,0.12885442763369492,0.030071299727172925,False,35.83609926189055,10.904918668995697,False
573,4.385291494062324,15.335205009358697,66.91205159748118,4.404424713423554,26.83971442059005,4.4044247134235555,2.7454723296607035,5.087844116268069,3.6850325627625082,OK,501,41.574864948498295,6.891545844149937,0.30582431185019465,0.1177281517734293,False,41.2690406366481,7.009273995923366,False
574,2.5096587548558467,14.873683680033333,50.08525658992835,0.7121223850575973,17.194453902709846,0.7121223850575967,2.969991565432693,5.180753365169197,15.4933041313105,OK,502,31.5649231869511,10.104194121465865,0.3581923364985657,0.0674419417356315,False,31.206730850452534,10.171636063201497,False
575,3.275611960486046,15.731190515645118,62.82876578336256,4.294263650639419,26.492723716155858,4.294263650639419,2.75859601645449,5.091788580907327,5.594441635698085,OK,503,37.75099016166284,6.942315060598672,0.3487064553401416,0.08855539220554878,False,37.4022837063227,7.03087045280422,False
576,4.485095948592461,15.170920726856728,64.58663025699259,1.4115646750625808,21.63211870559779,1.4115646750625792,2.823089770634102,5.336808081218862,7.664990854330732,OK,504,47.35774484733687,11.962903875964836,0.15994212175197353,0.062245490177178245,False,47.19780272558489,12.025149366142013,False
577,2.585946777857404,12.608159399736996,73.95186122056705,3.7940330769648427,22.8344314610003,3.794033076964846,5.431318681690751,7.918719423587538,7.462678700867444,OK,505,25.359536582406623,6.614198772114932,0.30525302074794686,0.13745773727317256,False,25.054283561658675,6.751656509388105,False
579,4.499486417492129,14.733523885922903,45.02600967076969,3.8465133953522748,20.367146143306,3.8465133953522743,1.2596518748752423,3.0009023135311494,12.58475197457981,OK,506,34.55290719310303,10.665836627670835,0.23588225277760033,0.061479797674388784,False,34.31702494032543,10.727316425345224,False
580,3.187500154935878,13.622223592637377,41.504893066702536,2.30007393608936,16.038051905013887,2.3000739360893583,2.450928857994125,4.250380335722223,15.621745984552428,OK,507,18.850020662732216,7.53402118567848,0.34658404949651916,0.057944449794821266,False,18.503436613235696,7.591965635473301,False
581,4.230475776288916,13.553372466721955,86.20115102961309,4.282186478609729,25.739952600915686,4.282186478609729,5.273234731163967,8.040537039335419,1.598450288567255,OK,508,34.91723031087293,4.274158607037179,0.32004737038793557,0.11379965214964055,False,34.597182940485,4.387958259186819,False
582,2.5605155713254724,14.671548565758073,84.39080589401068,2.018823683230683,23.91424024327477,2.0188236832306803,5.538678761286128,8.767117951707466,3.6204325249897717,OK,509,33.7013181613025,4.33614796988969,0.24715827891644912,0.06466272835557689,False,33.45415988238605,4.400810698245267,False
583,5.256376320010934,13.799911118162001,83.55551521979055,4.338164900141621,26.120806598869066,4.33816490014162,4.5075918654793234,7.143087513143577,0.924965194216691,OK,510,39.199824927713415,4.613953088704107,0.2861495281487544,0.11254979174113271,False,38.91367539956466,4.726502880445239,False
585,4.808128653522529,14.219443861124024,70.08088452238545,1.9208640068906129,21.895667859506815,1.9208640068906144,3.5473701668731152,6.0747537628260115,6.4448882969886,OK,511,43.97709466132225,10.382400933463027,0.12136083557501384,0.08345769996102421,False,43.85573382574724,10.46585863342405,False
586,3.3003857617740304,14.599157642306153,53.34483280852706,2.085358570157422,19.665159634995277,2.085358570157424,2.791841918452789,4.931644137987931,12.516426644855427,OK,512,35.63637392461831,10.750490579665952,0.1378974814263562,0.03154776311169111,False,35.498476443191954,10.782038342777643,False
588,2.6712290383469015,12.779597992596383,62.5929800136624,2.468355841806252,19.689095409547186,2.4683558418062526,4.626756210116653,6.906881323729687,11.53839943377168,OK,513,27.225942454349298,8.52083612797648,0.28342723267365993,0.0660318403765748,False,26.942515221675638,8.586867968353054,False
589,5.316404063658276,15.345044191319676,55.340750466306275,3.8615547834189567,23.70571170435884,3.861554783418956,1.3850362931351654,3.340840192612811,7.564762509803481,OK,514,47.20496217588191,12.150614548861121,0.25228745167879163,0.10244033202697353,False,46.95267472420312,12.253054880888094,False
590,2.5967440281184366,16.115181031038112,57.39393078932916,3.916727118159814,25.25426742088583,3.916727118159813,2.5548416930118627,4.808082759010112,8.213172505076642,OK,515,35.88465708134177,7.9050075181215975,0.366050160361563,0.06700815636011018,False,35.51860692098021,7.972015674481708,False
592,4.1791426394333016,12.024370410102353,60.18789249789751,2.1585596635094473,17.885327740434285,2.15855966350945,4.061485943040857,6.153225053644761,12.130653815575396,OK,516,28.446472904432554,9.291550161480766,0.3459030445004047,0.08603792342101704,False,28.10056985993215,9.377588084901783,False
593,5.402172347198411,13.558345491693615,57.56284537426983,2.884740221559222,20.454075758604233,2.8847402215592215,2.4426757407806434,4.454742441523766,9.557172232456558,OK,517,41.05410907214336,11.848337986271646,0.29990559697037356,0.047903761238324995,False,40.754203475172986,11.896241747509972,False
594,4.778941459164084,15.497203495235226,69.89594408101885,3.7502505015706666,26.51420735016572,3.750250501570667,2.7846947785011515,5.2691402757227745,2.8774892915445274,OK,518,44.43077370823631,6.8432690392387165,0.2678210909703654,0.10971211459195562,False,44.162952617265944,6.952981153830672,False
595,4.607412084642501,12.710567836831656,38.72527331197708,4.286212337573657,17.36647236542015,4.286212337573656,1.5419348570104034,3.133153671736986,12.419381556807423,OK,519,16.133559746417646,6.980837228317688,0.19050516217236035,0.05143135079267664,False,15.943054584245285,7.032268579110364,False
596,5.124267947965398,12.972223929415145,66.2892234979999,2.794762134980937,20.968382488553516,2.794762134980939,3.5917985313708556,5.806799542962645,8.029499496195935,OK,520,39.09885769543368,10.670275434112531,0.23208025072687463,0.037937997901996055,False,38.866777444706806,10.708213432014528,False
597,3.196837998464652,15.054504603363595,38.58069311931246,3.542447017914436,18.383903081336918,3.5424470179144354,1.4498636725733292,3.147954468825251,13.060435724264373,OK,521,24.42707707263279,8.61131792562037,0.3854223210297295,0.0693931081870372,False,24.041654751603062,8.680711033807407,False
598,3.84650261488271,16.29360015296286,66.78533047602538,4.414578397929977,28.222799405301835,4.414578397929975,2.4962295387921927,4.94841757796145,2.8281325387179463,OK,522,41.96092601442363,5.651948353973151,0.37716661282644987,0.12977473756356045,False,41.58375940159718,5.781723091536712,False
599,4.38244513348646,13.139559303260473,80.7534357255606,3.97626386309045,24.411979237519965,3.9762638630904483,4.944315130032521,7.51939240705086,3.6004073360461955,OK,523,33.733607872287806,5.539635398266254,0.1953409888812686,0.04577394096159619,False,33.538266883406536,5.5854093392278505,False
600,3.5398764930573665,12.640691825210604,56.86987937442896,1.5444245167018282,17.208935699345645,1.544424516701829,3.9041403812133204,6.035651435988283,13.527149508292714,OK,524,27.712626598006505,9.243460167684868,0.2912562213400097,0.04829248719603006,False,27.421370376666495,9.291752654880897,False
601,2.6679151553319156,13.036666974111727,81.79126912946862,1.4580821593869797,20.50399716392053,1.4580821593869764,6.059596866047237,8.938523166263511,7.2861106154305215,OK,525,28.83851624930689,6.2523503396189986,0.22443908338214555,0.060108095911920484,False,28.614077165924744,6.312458435530919,False
602,3.8953986781139585,13.68960938066933,64.39132058159778,1.7327286677323652,20.081429747737765,1.732728667732364,3.777567076428884,6.161892313139731,9.674803705342379,OK,526,38.283806970063885,10.767493912728927,0.13508637087329786,0.05164390706517414,False,38.14872059919059,10.8191378197941,False
603,3.928013165463634,14.23563880621128,63.55086905386636,2.8746273521546843,22.394465967820217,2.874627352154686,3.3483892861975733,5.665833285018881,8.128510485811567,OK,527,38.77604504377652,10.091322436126415,0.20522958403324723,0.09916313585343148,False,38.57081545974327,10.190485571979846,False
604,4.730175337006205,14.087083140399248,68.57278765037273,0.7805205476495134,19.80844215315797,0.7805205476495143,3.6118021122860853,6.178570799081394,8.224781797450301,OK,528,45.155873311151694,11.920224146521385,0.16269700398620354,0.061390210357696894,False,44.99317630716549,11.981614356879081,False
605,4.400213849667171,13.996385599626064,41.779536136598026,2.079697480178198,16.151081451915196,2.0796974801781953,1.444448140633476,3.2183983866041004,14.32634144079175,OK,529,26.002405769982104,9.06883250824311,0.1852400776003463,0.05597659657924861,False,25.817165692381757,9.12480910482236,False
606,3.0938637124172548,13.576472886428053,68.74318030925815,1.5882831601829477,20.32490777402777,1.5882831601829461,4.5595381070101375,7.12356510047298,9.302557243980331,OK,530,34.00130665194015,9.191580912520779,0.16079476493424016,0.04941042425867296,False,33.84051188700591,9.240991336779452,False
607,3.768993225693614,16.657086007595137,57.500405161417675,1.9990991772669875,23.041952888117528,1.999099177266988,1.8274251185933394,4.196217650173134,8.565720376294971,OK,531,47.957198583312795,11.7193983303589,0.16542794367025168,0.10707655088872185,False,47.79177063964254,11.826474881247622,False
608,4.183988201927992,14.53556981066158,74.93735643942905,4.0954345622117305,26.24650814099703,4.09543456221173,3.8899303358636708,6.476854847229074,2.863575373976226,OK,532,38.10430369080078,5.600952388356407,0.2313954975085597,0.08386543094815929,False,37.872908193292226,5.684817819304566,False
609,3.9587216987461247,13.847302775167526,54.57820505181731,1.2778163676662122,17.84194956597254,1.2778163676662142,2.9365585953938513,5.087836078093368,12.97516816710109,OK,533,35.351972482536254,10.916699466004511,0.3082034213989448,0.0595436619872115,False,35.04376906113731,10.976243127991722,False
610,3.3638303483621383,13.784531627059609,55.87339420775983,0.8557733463984865,17.40869166140706,0.8557733463984865,3.4225731831010116,5.669182993566045,13.5159347314224,OK,534,33.39799348167646,10.471986043577283,0.3448225939082265,0.05110031066588911,False,33.05317088776823,10.523086354243173,False
611,5.4410138686536165,13.851421085721068,74.81350169002584,3.6928332615009527,24.58928176028619,3.692833261500951,3.694318915718366,6.128883324135957,3.425417876746301,OK,535,41.27690630218193,7.089577303204404,0.13808645673593917,0.10326369154107291,False,41.13881984544599,7.192840994745477,False
612,3.0362319365463404,16.23762863712106,57.74507272793818,3.102190215846987,24.2417027996759,3.102190215846986,2.351747916681944,4.659676444806255,8.41053477002589,OK,536,40.67633905027171,9.417989349546202,0.21198009277991942,0.059666249835661815,False,40.46435895749179,9.477655599381864,False
613,3.061006116739082,15.557558744604336,60.150844796817395,1.67468034024073,21.713141688580833,1.67468034024073,2.9594138857760015,5.435360002712992,9.647069811032985,OK,537,41.60902489838414,10.945922863821846,0.14282295263029124,0.03587395961834329,False,41.46620194575385,10.981796823440188,False
614,3.171804112423715,14.773165381916954,51.323485489487645,3.7081827096234847,21.823051041085378,3.7081827096234825,2.5414439320448743,4.52146357741311,11.636452903503317,OK,538,32.87667887247607,9.791967434171209,0.18080043307256313,0.06782536476473766,False,32.69587843940351,9.859792798935947,False
615,5.161451019601651,12.147669380786763,44.67542062068985,2.353175843175922,15.40909783179929,2.3531758431759235,2.0951567323873768,3.832076443703963,14.986198978850705,OK,539,19.71365742362689,7.755083932974392,0.37958811570541023,0.1044510574447731,False,19.33406930792148,7.859534990419165,False
616,3.3533764843605973,15.148937627871074,39.48937364520268,2.5152208176921746,17.23647603295221,2.5152208176921764,1.3990571857219578,3.1682650460221247,13.915326438929227,OK,540,26.817743489966077,9.176154805303014,0.42825808825950723,0.08070656699674301,False,26.38948540170657,9.256861372299756,False
617,4.022067335439919,16.054465259695935,86.03571527731059,0.5782253108655885,23.87473999082851,0.5782253108655907,4.6623517911935295,8.177632774667355,1.3856516337642315,OK,541,43.792716157295835,4.715404126861857,0.18006179741784645,0.061549356013467164,True,43.612654359877986,4.776953482875324,True
619,3.2348956916318645,16.623327840841565,84.76970699761887,1.5534959397793755,26.209142654958093,1.5534959397793788,4.445830434594949,8.029288664696697,0.2757200186821679,OK,542,42.14604491673723,4.037593911248647,0.2262731169388508,0.07836670025699342,True,41.91977179979838,4.115960611505641,True
621,3.1181432991070004,15.982807191754226,60.77283475628555,1.8334442631239398,22.638427181479273,1.8334442631239403,2.7499500100218164,5.263737443176289,8.727439792432351,OK,543,43.03772743563055,10.596766554839311,0.18718927736192553,0.05823987532361282,False,42.85053815826863,10.655006430162924,False
622,3.1608823912039883,12.300069728376489,65.63271298737841,3.195106211339615,20.561145015508124,3.195106211339614,4.768624292797721,7.006978440293832,10.174694183422474,OK,544,26.779710969234408,8.160850711273865,0.2753646208626056,0.09130600341184984,False,26.5043463483718,8.252156714685714,False
623,3.9429046297809993,12.879538932444472,56.59032025546749,2.098612814957317,18.2649425168836,2.0986128149573138,3.51551902768335,5.600105410232077,12.516859613740035,OK,545,30.360709452150996,9.762398212705815,0.22040938029848062,0.04027569178522668,False,30.140300071852515,9.80267390449104,False
624,4.053446251443434,14.396763547021592,60.921997439516005,0.7186859312046141,18.92991544118611,0.7186859312046097,3.163417406845703,5.578608831573309,10.78925627738699,OK,546,42.66230504652669,12.154153604715559,0.15903880872015497,0.052361086729291274,False,42.503266237806535,12.20651469144485,False
625,3.664977419411298,13.184045640984792,69.44445514213167,2.5097738071108413,21.24169543881277,2.509773807110842,4.453376673270213,6.888564315836513,8.294605137104034,OK,547,33.488750855773716,8.82081766229125,0.1684457297845166,0.05417845107844798,False,33.3203051259892,8.874996113369697,False
626,4.427955435417867,12.862045806486181,89.70851742251074,0.9817933777155821,19.73379765485489,0.9817933777155805,6.154617676462319,9.056409160980465,5.320272336645452,OK,548,35.25165357876328,5.470273103596358,0.43223883008413116,0.10911994790062035,False,34.81941474867915,5.579393051496978,False
627,3.697162619312952,14.079182634145887,50.53478470227895,0.5359510421694286,16.151392308461077,0.5359510421694286,2.699628348033606,4.824730945347847,15.03809834506428,OK,549,32.31994321263133,10.380031051751613,0.4988074197133308,0.09600318496747647,False,31.821135792918,10.476034236719089,False
628,3.124990427448179,12.723725222983301,81.81696332357598,1.4374167820464707,20.013040471068024,1.43741678204647,6.002357574038946,8.793399891943043,7.461631658791289,OK,550,29.54166152610642,6.598368041798053,0.17028803973110931,0.053850880278700455,False,29.37137348637531,6.652218922076753,False
629,4.175960946636602,15.783485080907106,71.18515247323938,1.3177551060270667,23.361629842535244,1.3177551060270718,3.2352883043889626,6.0838161593433675,5.034260596142569,OK,551,46.68785244545125,8.933425082227943,0.12274326448395129,0.06394242545222399,False,46.5651091809673,8.997367507680167,False
630,3.796274470230909,14.246155478723383,70.63911063685799,3.176778168059958,23.909930790818315,3.176778168059959,3.9295464148931245,6.45496630855747,5.743635778003959,OK,552,36.77863100756931,7.6148702420572745,0.22667234143398035,0.09650627366589022,False,36.55195866613533,7.711376515723165,False
631,4.288995090901457,13.295023574084494,49.3390424241621,4.344723779387374,20.60677111838627,4.344723779387375,2.4413957574753447,4.224544546788975,11.92901681856531,OK,553,27.49327316299261,9.089400282350146,0.3291271777915429,0.07958726749015518,False,27.16414598520107,9.1689875498403,False
632,5.418183113993003,13.414137977470412,42.173980084349985,1.2649692387332796,14.507835064719853,1.2649692387332825,1.0805362511451477,2.8590022727522033,14.436408593156312,OK,554,27.346149776085138,9.395087660063064,0.3364357949706241,0.09036622308426805,False,27.009713981114515,9.485453883147333,False
633,3.557953237341776,16.424334192812594,76.38908790397966,3.9444258687370577,29.04843700886623,3.9444258687370573,3.3596353406411446,6.295069888198011,0.12469409041717854,OK,555,41.58627364723266,4.258645241462469,0.3124777531599176,0.1251620651048191,False,41.27379589407274,4.383807306567288,False
634,4.9968262157868235,13.672982140434925,81.680361347944,2.669727189007343,23.27178242822705,2.669727189007342,4.66167144464799,7.376000521192637,3.439947766936606,OK,556,39.248653349177474,5.840708556073622,0.17562451912422766,0.07430403333075186,False,39.07302883005325,5.915012589404374,False
635,2.6144998545936375,13.993597897120088,73.45573142686894,2.8618655782807623,23.389440755900686,2.861865578280762,4.817461895276676,7.52546443718877,6.503894183543823,OK,557,30.770242866414847,6.569637411043773,0.24915377347922166,0.05727667538015975,False,30.521089092935625,6.626914086423933,False
636,3.3364113820214527,13.423186502720206,54.7818740013528,4.106965528740766,21.570091573636198,4.106965528740765,3.333438051220302,5.3112254987433865,11.134364767322657,OK,558,27.962827099423478,8.792789337097748,0.23433939258660533,0.07534921842871524,False,27.728487706836873,8.868138555526464,False
637,3.867419830867369,14.680362788024684,53.5065250998782,3.9630789140736655,22.613435321851206,3.9630789140736655,2.3417644908718422,4.313671350786164,10.041786240470065,OK,559,36.69843098208438,10.416025401918157,0.1494374660054335,0.08354694270499215,False,36.54899351607895,10.499572344623148,False
638,4.812945802567355,12.58830589451037,47.59358605003041,3.0629349509115573,17.542422641240464,3.0629349509115578,2.3634686879020386,4.13980600080313,13.72602548204143,OK,560,23.61449753812685,8.512719826545789,0.32043731640302925,0.09133314495117065,False,23.29406022172382,8.604052971496959,False
639,4.407552016787168,13.831946204076594,79.53470826937291,3.549237043349614,24.72852202081743,3.549237043349613,4.562734076664423,7.226645640998255,3.1944818038522333,OK,561,36.84114166755954,5.498043298669391,0.1544038914758341,0.05241840019743295,False,36.6867377760837,5.550461698866823,False
640,4.126499842832638,14.00536994683075,55.68919904920135,4.409733131113226,22.936376054063096,4.409733131113226,2.672457281080675,4.628017319150864,9.27076711917433,OK,562,34.67346496301008,9.888431342474346,0.2005016429986903,0.09932667812369415,False,34.472963320011395,9.98775802059804,False
641,4.696313065773062,13.489687269001164,81.0976591230912,2.3494806468056213,22.479799622308498,2.349480646805619,4.846613368575131,7.566127866140603,4.394458824105848,OK,563,37.78775261293292,6.271993523275323,0.1545733452876739,0.08019124796250754,False,37.63317926764525,6.35218477123783,False
642,2.700126825779288,15.549602169564654,80.04707631343481,1.2684967677214085,23.859154939190553,1.2684967677214087,4.759760371525083,8.046180999984358,3.919334379173121,OK,564,37.69648184298022,4.8942326414102615,0.24591908927668285,0.07516788732128447,False,37.45056275370354,4.969400528731546,False
643,3.192503696252195,15.244760784666187,87.00025220181644,3.4275959407022794,27.05939128042757,3.42759594070228,5.097704231720037,8.34871845506601,0.16794615838895546,OK,565,37.515070401680404,3.608953883165074,0.30775196449526815,0.11344754805687739,False,37.20731843718514,3.7224014312219516,False
644,2.6575775193235134,13.129427280797437,45.8719550643464,2.740693692846198,17.259661796727336,2.7406936928461993,3.3492846682661117,5.226056790504186,16.266234476734567,OK,566,18.509368753472213,7.38438503150263,0.2702194734365313,0.038581261502964974,False,18.239149280035683,7.422966293005595,False
645,4.747353101513212,14.699631810792365,66.5937930251599,1.32913541350971,21.188834556984794,1.3291354135097084,3.1008576028271193,5.624088806197989,7.484965189866297,OK,567,46.85412226811029,11.900535759004745,0.1561232037299213,0.06186268969399936,False,46.69799906438037,11.962398448698744,False
646,3.9618524749108612,15.775289458499769,80.72345994070338,0.8990592347357855,23.68195809358408,0.8990592347357822,4.243840295957678,7.501533506823499,2.855975923388411,OK,568,43.64908648835529,5.637328586186141,0.12551147881431918,0.05631367134852666,False,43.52357500954097,5.693642257534667,False
647,3.1396574342996106,16.16319032753847,76.88284048535857,4.156630799658347,29.03339510789879,4.1566307996583465,3.6752778896816416,6.626371540493871,0.4614679873220445,OK,569,39.34829729184698,4.0500473090810996,0.28076512571332646,0.13300626694343767,False,39.06753216613366,4.1830535760245375,False
648,5.423572123692361,13.56883235229791,72.1265860425243,0.5573740814532782,19.18194821156095,0.5573740814532809,3.855575206820717,6.432988082896905,7.6397656717055895,OK,570,45.95141770539541,11.928164709714563,0.31361222082810536,0.10555407377339374,False,45.6378054845673,12.033718783487958,False
649,2.8530687202560236,15.373802184245855,37.408338091048,3.112208299454092,17.67991350159084,3.112208299454092,1.4679644525970268,3.1863607252421424,13.465427569143824,OK,571,23.99305488482828,8.535312030158634,0.50280616832376,0.08814401660478365,False,23.490248716504517,8.623456046763417,False
651,4.612432018908036,12.224188938964755,79.69273891481254,3.4995756765406214,22.252871633198758,3.4995756765406183,5.193271125001477,7.633759771669748,5.580569778802026,OK,572,31.379309995792628,6.641687098862734,0.2249292691786228,0.06239954717308115,False,31.154380726614004,6.704086646035815,False
652,4.977435242080605,15.6263690215746,56.03316295458662,2.80773293739313,22.617449835065848,2.807732937393128,1.5424341457889668,3.642268524606786,8.378088020584256,OK,573,48.320384506151555,12.607507345919032,0.23370404687993016,0.08692148848316608,False,48.086680459271626,12.694428834402197,False
654,3.4747712192841345,16.558441635752533,49.15108257312945,1.4467186026856622,19.924633410587973,1.4467186026856607,1.4381768850411056,3.583548657095122,12.92943298598883,OK,574,44.61686565926202,12.515132874136846,0.15542711907324874,0.05866899842537036,False,44.461438540188766,12.573801872562216,False
656,3.2620022935860047,15.692952001741668,41.02518448456252,0.9238531077263257,15.888714316322492,0.9238531077263252,1.3896445164048288,3.321880121766373,15.344961688597667,OK,575,32.09324755028113,10.33104386995584,0.4689473080430842,0.09551631715675395,False,31.624300242238043,10.426560187112594,False
658,4.406187206640791,14.040226018222691,78.46308721246129,2.991917538979307,24.110604643443814,2.9919175389793025,4.429872129970214,7.133133013085455,3.6975017265633583,OK,576,38.17710237716541,5.960013353059078,0.12825613892878837,0.059930395799127664,False,38.04884623823662,6.019943748858205,False
659,4.035654786516281,14.65677271736626,78.10041453361177,3.68457039192902,26.082681566688635,3.684570391929017,4.200035164332995,6.952980162796736,2.371848085988422,OK,577,38.24786618455736,5.033693715406518,0.18271441076157469,0.0703515791208351,False,38.06515177379578,5.104045294527354,False
660,3.105836686315913,15.647943199368964,54.42330844095149,2.435907266970133,21.70503762612764,2.435907266970132,2.429209567006186,4.644106828331285,10.951878634689514,OK,578,39.97444822456287,11.060168258131279,0.09615006315954953,0.04224245759629266,False,39.87829816140332,11.102410715727572,False
661,3.555782024061766,12.458913121693337,41.656158659836,0.5040408165757411,12.372556971776174,0.5040408165757435,2.8468452972592573,4.697177016453548,17.59657179711589,OK,579,15.106954979246307,6.816700611850083,0.2579328588972015,0.05666481450385702,False,14.849022120349106,6.873365426353939,False
662,4.513360137509063,14.932913228870836,49.752120967992546,2.217999542278738,19.395606497846472,2.2179995422787395,1.6375999824933984,3.6089858594425372,12.299901324229383,OK,580,40.73818504863737,11.992752242426246,0.20021160241094205,0.07223257479646181,False,40.537973446226424,12.064984817222708,False
663,3.6818406394137404,13.458029202135226,74.01486495419829,1.2477698201784126,20.24198721111261,1.2477698201784118,4.797830558943506,7.478437432653175,7.93444974629708,OK,581,36.07092925073584,8.878905472013868,0.13962443129193527,0.05784686215482777,False,35.9313048194439,8.936752334168695,False
664,3.2225520555111773,16.545549148822143,77.77120681686091,2.7059326165927344,27.41238053931896,2.7059326165927353,3.6866450146668335,6.858910220729385,1.1012577433046518,OK,582,41.5713380668885,4.357586875248759,0.23145282276936513,0.08500679985795623,False,41.33988524411914,4.442593675106716,False
666,4.426607790789218,14.379947992267963,87.43637154551254,2.810080645770247,24.766293113762785,2.810080645770247,5.1162457466907085,8.138651472455724,1.343467816333813,OK,583,39.200985438497014,4.212511670411272,0.26060809334486335,0.08954483854999638,False,38.94037734515215,4.302056508961269,False
667,3.5324693992725438,15.48974603188955,67.36466120381051,1.1096450720576225,22.071448118591448,1.1096450720576234,3.368257120820637,6.1142227562523885,7.372761175127463,OK,584,44.20606583458511,10.30835072902279,0.1553214985660189,0.04115073458867704,False,44.05074433601909,10.349501463611467,False
668,3.17342020989886,16.437953364488045,78.85160385039251,3.011655197150801,27.827756039400285,3.0116551971508017,3.8205221683334045,6.998685049950387,0.6612893892422955,OK,585,40.91369316901676,4.143374893390318,0.2196569745387528,0.09051066893310095,False,40.69403619447801,4.233885562323419,False
669,3.611410129627659,14.158763351718994,82.07653913869112,3.6300191559292956,25.504111155445123,3.630019155929292,4.955516950133756,7.8079036040662935,2.56898662742307,OK,586,34.94834907343373,4.613404504249675,0.20340239738651028,0.06952004400364079,False,34.74494667604722,4.6829245482533155,False
670,4.355111747758814,16.28811500562931,83.64408615875566,0.8664530833644005,24.579927381611206,0.8664530833644005,4.138120272639384,7.555757608245051,1.0347267964203752,OK,587,45.441115720222335,5.111805201388084,0.18948247378543287,0.06241469257908148,True,45.2516332464369,5.174219893967166,True
671,2.7609533218180737,13.530197453573034,73.56451901904805,3.3736234664322873,23.503430206689323,3.3736234664322846,4.93356027192905,7.537701907869737,6.51936886245802,OK,588,29.275021510780185,6.595897936839589,0.2575266125239951,0.07787216250223615,False,29.01749489825619,6.673770099341825,False
672,2.630682104059061,14.929096143747588,59.06119336693649,0.6606010789322047,19.173375816166143,0.6606010789322035,3.494483982427891,5.995516217308268,12.065732087181797,OK,589,38.047077528325744,11.042794259161859,0.20924242769381288,0.07660163342531741,False,37.83783510063193,11.119395892587177,False
673,4.3243492190414665,14.812763045029046,70.98398432407646,2.5929808343585594,23.879473278425543,2.592980834358562,3.5035025383396174,6.104672803073369,5.049526565554188,OK,590,42.216230225800494,8.175841043508775,0.19943539512266323,0.11607797252739445,False,42.01679483067783,8.29191901603617,False
674,4.3375426164605155,16.40427767115804,56.432216531936994,2.8372434802254998,23.739622680084672,2.8372434802254993,1.523205011246052,3.7136080975511288,7.934439642675809,OK,591,48.30816861549911,11.743228830841463,0.1663478452798932,0.0881673124317366,False,48.14182077021922,11.8313961432732,False
675,2.838420347898223,12.015248890856356,55.581891242939065,2.4996958949079393,17.62100795036514,2.4996958949079398,4.436888930913309,6.476123970181309,14.215355349509935,OK,592,21.098519206199516,7.7784321376782435,0.36427296630860195,0.06304253266488913,False,20.734246239890915,7.841474670343133,False
676,4.022874702899359,13.197248719646973,72.11083532514809,4.351705366244941,24.359523873466465,4.351705366244943,4.3398912870944955,6.696387636889966,5.449336673205387,OK,593,32.11374064649313,7.074577930412043,0.22885940778781783,0.09159518203457584,False,31.884881238705308,7.166173112446619,False
677,3.0634456348968064,13.887846475386887,82.87951246271892,0.8525471284039374,20.910513538966974,0.8525471284039371,5.68481810602287,8.750903394165817,6.024482252954669,OK,594,33.78709719610273,5.965569319920915,0.17654067445307142,0.07575032822089656,False,33.610556521649656,6.041319648141812,False
678,3.8819233993090485,15.21602640085092,79.42948811953337,1.7680313993843362,24.075953830263252,1.7680313993843304,4.31935773703875,7.371928302712439,3.2469979854804927,OK,595,41.08166080082622,5.52272763354394,0.10119958484471961,0.041045958434981294,False,40.9804612159815,5.563773591978921,False
679,4.1454942207544985,15.719254835186458,84.83091919418666,1.3144391106159188,24.44985807310811,1.314439110615918,4.5511032106716875,7.885914142498175,1.3802655904846597,OK,596,43.003045958632065,4.664741483204827,0.1633357401437901,0.058147231707081165,False,42.83971021848827,4.722888714911908,False
680,4.536525676962335,15.06001991533838,80.926547330805,3.746677710560359,27.007278928060863,3.746677710560354,4.051709986564504,6.898207768750543,0.5798560477099803,OK,597,41.17053222838997,4.537381911973543,0.2640041060806753,0.10125175221188815,False,40.9065281223093,4.638633664185431,False
681,5.110852422134301,16.32353365186607,58.206235173118586,4.38081393903305,26.4389476150127,4.38081393903305,1.2239439789673412,3.264217199604138,5.069772834061139,OK,598,48.458517662307145,9.863289675114412,0.20086417777753296,0.128593444188123,False,48.25765348452961,9.991883119302535,False
683,2.9665242218098604,15.81234624183931,82.29271291142786,2.959510402675236,27.02415570730428,2.9595104026752344,4.527427605970718,7.7741705005692605,0.9559856290738235,OK,599,38.484658187770805,3.889509633454348,0.20390183600757758,0.08719079311180948,False,38.28075635176323,3.9767004265661576,False
684,4.4906459201692925,16.028723881132294,75.43335966882984,0.5413630001014702,23.052962667483513,0.5413630001014705,3.4409528842274355,6.529905409814422,3.9237748492334794,OK,600,48.573986664118365,8.395684799546881,0.14086804508699152,0.1311239255244804,False,48.433118619031376,8.526808725071362,False
685,4.984161731904438,13.948794021161543,64.66491963540184,3.8228678326315135,23.624046340773226,3.822867832631514,3.0008384928781098,5.179636577521425,6.350521583164612,OK,601,40.888560694814096,9.981333930622531,0.14849050856393745,0.13195623723175687,False,40.74007018625016,10.113290167854288,False
686,4.797910671806975,14.090470657943186,59.669208319696864,4.373183811204668,23.784199163935106,4.373183811204669,2.5916521538104256,4.612767224963509,7.338259653518316,OK,602,39.42936299947272,10.293865527632333,0.18636275679906722,0.13465933411350034,False,39.24300024267365,10.428524861745833,False
687,5.355073834127091,15.11885462251786,71.48141616419211,2.1092440641842085,23.64719896311098,2.1092440641842076,2.986248623231557,5.594921209898073,4.193502167602352,OK,603,48.34293720329238,9.48630793499418,0.13765801280575726,0.05047903507685225,False,48.20527919048662,9.536786970071033,False
688,4.936699075562949,13.539133411703434,79.62486937668211,3.717956549936511,24.55114813506981,3.7179565499365115,4.463355035651322,7.033464489801579,3.0824679353132525,OK,604,37.648320911391934,5.721939549258612,0.14787401321422017,0.047965473052411535,False,37.500446898177714,5.769905022311024,False
689,3.0813068906510783,15.328129876661219,46.74928813977872,3.36099115784012,20.74924225076458,3.3609911578401186,2.017766190696218,3.9228078253074443,13.38067375577402,OK,605,33.02453467040878,10.109840150027072,0.24680455433432938,0.06218437528258722,False,32.777730116074444,10.17202452530966,False
691,2.510561203921319,16.05070958022593,88.20498661261976,1.8043983179161514,25.804278798317284,1.8043983179161507,5.31486161148284,8.972582946816807,0.716049467402975,OK,606,38.28064743432538,3.517552906285578,0.3397109140493546,0.10388234160863215,True,37.940936520276026,3.62143524789421,True
692,5.18137367965892,14.057114699595026,75.6392944800655,2.3326747776263987,22.89464765523511,2.332674777626402,3.903222192673436,6.514473806887375,4.482835967271998,OK,607,42.89380756320683,8.06125458140439,0.14123212118401743,0.1162509273585706,False,42.75257544202281,8.17750550876296,False
693,4.155087719352048,14.965657928734998,43.46714841185327,3.315702245988883,19.38896104925064,3.3157022459888816,1.250008166320793,3.0121238635626995,13.051444044399608,OK,608,33.19974965180782,10.446086795288945,0.200065057614307,0.05207029203708323,False,32.99968459419351,10.498157087326028,False
694,3.2118875395302373,13.872844407174638,85.94278116801624,3.906690994965442,25.64533807879433,3.9066909949654383,5.558547021386552,8.495863242758094,2.2202030476962684,OK,609,32.54138906022394,4.171052957618124,0.320255340283561,0.0944488512489655,False,32.22113371994038,4.265501808867089,False
695,5.209669074692429,13.814876315645996,66.44206880688478,2.9957285078162443,22.45342443666876,2.9957285078162426,3.1598595435415966,5.427301679062788,6.651909530935481,OK,610,42.855306392433086,10.718331584999168,0.1081728835538373,0.09129832296585559,False,42.74713350887925,10.809629907965023,False
698,4.271284857708566,14.712593037635898,70.20272325979028,0.9120252625267036,21.092793605156487,0.9120252625267031,3.6595695431380655,6.372389625120231,7.14059536834276,OK,611,45.02452809682939,10.85843365587837,0.12441647550659286,0.04128693505465752,False,44.9001116213228,10.899720590933027,False
700,5.388635037434609,13.223641445648532,85.33735663457875,1.158406163449344,20.46983989243641,1.1584061634493483,5.172293880050997,7.975329670671545,4.6395774303719115,OK,612,40.55599062901278,6.634874630726338,0.3288495474705508,0.16578228743857915,False,40.22714108154223,6.800656918164917,False
702,2.5948075242377646,13.96207255565722,46.20449142771195,0.9601614985521362,15.618100902690603,0.9601614985521355,3.093036729361007,5.122972827561085,17.280338768252502,OK,613,22.904653816631487,8.363823841762635,0.5253769376049909,0.08433387217068866,False,22.379276879026495,8.448157713933323,False
703,3.3274270548900873,16.519357384562852,64.05048413961134,1.896337712593183,24.11326413919332,1.8963377125931835,2.618030868197444,5.280534241310555,6.608795619217412,OK,614,45.107852780992665,9.197367366642839,0.2584671643151908,0.1274376376837416,False,44.84938561667747,9.32480500432658,False
704,4.78532703402605,12.229942035077965,65.02933992291865,3.967386222965772,21.541419534910048,3.9673862229657724,3.9175777810278696,5.988646889958398,8.400105561111747,OK,615,31.889029710750187,9.171412670579594,0.3892995578596197,0.07839892902503719,False,31.499730152890567,9.24981159960463,False
706,3.807260288825486,13.612432430114108,89.05829261358207,2.638555533819407,23.34836926619299,2.6385555338194076,5.866357956766699,8.857253992962026,2.9690014212824267,OK,616,34.57360312447498,4.2887022607574465,0.26136457364594357,0.07267969213015014,False,34.312238550829036,4.361381952887597,False
707,4.562187173133868,15.990962857038344,74.29865971130027,1.4842279113508172,24.309822633854502,1.484227911350821,3.227283221680956,6.168497324542141,3.309528367806493,OK,617,47.458127572265376,7.5513918820237445,0.12917733234494114,0.06759109701525387,False,47.32895023992044,7.618982979038998,False
708,3.9663201067016702,14.10786857056484,35.11796304497662,1.196119740889726,13.127453437869566,1.1961197408897244,1.0451996405881943,2.7635993599024893,14.352728413919303,OK,618,19.55631385401525,7.740929313036552,0.23772182517298704,0.05022056974031845,False,19.318592028842264,7.79114988277687,False
710,2.912201184143123,13.766009690604571,38.379511328068546,1.2422217035889522,13.813264906655728,1.2422217035889545,2.37152092950463,4.182002128776183,16.327162063100705,OK,619,16.68623961825544,7.122577286881337,0.413627087717215,0.06756423040085217,False,16.272612530538222,7.190141517282189,False
712,2.945169447881443,14.604585653599175,69.99957456030374,3.773151717449588,25.26177048449984,3.7731517174495863,4.029402195086028,6.597280705571183,5.458382854293268,OK,620,33.266952441585524,6.426143974579393,0.3334745515912658,0.08398145033950227,False,32.93347788999426,6.510125424918895,False
713,3.797826000067449,13.085858878778803,49.226312717877896,2.987314909071899,18.334564268108444,2.9873149090718996,2.8893496360577693,4.76651018944543,13.889468786144645,OK,621,24.617059965676184,8.637205993774412,0.17675931069033207,0.03663656880456603,False,24.44030065498585,8.673842562578978,False
714,5.052737940515362,12.452739706879255,41.204577824404375,1.1398859205380625,13.172352121937056,1.1398859205380643,1.6991458194896332,3.4552278264054266,15.37405369316932,OK,622,18.888561912960082,7.609347847691004,0.24952256745383675,0.07709749537755178,False,18.639039345506244,7.686445343068556,False
716,2.647545028507268,15.879208871609034,41.31511403353734,1.4781315395164842,16.96251017065123,1.4781315395164845,1.7272694914742281,3.6631386307813827,15.41582284833163,OK,623,30.350316143229733,9.8899459230455,0.5168297859564621,0.09894963335628348,False,29.833486357273273,9.988895556401785,False
717,2.7877209232441875,15.205345568191754,58.902916223871735,2.2960482187957223,21.93582940899128,2.29604821879572,3.1373232680665026,5.510236352447361,10.106699801882531,OK,624,37.47957872806418,10.116452520177457,0.13281447593077944,0.03736424169542394,False,37.346764252133404,10.153816761872882,False
718,4.88692986673074,16.619143463822795,81.21536599040111,0.6075381037704741,24.54501377000829,0.607538103770474,3.5519501067578325,6.909103362904327,1.0127717312119826,OK,625,48.60369946574934,6.2029438696218,0.24905030480204238,0.09099989125004858,True,48.3546491609473,6.293943760871849,True
719,5.286957716465784,13.050599028604037,54.194686993924215,1.4944619726662922,17.13358639401602,1.494461972666292,2.5251592331831922,4.53550435214332,12.46891090908227,OK,626,35.32887183260651,11.001872911121305,0.3127596355872601,0.07287810151010124,False,35.01611219701925,11.074751012631406,False
720,4.266260092882545,12.402515159665775,80.92108274376263,3.903077562774049,23.19786373973586,3.9030775627740484,5.331705106117887,7.824652282716231,4.8963379311598585,OK,627,30.448674328094082,6.0328917307487915,0.22785011175156544,0.058381097647192105,False,30.220824216342518,6.091272828395984,False
721,3.2312155561136207,14.220083018343395,87.88309761046148,3.4562122688481294,25.524210915489427,3.456212268848125,5.628719582834091,8.709522891676386,1.7065401227541273,OK,628,34.23552360718928,3.8633866459120294,0.3003848808813731,0.0987549054680489,False,33.935138726307905,3.9621415513800784,False
723,3.2156980622837246,13.11305876144561,51.97459733386037,2.6180921574370815,18.409032038535592,2.6180921574370806,3.441355378198388,5.434874665239031,13.873487097346024,OK,629,25.17017860574393,8.676461902195735,0.20893437562062872,0.02675095094753785,False,24.961244230123302,8.703212853143272,False
724,4.415815200479152,15.532620793424947,75.76089868861214,3.400759031317864,26.753358626970446,3.4007590313178646,3.4514184928584477,6.219400031016919,1.6717505601351514,OK,630,42.723244406164085,5.313260461757862,0.2290701354451937,0.07295845984420508,False,42.494174270718894,5.386218921602067,False
725,4.374211343792211,15.570068727793888,57.61392415241096,2.4715076457210072,22.393792615697087,2.4715076457210077,2.0364477067120177,4.256710921966137,8.697266340508827,OK,631,46.46393758002031,12.146781795913602,0.1627953816006057,0.07689966857468075,False,46.301142198419704,12.223681464488283,False
726,2.6613575300099086,15.912651749413302,47.714615276709324,3.1448364573103493,21.335641519772693,3.1448364573103507,2.0554589896263913,4.046201187006233,13.159121559125456,OK,632,34.85451931251401,10.242166937746967,0.3395922430797222,0.0834958877779709,False,34.514927069434286,10.325662825524939,False
727,4.264705843220036,13.648471555100542,43.51528188835333,1.5034478200162702,15.419243176117025,1.5034478200162704,1.8978435697762848,3.7404608701807316,15.5063516072498,OK,633,24.874126175269552,8.838767073207244,0.2584012371532429,0.0639489393737318,False,24.61572493811631,8.902716012580976,False
728,5.395616963273173,12.16303788667252,81.95563583087072,1.3718363986100512,19.09890010272526,1.3718363986100521,5.258610895910991,7.810801633831149,6.744013309436909,OK,634,36.926458507183426,8.192182214336164,0.4208805831886162,0.18769830158057416,False,36.50557792399481,8.379880515916739,False
731,3.0398105490982514,14.19764187160814,36.28953625251144,2.8595650812006883,15.944088046982746,2.8595650812006874,1.8224576307700637,3.5106174750404513,14.130383604840832,OK,635,17.25344910519385,7.207883126626657,0.40612299695250786,0.06751358086135434,False,16.847326108241344,7.275396707488012,False
732,4.70880471244924,16.78210229614706,74.60077257815166,1.6122666118702713,25.718382287636842,1.6122666118702702,2.7954487975132523,5.822491602800371,1.795478805227545,OK,636,48.97136080120976,6.840193349397769,0.24762970872066103,0.07803306225647368,True,48.7237310924891,6.918226411654242,True
733,3.5927526160887293,14.557506215942247,88.67439348125669,0.6912484762639254,21.828264549523404,0.6912484762639275,5.755176126578778,9.06845638013753,3.539066005415658,OK,637,38.05108664693907,4.532532297892916,0.2872189072175192,0.06022884021393476,False,37.76386773972155,4.592761138106851,False
734,2.894944810032959,14.101178548980101,55.496249851850656,4.439802615092232,23.06142907972429,4.439802615092231,3.263237875852095,5.298019954893467,10.2652791734887,OK,638,28.719189724840753,8.460570230430742,0.24816509339473347,0.09309433099099049,False,28.47102463144602,8.553664561421732,False
735,3.619939673697612,15.048518116147525,52.01369349767571,4.0741647595280295,22.870710721412337,4.0741647595280295,2.1810314898957905,4.1331699698000595,10.359409996761185,OK,639,36.382284077000776,10.259566501231921,0.1767128535260268,0.08722123429477992,False,36.20557122347475,10.346787735526702,False
736,3.348712342629229,15.934237017563682,51.04719298974547,3.868476409871488,23.364824717221033,3.8684764098714863,1.8313662320763733,3.816519489008405,10.392989199425491,OK,640,38.93126328898554,10.427440828074733,0.2029021759794239,0.07269812619447924,False,38.728361113006116,10.500138954269213,False
737,2.9261968990981204,12.702716334145235,46.63180494730449,2.1529850465948517,16.125309468086947,2.1529850465948512,3.467413425225647,5.362876829696711,16.590692524786988,OK,641,17.803527188290694,7.287091701152594,0.2891248983397105,0.04194246167473444,False,17.514402289950983,7.329034162827329,False
738,2.5849500210689946,14.249034986090923,65.12363783588641,4.440653894478517,25.062126032093012,4.44065389447852,3.967233411795057,6.321397549810683,7.06393223682452,OK,642,29.29123569663292,6.981143416493935,0.395854941602016,0.12088047179371858,False,28.895380755030903,7.102023888287653,False
739,3.400113030109977,13.117937020100607,89.79425109194582,1.4876648805277055,20.868977675096765,1.4876648805277006,6.438688956658687,9.447390963659739,5.115138853752972,OK,643,31.908095597716915,4.871919600346022,0.286255564342884,0.06244045188153252,False,31.62184003337403,4.934360052227555,False
740,4.0705956449661835,12.324669503799104,55.76341767778845,2.8640340968371016,18.564280221763298,2.8640340968371025,3.6021219951262786,5.580148818790812,12.469612216450042,OK,644,26.536875006299883,8.934532405932908,0.31081231268519355,0.06981855196219623,False,26.22606269361469,9.004350957895104,False
741,3.380395593040915,14.440057957151565,80.24047816765327,4.128729487655635,26.602636465220137,4.1287294876556375,4.7064017253207915,7.528659882638381,2.182368905206153,OK,645,34.70499492776373,4.5059695316893436,0.2598078731398588,0.09275108351134229,False,34.44518705462387,4.598720615200686,False
742,3.1289255160884504,12.72989808231449,58.44153536305323,0.9784578720427298,16.76406976253351,0.9784578720427336,4.23545620760504,6.469827367176638,13.841645426228952,OK,646,27.985992474338843,9.276026048902681,0.3532973716139399,0.061383849367106426,False,27.632695102724902,9.337409898269787,False
743,2.6016581924081907,13.45502061722698,40.71482451762975,1.7564951009653027,14.8865331474505,1.7564951009653018,2.9147309016647824,4.748777627419875,16.74463280786153,OK,647,16.037847063591563,6.964997776430746,0.4241673252510761,0.06864096333148313,False,15.613679738340487,7.033638739762229,False
744,3.502554429751118,13.696003567398812,46.878060360428115,3.018912806502207,18.509052477476985,3.018912806502206,2.591555453573367,4.45113072091787,14.446286641423109,OK,648,25.090751326175656,8.733732198896682,0.19548576210658003,0.03319166001906024,False,24.895265564069078,8.766923858915742,False
745,3.64301003527345,14.776699719006,63.93153259211496,1.3911556115515409,20.95738873688829,1.3911556115515376,3.368285099298461,5.886722792781272,9.042197171146162,OK,649,42.22051079151018,11.220113571314325,0.12852568901787315,0.04427223689652357,False,42.09198510249231,11.264385808210848,False
746,2.9500170175707523,14.097401735279933,37.188361976877715,1.2850415962724253,13.83765496167749,1.2850415962724278,2.076015426006144,3.866775139680094,15.848875139632717,OK,650,17.49454588619322,7.290056080430227,0.4411989514439773,0.07144562195231507,False,17.053346934749243,7.361501702382542,False
747,5.436268996918101,12.38827178820033,54.43876965372692,0.7684867236464584,15.339820360205994,0.7684867236464569,2.81106385820895,4.831770448555874,13.532131774140854,OK,651,31.3449567966706,10.204837411938723,0.41026699885236434,0.10434852665550429,False,30.934689797818237,10.309185938594227,False
748,3.0471956082845746,13.303592852914086,88.64437174358102,3.0890697180282913,23.56131434746211,3.089069718028292,6.212175220663344,9.179154241820598,3.6485472866542024,OK,652,30.438442738506446,4.410328221287393,0.29154457347416757,0.0686874142800363,False,30.14689816503228,4.479015635567429,False
749,3.7326733636065974,13.212617494740389,64.10736701643313,3.878354393833251,22.61286848632684,3.8783543938332543,3.9035308287432926,6.098557138471639,8.356437417194279,OK,653,31.670508863694547,8.716283701099362,0.17196519642307487,0.07786537960855178,False,31.498543667271473,8.794149080707914,False
750,2.9927983515013845,13.338047218507254,78.9526983172468,0.6404967094947025,19.567170307855427,0.6404967094947053,5.633138687305454,8.516654044416878,8.001965708009577,OK,654,32.383706681737515,7.484481594441973,0.1974494659723177,0.07461050202068951,False,32.186257215765195,7.5590920964626624,False
751,5.229242946720559,12.512907014342488,74.27283404568497,1.0093440494810029,18.565320849778963,1.0093440494810058,4.554079531763964,7.029516236086186,8.292400286283707,OK,655,39.860600086644794,10.618688039695154,0.4106158103866907,0.0963008195555293,False,39.44998427625811,10.714988859250683,False
752,3.9386610601593257,15.07132766203504,60.75127213753218,4.0548024048782185,24.81093616965184,4.054802404878218,2.6400718812088932,4.829961135342991,6.866577632979781,OK,656,39.52147425885633,9.151042436259788,0.24053747624340205,0.1294540934787998,False,39.280936782612926,9.280496529738588,False
753,4.518713189789473,13.342924081864652,77.67593827276127,4.134404738555109,24.757395069782035,4.134404738555108,4.523684695979497,7.022130679393806,3.711585012902942,OK,657,34.8956194589401,5.989305852667152,0.17507618888551,0.045396000402233384,False,34.720543270054584,6.034701853069385,False
756,3.765039980586958,15.674790737039022,44.892639847800424,1.968727649250338,18.532716524958133,1.9687276492503378,1.3335019932845569,3.2604874228706553,14.471669679071299,OK,658,37.9262708839079,11.450305231901403,0.22368572150526989,0.06455737275523224,False,37.70258516240263,11.514862604656635,False
757,3.857179962344834,16.076684726530914,52.70741939707489,3.4450714187256466,23.326696101827814,3.445071418725644,1.6201408879515071,3.657801861951743,9.557389641731369,OK,659,43.50214059902598,11.346261210695266,0.13032220459775734,0.0693973070831827,False,43.37181839442822,11.415658517778448,False
758,3.4660877069103675,15.234797229831926,52.24024160668242,0.8314777571929763,18.303228899195396,0.831477757192975,2.3800615850348485,4.613081816207492,13.399872208719401,OK,660,39.983263366113626,11.832930022095324,0.23664733400147037,0.052862280873122364,False,39.74661603211216,11.885792302968447,False
759,3.432546288078026,12.13385132195815,80.21618053962533,2.080094869527812,20.021780275088837,2.0800948695278145,5.918515963941129,8.521237978561391,7.853079495748788,OK,661,28.165264384365923,6.894508444362621,0.1949313932605592,0.0746829845766811,False,27.970332991105362,6.969191428939301,False
761,3.4649516943201037,14.479098911974983,58.72727963924853,2.071435521467235,20.631805267264482,2.071435521467231,3.15612774471699,5.440057361672974,10.614063489147288,OK,662,38.33715665001796,10.946806392907517,0.1338544283823057,0.05005821498832729,False,38.20330222163565,10.996864607895844,False
762,3.5482893445546613,15.657485234662982,45.25124476635375,2.9337527106106065,20.04593467998388,2.933752710610606,1.4675205191434273,3.343794229868303,13.69606234473469,OK,663,36.59052343138682,11.017650838772017,0.21365718317168975,0.053679386841404914,False,36.37686624821513,11.071330225613421,False
763,5.264975908099297,12.20643649155834,72.51496183308647,4.079419518055014,22.548172962053386,4.079419518055013,4.284073602735738,6.483506881593998,6.1157870518225845,OK,664,33.610827616359295,8.188971869597582,0.362549354081986,0.09329927184517088,False,33.24827826227731,8.282271141442752,False
764,3.5796808792566313,16.572795298534245,52.293313580235896,0.7552339161318079,19.76819178770109,0.7552339161318087,1.6552584114920172,3.9674242861174314,12.174240544510525,OK,665,46.910042859104664,12.899396955527562,0.162845222617425,0.06483550932733843,False,46.747197636487236,12.9642324648549,False
765,4.713762750590448,14.201027621156468,86.39918026652649,4.031890578389966,26.360753872349896,4.031890578389962,4.844849258188095,7.690882492039066,0.3730632270135732,OK,666,38.96176994201333,4.122306670049252,0.3355219161546006,0.12760474521529716,False,38.626248025858736,4.249911415264549,False
766,3.737043586645391,12.4739173955571,77.44401198788137,0.9736406162919866,18.706048575731714,0.9736406162919883,5.5182747056265065,8.154275100996955,8.762856042283554,OK,667,32.38115314568769,8.366030058771425,0.21015115154816152,0.06339522896024687,False,32.17100199413953,8.429425287731672,False
767,5.063615676498596,14.753346621037783,76.56705912208736,3.2716506200279856,25.45422177065965,3.2716506200279833,3.6325086897988577,6.287325644541706,2.312409914410362,OK,668,43.000585388942355,6.053584345516763,0.19758930837305178,0.08508784067518622,False,42.8029960805693,6.138672186191949,False
768,2.6875963906253673,13.940585101532037,51.10363935867083,2.6802654412115094,19.268755233101025,2.680265441211511,3.276815689925243,5.315859300599975,13.876094696493368,OK,669,27.02935299821552,8.954659750632684,0.1955542003277377,0.04238101846366663,False,26.83379879788778,8.997040769096351,False
770,3.4460202718165984,14.676713630115815,72.22087669901211,3.056974405073954,24.546565519479252,3.0569744050739533,4.012601107042315,6.67691551351685,5.054918899339675,OK,670,36.69065626253903,6.644581246604247,0.21385503032483874,0.06882973442019354,False,36.47680123221419,6.71341098102444,False
771,4.0257176186362305,14.068695616066776,61.37157865979029,2.830627480680923,21.729698185481446,2.830627480680921,3.217896307067001,5.454371317578952,8.989268722566813,OK,671,38.57748778065011,10.597203574615332,0.16159285882653124,0.07839568913199425,False,38.41589492182358,10.675599263747326,False
772,3.7757814949009227,16.06647216438477,59.60653790043116,3.7594933870173133,25.448945201064625,3.759493387017314,2.158236592260021,4.401171579882089,6.573617287459516,OK,672,42.622844658442,8.929632256083885,0.18358898781209287,0.051268654598835714,False,42.439255670629905,8.98090091068272,False
773,4.106728302824408,16.46751914200039,72.64030225773374,3.9551383032181784,28.67356566466416,3.9551383032181793,2.8014594415147194,5.523351114590504,0.8434108559770086,OK,673,43.60202401240485,4.955945220421179,0.37467782841378955,0.12678004971400192,False,43.22734618399106,5.082725270135181,False
775,4.968393459233793,16.314809125502723,55.5714674294443,1.0471861786066765,20.717472194605925,1.0471861786066725,1.2742133086718965,3.5624768921280143,9.608275120102556,OK,674,51.387853017524165,13.459087403778172,0.3585022470223806,0.11424652157894309,False,51.029350770501786,13.573333925357115,False
776,4.944399096531413,16.168989148185076,73.63215846770672,3.3253290019837265,27.354102497926227,3.3253290019837274,2.74392059547338,5.45602486738496,1.036640707117441,OK,675,46.38899109231453,5.89070539455477,0.31590781018467423,0.09248644687234144,False,46.07308328212985,5.983191841427112,False
777,3.9784943503665486,13.102847591313337,64.6532101683176,4.495617857544488,23.48230186962555,4.49561785754449,3.8353886188088318,5.978387267888573,7.5186125969312005,OK,676,31.309916664687584,8.385212326562339,0.19555853745491472,0.10170195969952656,False,31.11435812723267,8.486914286261866,False
778,4.8256849583154455,15.622660648323192,72.01058475074765,2.945574495476756,25.737966585694487,2.9455744954767544,2.9516071909122132,5.596862309350936,2.8426721979941205,OK,677,45.81186655891155,7.025324961018816,0.22492042527026274,0.09006456187987423,False,45.586946133641284,7.11538952289869,False
779,3.294085481745197,13.013601398056654,49.27588198358487,3.156241230916662,18.513609837347623,3.15624123091666,3.224588947039738,5.115943624784903,14.24162901242188,OK,678,22.477746607597314,8.143140662982654,0.17706718274455674,0.032236969568331914,False,22.300679424852756,8.175377632550987,False
780,4.850099744567228,12.79956414448963,37.90829702788902,2.2215461969634327,14.24034937049019,2.2215461969634314,1.2705033126995673,2.9302486975202093,13.806809529806133,OK,679,17.25503826072185,7.260392365645076,0.15544262347444746,0.05684172179283046,False,17.099595637247404,7.317234087437907,False
781,3.3706663352956636,12.039272334567812,78.74379454567682,3.289509407235481,21.606146498365405,3.2895094072354767,5.753102104528992,8.249661778331639,7.1612823277394995,OK,680,26.567945324657057,6.588728490646015,0.2533201862291324,0.1155360619376853,False,26.314625138427925,6.704264552583701,False
783,4.720464925328029,13.567749723915124,57.932596562415824,3.700619444108516,21.75812894730347,3.7006194441085167,2.7829632788791514,4.787239768358106,9.203782407295837,OK,681,37.30445665952015,10.720631859915832,0.1592520149007849,0.04273247767586462,False,37.14520464461936,10.763364337591696,False
784,2.616454186620879,12.177004855307121,56.21169851605997,2.2319052518966567,17.53407419246342,2.231905251896657,4.539374323668202,6.630082451644533,14.316324106916408,OK,682,21.739794850592837,7.889713736861916,0.3836050156530657,0.0638031121006337,False,21.35618983493977,7.95351684896255,False
785,5.232891704895345,13.366495553373639,89.33863648795771,2.1866061185382057,22.29170600599206,2.186606118538207,5.456022680080487,8.310844954291191,2.7853495870062206,OK,683,39.04352310135014,4.759134225028367,0.34304402793660954,0.08018584124094909,False,38.70047907341353,4.839320066269316,False
786,5.402500575044619,15.545742409123905,70.71968095731552,3.9638231821566077,27.037747196467343,3.9638231821566086,2.542700188846201,4.983380166117486,1.8505105940767161,OK,684,46.40571792278,6.816922149138967,0.2749112218035967,0.1192263634059011,False,46.1308067009764,6.936148512544868,False
787,2.9497771648362834,13.920765419325024,75.0436357757508,1.5358052801133948,21.437564376991745,1.5358052801133948,4.965198627727606,7.777469701759125,7.261165510157381,OK,685,33.54483907621756,7.447359091812141,0.136646985695204,0.06334459704769706,False,33.40819209052236,7.510703688859838,False
788,4.549868900912658,13.1434546490134,36.69782160843144,0.8356939343421151,12.23694100841853,0.8356939343421141,1.2371922235679023,2.9661733201643994,14.906324017548991,OK,686,17.85865102296918,7.398700947425884,0.2214448108697055,0.06164609776452854,False,17.637206212099475,7.460347045190413,False
789,4.550398595282516,14.524762548427368,45.34345063575167,4.088494386024088,20.592424039684886,4.088494386024087,1.3497187568337417,3.0775239308706404,12.331787190432124,OK,687,33.523291329327904,10.431158288240798,0.27908390727427157,0.07199873390001399,False,33.244207422053634,10.503157022140812,False
790,3.3998528911821597,12.446664399416981,49.10276840046154,2.9391202351982657,17.52700801307828,2.939120235198265,3.434555550704882,5.306324088391392,14.843588020135082,OK,688,19.70081025453965,7.6248866636361505,0.1957907054290085,0.037679149754878696,False,19.505019549110642,7.662565813391029,False
792,4.757644468373638,12.543208197224889,76.83714055144071,2.7388970749933645,21.38890233715579,2.738897074993363,4.823628909622343,7.278414235528322,6.350026827681274,OK,689,34.37904138791119,7.792252557022689,0.16346357448109106,0.06974572317389138,False,34.215577813430095,7.86199828019658,False
793,3.481916264039671,14.394504369239169,81.53727677321821,1.4442504543454893,22.487905994983265,1.4442504543454906,5.093222322910467,8.138037473912547,4.639120962285659,OK,690,36.869759100135255,5.63825323539427,0.11754000895154908,0.059131749927565695,False,36.752219091183704,5.697384985321836,False
794,3.9830525058639235,13.753550553012438,73.14923444871874,0.9940763694128999,20.199798986485078,0.9940763694128995,4.479384059461854,7.172963513732331,7.766358968563817,OK,691,39.35384879384355,9.707460840990228,0.12305040341059796,0.05464214873726433,False,39.23079839043295,9.762102989727492,False
795,2.677011483490869,13.86311859301963,80.17244187407803,0.6030127364628829,20.35713887804927,0.6030127364628814,5.645344417500482,8.680804000297979,7.188570970574317,OK,692,32.59514864756283,6.686483914394066,0.2228125104770924,0.08606617795216527,False,32.37233613708574,6.772550092346232,False
796,3.084731244309562,15.073728563071352,62.43314459551388,3.3192119465848604,24.008321022985335,3.319211946584861,3.225099537020892,5.600281026010595,7.710966473779347,OK,693,36.452265358905244,8.588535907299663,0.2538670918576377,0.06739478636915593,False,36.19839826704761,8.65593069366882,False
797,3.4435373618387355,12.196168910323662,35.20267434702002,2.4494074879848036,13.369079166113103,2.4494074879848027,2.3907723828841974,4.0373337289738025,15.203030475632838,OK,694,10.672672674756688,5.919949885403167,0.21878068486766541,0.06230035314461456,False,10.453891989889023,5.982250238547781,False
799,3.586493891638817,13.28301262999442,52.440831236508004,2.620163173257223,18.707077151057057,2.620163173257224,3.1787247805556085,5.171648386740266,13.242060521132554,OK,695,27.97711220277537,9.270842777781379,0.1962302373926426,0.024927701303085956,False,27.780881965382726,9.295770479084466,False
801,3.753636395032414,15.376616517992003,82.69654194470145,0.7896533769321801,23.03270420181559,0.7896533769321802,4.718609862790153,8.001104318611695,3.258754608127252,OK,696,41.56733645969116,5.3059668985792845,0.1628116517405429,0.05108111612140673,False,41.40452480795062,5.357048014700691,False
802,5.074062281081937,13.269487157388768,71.43310192440764,2.50004856737968,21.578637550099167,2.5000485673796824,3.9289634335455084,6.328951908828092,6.605246945759571,OK,697,40.175926753618334,9.744793896327463,0.12431392262499211,0.08945152462638675,False,40.05161283099334,9.83424542095385,False
804,3.803007405591459,13.594179300679793,87.74123628298386,2.3127665652448357,22.812498324612342,2.3127665652448304,5.788131065473113,8.765515331438277,3.5657558549827955,OK,698,34.58081337881454,4.590301942412836,0.2335810733637756,0.0611118356098716,False,34.34723230545077,4.651413778022707,False
805,2.6035007957051173,12.75514264178538,71.06898072579966,3.4469529470358515,22.23124059942908,3.44695294703585,5.178024504315289,7.62619485930912,8.31601878695864,OK,699,26.196388577650374,7.1162560829702,0.2110809155639146,0.11902730734216674,False,25.98530766208646,7.235283390312367,False
806,4.581842567952199,15.582418127415906,64.4718963877308,3.4574796053547483,25.295326352415238,3.457479605354751,2.410712758009822,4.755673105542105,5.039376674076427,OK,700,45.34026929076213,9.04232544663962,0.2073382819968854,0.11612951514543614,False,45.13293100876525,9.158454961785056,False
807,4.3844163332414805,12.070524851143135,61.243017654129396,1.4654830043215061,17.087827250139306,1.4654830043215032,4.059531820647685,6.209790096388909,12.280147757581037,OK,701,30.378188235605297,9.767692468896863,0.3292636575615162,0.09030363621153133,False,30.04892457804378,9.857996105108395,False
808,3.109121120567184,14.116508026569186,60.29716108680181,2.803018116858821,21.557333948360117,2.8030181168588193,3.5758535170167995,5.850031551819322,10.055745864854256,OK,702,33.971754415443215,9.621451513594538,0.16079479795703364,0.06299787459638892,False,33.81095961748618,9.684449388190927,False
810,2.799028168334619,15.287455526051433,66.25118519810114,1.5768715706588303,22.318246976746487,1.5768715706588288,3.6771503754735733,6.378623200291866,8.106733759037143,OK,703,38.898109740745475,9.182398451306094,0.2438047652154304,0.0648476446309733,False,38.654304975530046,9.247246095937067,False
811,2.656774506681084,14.703995722810115,86.76776173205877,4.246471499574694,27.49272618189446,4.246471499574697,5.4313934978227145,8.576432510650445,0.6577638466443956,OK,704,33.534389911905116,3.579759232529087,0.42024446851101843,0.1457561364116944,False,33.1141454433941,3.725515368940781,False
812,3.228844669043716,16.701273699836342,47.49881093120905,4.084872127713137,23.57529452943193,4.084872127713136,1.2554271584028207,3.1462129308866285,11.151479597582489,OK,705,40.00316108632708,10.510916376059187,0.4044841176539622,0.12563809918548352,False,39.59867696867312,10.63655447524467,False
815,4.648394355395089,15.202469915880432,73.78487970321737,0.7257843741794462,21.946700266983406,0.7257843741794472,3.5934556345960154,6.475866829956411,5.311666772254883,OK,706,47.51898788322668,9.808289881660851,0.11586810747037968,0.05532846674206779,False,47.4031197757563,9.86361834840292,False
816,5.371419750491668,12.297613678033601,54.347416328573985,2.258479247112454,17.385987911406232,2.2584792471124513,2.8044325300143846,4.724463403803087,12.332351830546717,OK,707,30.283846594344645,9.906520325051817,0.44569652913364816,0.11098140695236061,False,29.838150065210996,10.017501732004177,False
817,4.468454399834816,16.69499993074124,81.27956583035497,1.3425495982042226,25.800121403175417,1.3425495982042193,3.604654763522202,6.94564882590276,0.4079619368275659,OK,708,46.48007026422822,5.2315054371221175,0.2699129670970313,0.06417004317698749,True,46.21015729713119,5.295675480299105,True
819,4.9417951751075915,15.866511561039458,64.2127970593305,2.1376975441127333,23.615018226891756,2.13769754411273,2.1790337769955563,4.633203208355548,5.847781411277393,OK,709,50.072740952511225,11.315494010621814,0.19788215602858675,0.0752274935029769,False,49.87485879648264,11.390721504124791,False
820,3.4068534024728514,13.465979650941312,36.41632026489717,0.63442102869902,12.14875995815136,0.6344210286990191,1.977432543175663,3.7575470077336384,16.173026420036553,OK,710,15.76692797542625,6.955932340139305,0.26360775997321445,0.04684270670539776,False,15.503320215453037,7.002775046844703,False
822,4.163709556429832,16.748512271931084,70.43972899951424,0.7320820685258614,23.75216885186333,0.7320820685258612,2.7583022562577106,5.755400366145622,4.539495772046467,OK,711,49.99282624143043,9.215789417041673,0.22809133475623553,0.19186729122649387,False,49.76473490667419,9.407656708268167,False
823,4.205560287917029,15.966811350677728,49.99118004370238,0.9885736376991432,18.807952851906954,0.9885736376991441,1.3955338030632625,3.5380702573829446,12.824986902892709,OK,712,45.57143572121141,12.904760538569114,0.24321223314997217,0.08787567019391611,False,45.32822348806143,12.992636208763031,False
824,4.678720735986492,13.146096753697725,66.66447543833677,3.1913589129475417,21.854248275169972,3.1913589129475395,3.7266960584516546,5.966746785482938,7.659694446434548,OK,713,37.11012862486934,9.831127511620801,0.1330430939055998,0.056723350918528315,False,36.97708553096374,9.887850862539329,False
826,4.932540392771324,13.682553182396736,61.91302348341438,1.2559858585306776,18.96882323054902,1.2559858585306756,3.0994355213833984,5.385065522660863,10.059331757324212,OK,714,42.696157817230976,12.193770124939713,0.17433957457596383,0.05362511367575569,False,42.52181824265501,12.247395238615468,False
827,3.9369172516015127,15.807895504151722,50.806063172615,3.4732767496289574,22.552277289559832,3.473276749628961,1.5638589619484335,3.5291227958071634,10.464327029623066,OK,715,42.20535004900008,11.56746263714406,0.1571791713872631,0.07005287947361606,False,42.04817087761282,11.637515516617675,False
828,5.048704872603883,14.025127464724036,43.86671523709879,2.2082020453619915,16.91254454498406,2.208202045361988,1.189875264311965,2.9706065193873084,13.87457315522579,OK,716,31.393415184844454,10.210927761356745,0.20986565692893264,0.0626723524393369,False,31.18354952791552,10.273600113796082,False
829,5.3597692609457415,16.380451475747364,63.752330096023414,1.099420593846911,22.65266758652791,1.0994205938469102,1.7677429890402827,4.320711266544087,6.097449135866767,OK,717,53.44749347485677,12.476311229864894,0.37818930171336007,0.14091494969448784,False,53.06930417314341,12.617226179559381,False
830,3.948206459182393,14.740470766117626,44.07795159950183,1.2803886420752315,16.339405077556613,1.2803886420752306,1.6373073931640434,3.557220715464613,15.4139116973823,OK,718,31.78126824205282,10.282956588479179,0.34011013686380237,0.07184981529519113,False,31.441158105189018,10.35480640377437,False
832,4.471641755070706,12.74493189677124,52.328087900877726,3.0094885121000856,18.629589951947345,3.009488512100084,2.9001245475250244,4.795490029710972,12.59070877065399,OK,719,27.83200906502522,9.299591226649111,0.28641296560622914,0.06778196034246199,False,27.54559609941899,9.367373186991573,False
833,2.807522035088503,13.06678399896095,81.43641575323552,2.806048690687438,22.55617914817119,2.8060486906874385,5.8113687416668185,8.598776606434516,5.884512770533226,OK,720,28.40618385732701,5.7334734286286215,0.2704712642797538,0.061411596042722345,False,28.13571259304726,5.794885024671344,False
834,5.290348958432631,14.991770127368659,56.153771905463174,1.2242797228897686,19.484277038018547,1.2242797228897675,1.7882670889061565,3.9818194652948034,10.256926208828332,OK,721,47.91641128912517,13.252969292951628,0.2985407852480681,0.10054718296924468,False,47.61787050387711,13.353516475920872,False
835,4.297581713141967,15.765979979931062,65.41934193402545,2.8819487753407893,24.833296812794124,2.8819487753407884,2.5717588278288694,5.042240741879951,5.29261050374852,OK,722,45.540805796351215,9.053211435064316,0.18893838074657227,0.08184107610643221,False,45.351867415604644,9.135052511170748,False
836,4.137511200769055,12.406138889721282,71.83488965937275,1.2710412480607551,18.572801340413193,1.2710412480607554,4.879805072643759,7.334416557736478,9.567962858410812,OK,723,34.22624971636795,9.63432443278745,0.2614109362303956,0.0665211826333506,False,33.964838780137555,9.7008456154208,False
837,3.350910566386373,12.128093525935125,77.96248667793964,2.404570987739252,20.362028419431304,2.4045709877392496,5.74425476909898,8.285657891687297,8.070718013936862,OK,724,27.674532565863107,7.076076179327261,0.20636547416347373,0.09110223177571247,False,27.468167091699634,7.167178411102974,False
840,5.2206477667614655,14.877609215673331,68.83877374006289,1.6547133239111822,22.256805044404906,1.6547133239111784,2.964225074491342,5.513578699881114,5.879176200704025,OK,725,48.52361806125841,11.269952149909654,0.16536922595028788,0.05384335163055836,False,48.358248835308125,11.323795501540213,False
841,4.602138985488619,14.028478791957632,71.11454919063287,2.000337960451853,21.871582916926307,2.0003379604518523,3.810807547362039,6.356975108173561,6.490295750885199,OK,726,41.937065315853225,9.76454861763056,0.14054986510536366,0.09512005951195929,False,41.79651545074786,9.859668677142519,False
842,4.9071033364828525,12.064670228997683,85.77489314707712,4.114356202284331,23.191820238928294,4.114356202284331,5.587041711870512,8.070965019069188,3.8729126972626844,OK,727,31.550270495746723,5.335679094709312,0.3249544248968213,0.07984944838448543,False,31.225316070849903,5.415528543093798,False
843,2.5508844626459504,15.076432356589725,84.09312209174419,4.323595326095814,28.11345346737238,4.323595326095813,5.042546634456169,8.168482858164776,0.5892658086305473,OK,728,34.17912431150851,3.6284025021107404,0.3784676580274749,0.14664994579282672,False,33.800656653481035,3.775052447903567,False
844,4.9005490902716975,13.189968204572699,67.5424363307452,1.0738139482241011,18.87470906234048,1.0738139482241005,3.8311112520790225,6.237183417972993,9.247581465384718,OK,729,41.58273670039461,11.633596386929224,0.24509991857954155,0.06019845244863828,False,41.33763678181507,11.693794839377862,False
846,4.879744552480801,15.209552394888815,49.77623615657835,0.965115010895944,17.865370233272934,0.9651150108959414,1.3494835706758366,3.4152009557938516,12.913829160949424,OK,730,44.246091770391146,12.77400347568398,0.3330389910990221,0.10601917373214811,False,43.91305277929212,12.880022649416128,False
847,3.220274821556588,16.767982563774616,46.82687775008419,1.1855197054495594,19.097489410624846,1.1855197054495599,1.3246724360289228,3.442924499604729,14.25360898868358,OK,731,43.26198811585882,12.348792560484101,0.234648133632453,0.06278258550218556,False,43.027339982226366,12.411575145986287,False
849,3.7466895272538556,15.918694279722802,43.15710310586288,0.6107255623831124,16.2880548411986,0.610725562383114,1.1389527426330694,3.1363993615625905,15.311477022007924,OK,732,38.27763670430867,11.620423031014214,0.3430793122919803,0.08657797280741765,False,37.934557392016686,11.707001003821631,False
850,4.080994835609612,15.485223028299323,80.43114253152143,1.0046583382404597,23.38685185412408,1.0046583382404601,4.290339019126922,7.46763231691358,3.1982808536810423,OK,733,43.33369327611958,5.8863744496621,0.1217864815777648,0.057432690284321866,False,43.21190679454182,5.943807139946422,False
851,5.011750260270563,14.955127245404707,81.51198498129948,2.495014482974467,24.936775615481977,2.495014482974466,4.091103482478175,7.003478348792706,1.5840773163339517,OK,734,43.40667093068873,5.29811868415326,0.197765922820789,0.07341751261684286,False,43.20890500786795,5.371536196770103,False
852,2.9548347015470036,12.794398815000358,79.3493997563456,2.3872194184115427,21.401883254605266,2.3872194184115445,5.740179351397565,8.444133156242273,7.0679787770896585,OK,735,28.379990824625278,6.469301293451607,0.20224586969953173,0.06700065523236216,False,28.177744954925746,6.536301948683969,False
853,4.4949487315985275,14.684408523951506,61.1026591308018,4.225280654760574,24.621175366350784,4.225280654760574,2.5744028874918605,4.6979915270747,6.573947404117432,OK,736,40.64986095363694,9.68965004294452,0.22255284329979308,0.1610651244459161,False,40.427308110337144,9.850715167390435,False
854,3.7804466890236306,14.729531800472753,73.04336873880972,4.253611961026932,26.576037805575865,4.253611961026931,3.7994196346784435,6.368225615927825,3.2382654454994997,OK,737,36.95172015180438,5.622301290661169,0.2844893201684386,0.0948737090757139,False,36.66723083163594,5.717174999736883,False
855,5.334481090378931,14.183405410386484,77.93328014195043,1.511118724113227,22.033568009490104,1.5111187241132282,4.063864922919645,6.8120198024087575,4.42960812659337,OK,738,44.73975750587774,8.283119931257566,0.13617795972983837,0.10300922149080692,False,44.603579546147905,8.386129152748373,False
856,3.8109103995027507,16.23030402690395,51.19051166802453,2.3063806646453386,21.390454744472095,2.30638066464534,1.5161113904743928,3.613959490214583,11.21221372695324,OK,739,44.98529714409061,12.337321945649533,0.13794171957133652,0.06698537559629111,False,44.84735542451927,12.404307321245824,False
857,5.113584948664609,15.059878201099394,84.54589602873997,0.6588156414167599,22.440252958098426,0.6588156414167591,4.500175777891982,7.667035069093588,2.5086506119149767,OK,740,45.54432175768158,6.0771421437958955,0.1699056764517288,0.07515302884327962,False,45.37441608122985,6.1522951726391755,False
858,2.8180829935675327,14.716991876227887,83.61600170267978,1.5070390158667644,23.171347545849393,1.507039015866765,5.404278759231776,8.627358612506029,4.05515422756917,OK,741,35.12596156124156,4.6852654431243375,0.20080684736078427,0.04966784385378988,False,34.92515471388077,4.734933286978127,False
859,4.0108457463216585,13.237762699783806,76.4989597613394,2.536474676904158,22.074702561283004,2.536474676904158,4.83678131768988,7.4417286438745265,6.137551879769222,OK,742,34.21908596287358,7.28972378917861,0.11104808661586202,0.05073193755351976,False,34.10803787625772,7.34045572673213,False
860,4.166688488851861,16.461922921902413,56.07064853877685,0.9682225358968487,20.901282734626967,0.9682225358968484,1.6769904633135937,4.055593528054027,10.028783249590813,OK,743,49.66850672267184,13.073013478442801,0.24132565698070188,0.09185131547793138,False,49.427181065691144,13.164864793920733,False
861,5.454676031364576,12.788321853478084,52.860583985013356,3.1489806611974265,18.99281292314663,3.1489806611974247,2.3525989171106083,4.204161536137558,11.390447390458869,OK,744,32.737686933509416,10.366368499889346,0.47262489899060856,0.10417086819053042,False,32.265062034518806,10.470539368079876,False
862,3.2097244739401645,13.175601968285777,60.85264512399371,0.652830892323246,17.25263596955947,0.6528308923232431,4.18029531758291,6.535106231772819,12.890732443844582,OK,745,32.39098750508178,10.129688520040453,0.26277218606979574,0.05719922736125546,False,32.128215319011986,10.186887747401709,False
863,2.6747082573842205,15.324011250889834,68.11323084003655,2.140079645839014,23.516550775831213,2.1400796458390157,3.802717455822144,6.5393705390438335,6.961883127210079,OK,746,36.91634817433622,7.6743915561058795,0.30576040004675636,0.0876770016997554,False,36.61058777428946,7.762068557805635,False
865,4.866358793028821,16.3953864091671,53.9411197671525,3.2940516893834277,23.804475660141954,3.294051689383426,1.0182563654166898,3.0444058513049104,8.018926688886763,OK,747,49.403772484173864,12.275236041072416,0.2519180522941454,0.10734024817652996,False,49.15185443187972,12.382576289248947,False
867,3.3114996933739462,13.256584077636933,84.26848034211855,1.958506778517853,21.683759095122248,1.95850677851785,5.854658017146001,8.75199414279722,5.48386800303508,OK,748,31.57568714657593,5.544681173708173,0.1670026846938256,0.05050045314746722,False,31.408684461882103,5.5951816268556405,False
868,2.7379961961879173,13.353331644629533,52.826081915720394,0.5637157137017437,15.858432458206092,0.5637157137017457,3.785058639349497,5.970215634488271,15.717685210465365,OK,749,25.806787279299666,8.93363289281649,0.5501504029876025,0.09483146261730833,False,25.256636876312065,9.0284643554338,False
869,5.023584742085916,12.47861403892241,60.42133060305093,4.31725428655872,21.715075545870903,4.3172542865587245,3.3051650295895207,5.254166240799341,8.804696937806408,OK,750,32.69780645413709,9.67586442435787,0.47316933516484816,0.09551117407520783,False,32.22463711897224,9.771375598433078,False
870,2.758000903712708,12.854327598024238,59.41415810662863,3.94103724796683,21.470509601350287,3.9410372479668307,4.232216324818374,6.341248599086812,10.902854665769905,OK,751,25.081049483924982,7.97933786654749,0.25768704184972163,0.09014079097498119,False,24.82336244207526,8.06947865752247,False
871,3.842458631593344,14.17007824756226,73.23137402671536,2.227216754102085,22.658503633889367,2.2272167541020846,4.240449482678692,6.90876410253226,6.044559179313673,OK,752,37.88127607367418,7.887385368173822,0.1653098939161899,0.0943330532006709,False,37.71596617975799,7.981718421374493,False
872,3.14250692315286,13.431619518012567,73.90614397614381,2.941917473916616,22.737858685268407,2.9419174739166167,4.880331715773384,7.479801391389842,6.727381923336875,OK,753,30.964987042876057,7.030701494100506,0.16487540085222255,0.0567785095998741,False,30.800111642023836,7.08748000370038,False
873,2.666106065921981,16.653436147173984,74.99062945229541,4.1233842486047685,29.530988683904987,4.123384248604769,3.4619073639487468,6.448116655717429,0.6592333792576898,OK,754,39.05672817824608,3.9601421952782467,0.31116177205600554,0.14330376331582945,False,38.74556640619008,4.103445958594076,False
874,4.327798935515753,16.47016626315431,63.439079341034926,4.012823456374602,27.205819835575987,4.012823456374605,1.9653426772916092,4.295359881746618,3.898789762350001,OK,755,45.44844011160891,7.331100408082348,0.28233735348126243,0.07271832441523295,False,45.16610275812765,7.40381873249758,False
875,5.276983862608036,12.083639955940328,49.89044935198332,0.693949460631921,14.024325498393313,0.6939494606319208,2.629868565081484,4.551454792745277,15.192676544477694,OK,756,24.471083800205516,8.770604232984406,0.44025863894436845,0.11604548650527233,False,24.03082516126115,8.886649719489679,False
876,2.8731093390454046,14.553984948549857,78.41596997981452,2.2158759865135655,23.690165300771504,2.2158759865135655,4.910612270481074,7.8835064586964805,4.810945777453922,OK,757,34.32255972183241,5.508559285734535,0.13938693400556013,0.04476461586779162,False,34.183172787826855,5.553323901602326,False
877,3.004665022768861,12.56783706711006,78.07741284865773,4.402307379997307,24.034918669866734,4.402307379997306,5.521930556031535,8.040688959798917,5.6391234787900295,OK,758,26.21280283287661,6.005426979578833,0.3757815178700261,0.12316143071699638,False,25.83702131500658,6.12858841029583,False
878,4.949809616617253,16.78486076435747,57.009107474617366,3.562032294538825,25.483742540665887,3.5620322945388265,1.0226359925270572,3.128536143431326,6.03177528487505,OK,759,50.48344629963045,10.958653404125414,0.2201018510590542,0.12310624906939624,False,50.263344448571395,11.08175965319481,False
879,3.9154022779884197,12.33571382916084,62.99187431379842,2.6766072520542945,19.471736070014686,2.676607252054296,4.228381771889335,6.391618711793486,10.751421058970537,OK,760,30.039642439342643,9.275002057572578,0.28482121589180986,0.06839636041894877,False,29.754821223450833,9.343398417991526,False
881,3.646577733085908,15.726683900858468,43.6937460671302,1.6874036469943385,17.826339170403664,1.68740364699434,1.2977720712595442,3.222623793662301,14.633098028649933,OK,761,36.67472089320522,11.228679075929497,0.2832348251362349,0.07182864727156794,False,36.391486068068986,11.300507723201065,False
883,3.177606897560909,13.476786643581391,59.16017728209361,0.7285120126874598,17.457210877814127,0.7285120126874606,3.9227317475639083,6.255631850937297,13.045042075299177,OK,762,32.9875970050028,10.288385455163512,0.2815529894134157,0.04993377970951774,False,32.706044015589384,10.33831923487303,False
884,3.3899706125450946,14.328618991596027,82.57629845641691,2.3850767527111465,23.87368964030498,2.3850767527111465,5.149675002393334,8.15510998280568,3.6222581028082885,OK,763,35.47266668389175,4.872870975199667,0.11725705992852814,0.038184291759988165,False,35.355409623963226,4.9110552669596546,False
885,2.8876576558271645,13.708631038903144,75.99384574897772,1.6271190260887713,21.352338957508287,1.6271190260887682,5.159274732961581,7.96660733975324,7.281904830979919,OK,764,32.2767933711498,7.186342196522362,0.13756921613322773,0.05728057329639859,False,32.13922415501657,7.24362276981876,False
886,2.8217686980013545,12.488414655183007,47.15143408575213,3.7219703319363364,18.306192141673073,3.721970331936334,3.5994120049614082,5.421314838904175,15.227776271573756,OK,765,16.970282591339917,7.013218841159316,0.23674011045259072,0.0472710977984694,False,16.733542480887326,7.060489938957785,False
887,5.223254546396504,12.159017921686784,86.84641838766771,4.169722817825301,23.441521722713908,4.169722817825299,5.5042518610077025,7.994488717432969,3.2547555981728413,OK,766,33.12204864242737,5.06526346536768,0.357164352853181,0.0931680044940006,False,32.76488428957419,5.15843146986168,False
888,2.990986534709051,12.758887658914327,81.59862704788534,3.999101380114022,23.91569309822132,3.999101380114021,5.760164886028864,8.418350180976667,5.004582095455283,OK,767,27.255627116708297,5.527386701210372,0.3728226232388774,0.08537436232413771,False,26.88280449346942,5.61276106353451,False
889,3.2448075710605067,13.071067819440065,68.6614201707383,2.896745222157925,21.56789627218845,2.896745222157926,4.609077692586162,7.01471284585722,8.595025102396795,OK,768,30.584998241157514,8.260769710322544,0.14912230761850337,0.0619595112771931,False,30.43587593353901,8.322729221599737,False
890,4.512100104655545,16.514779974744826,58.006407776124426,1.6906365572820186,22.51047089765926,1.6906365572820197,1.5805089560999086,3.933008211245637,8.204332279921498,OK,769,50.72670124750475,12.617822630677109,0.26071356235911486,0.11218146041284113,False,50.465987685145635,12.73000409108995,False
891,2.628570740769839,16.357156183307264,61.68571280067972,1.8167438825485436,23.299314859788907,1.8167438825485434,2.8642463088120174,5.486813307328326,8.35230356346085,OK,770,41.42872286499683,9.410444264521583,0.35823938932702143,0.13867995758059593,False,41.07048347566981,9.54912422210218,False
892,3.859679169350718,12.187925678954658,73.97229542801007,3.8084674898756647,22.24703236079617,3.8084674898756634,5.0588018536725805,7.4017075885457615,7.113854464048706,OK,771,28.328380498170443,7.269272565516422,0.21113038844210838,0.107295712561044,False,28.117250109728335,7.376568278077466,False
893,4.86195665273986,12.651374695255493,57.5232995651545,3.3576613187859237,20.01139196231417,3.3576613187859277,3.1295278609030284,5.092132761874431,10.501427382107483,OK,772,32.707937415910216,10.108867777320581,0.3777933268756481,0.07497931743669402,False,32.33014408903457,10.183847094757276,False
894,3.0675275374713347,14.616349504396483,45.20603645698709,1.0360170144293295,16.156057469831232,1.0360170144293284,2.3857038406674036,4.3908787418860555,16.67033355621727,OK,773,27.883565114991754,9.426429710956228,0.47940142860758544,0.08214242433154804,False,27.40416368638417,9.508572135287777,False
895,4.507135287147708,14.942778189556698,72.39621968705579,2.532496391680095,24.15200927186526,2.532496391680098,3.48577153483588,6.138433289769095,4.372091092162026,OK,774,43.25265854562828,7.746058019734749,0.18593154698297856,0.10593264601820612,False,43.0667269986453,7.851990665752955,False
896,2.5303338316344863,13.450841090900063,86.27698735291636,4.105002300958338,25.308941680752277,4.105002300958338,6.024420334555899,8.952490470772986,3.1483631240005074,OK,775,28.493908064955306,4.397281180166482,0.4729501981127017,0.09867721034484342,False,28.020957866842604,4.495958390511325,False
897,4.723612113183499,13.78267854321015,48.19757549383123,2.7643123771371902,18.54287085699137,2.764312377137188,1.9097835694974954,3.755475153560507,13.01720305066387,OK,776,32.31718750189052,10.32492063746477,0.19202827948671441,0.04663308715996501,False,32.12515922240381,10.371553724624734,False
898,3.567972392337288,13.86724457303061,67.81507051155175,2.6130503175102757,22.14300304700359,2.6130503175102744,4.042141025647812,6.502285736877383,7.823951747713821,OK,777,35.65439174558917,8.967951467238583,0.20618867747686903,0.08161943583284764,False,35.448203068112306,9.04957090307143,False
899,5.087796451129133,13.96496202884103,77.52267246368785,3.880423998863257,25.290545604045768,3.880423998863256,4.012261332311649,6.55104772447204,2.6346054057106167,OK,778,39.74875114890595,5.872489006701168,0.15901538184481206,0.06501055857805203,False,39.58973576706114,5.937499565279221,False
900,5.058629784656483,15.189349405450779,85.24437099748003,1.8772100374823066,24.51819218157508,1.8772100374823077,4.398255142826834,7.51223072799791,0.943896122319036,OK,779,44.104315914161866,4.929339927100789,0.23529281856645487,0.08456537579899424,False,43.86902309559541,5.013905302899783,False
901,3.517252771136688,14.948879078762928,78.37151546922044,1.8300835149181987,23.688219164293713,1.8300835149181978,4.494040663447986,7.497751365302607,4.139100161777703,OK,780,38.81424685649271,5.745109251950663,0.08814983152403781,0.0457928075959095,False,38.726097024968674,5.790902059546573,False
902,4.019251853301306,13.975607718752306,38.49754063063904,0.5691981234540716,13.065632391378319,0.5691981234540718,1.4585441903048135,3.2755709382832183,15.538501270849066,OK,781,21.9076746278592,8.237852749223167,0.22395898186856553,0.056914318244990866,False,21.683715645990635,8.294767067468158,False
903,4.160784943190436,12.468978551221024,83.81597606853157,2.144144806957512,20.77187096104572,2.144144806957512,5.762905449843704,8.438332730033093,6.050043868504002,OK,782,31.7902123849085,6.263502447383877,0.21734498695712082,0.056545527758398974,False,31.57286739795138,6.320047975142276,False
905,4.33742934328502,14.520450063280874,68.9696043292986,3.079766250244672,23.933947876729405,3.0797662502446723,3.430601978824434,5.893970214664101,5.552342758080276,OK,783,40.78349858190141,8.553626751735873,0.22750637378774063,0.1334798758185406,False,40.55599220811367,8.687106627554414,False
906,4.686084241392468,15.757466084715096,52.17460562713138,0.938128647732654,19.053797422901482,0.9381286477326528,1.4120234959455757,3.588348593047696,11.775601478053067,OK,784,47.520160477805234,13.231280931845072,0.30510652458535553,0.1029517799278843,False,47.21505395321988,13.334232711772957,False
907,3.666094554704779,16.41390738643973,63.998068924953515,1.1224779719375793,22.78001976519389,1.122477971937576,2.575226179760513,5.275406868624188,7.277118507634134,OK,785,47.97769709946057,10.988178538802368,0.18231099347492502,0.11172522864431655,False,47.79538610598564,11.099903767446683,False
908,3.6889397925226657,13.618248551495435,53.43874523822089,3.2734290148391096,20.281410949732397,3.2734290148391096,2.9948211291301234,4.9802172521125545,11.898609580000974,OK,786,30.809101646147482,9.685155418903976,0.1509598214606789,0.036150968286792096,False,30.658141824686805,9.721306387190769,False
909,4.883750814789341,14.67275946042626,56.75757551879319,0.5179376257793744,18.17631054598276,0.5179376257793763,2.2604849123452304,4.538420198346319,11.382212644878953,OK,787,45.5374870939238,12.942521527404786,0.28644181877922026,0.0940327370811718,False,45.251045275144584,13.036554264485957,False
910,4.393220498766176,14.349387562911986,45.80854519604378,2.5854718641628964,18.30073773302273,2.585471864162897,1.6350761360639972,3.4714828837105713,13.886604260234256,OK,788,32.52817811441397,10.380123933688276,0.16417684090536405,0.04158440846689906,False,32.364001273508606,10.421708342155176,False
911,3.3032787150451552,15.100728212317106,55.028137310321085,1.9158006362728306,20.397601223343898,1.915800636272831,2.6739022422204357,4.906915212382067,11.589086661346556,OK,789,39.397667201874924,11.344196536992131,0.0826963734139746,0.03668236060006167,False,39.31497082846095,11.380878897592192,False
912,4.735961428041847,15.818872291107148,48.88930765641576,1.7843132489764522,19.524928926867936,1.7843132489764522,1.0131608897114113,3.013895442664026,12.117155680484265,OK,790,46.0284841763666,12.966576111392545,0.2606743467608664,0.09389827346142728,False,45.76780982960573,13.060474384853972,False
913,3.0192329098093484,15.60371735146666,45.736474044921195,3.745395968412614,21.339749964986694,3.745395968412613,1.8295376827122887,3.6920664638687626,13.272085575640057,OK,791,33.1607490057443,10.01993718881616,0.3017461076415869,0.07472985603860122,False,32.859002898102716,10.094667044854761,False
914,4.977591511968703,13.638300313997945,53.08010058824972,3.097626437378222,19.967725459023107,3.097626437378223,2.241023751355314,4.157422658776504,11.02881949297618,OK,792,36.730978552851916,11.106787028239436,0.2465517752395766,0.04204995250902199,False,36.48442677761234,11.148836980748458,False
915,3.5080119828872696,13.279181520959613,65.58586395380635,3.913594838743335,22.97783451792734,3.9135948387433297,4.083145621979025,6.3370280370650836,7.980347577034648,OK,793,30.911852816099678,8.26631149084273,0.1748242083874186,0.08571225850269483,False,30.737028607712258,8.352023749345426,False
916,2.7335354328096293,15.839937000345675,88.95445091100873,1.725911136730239,25.36422384514404,1.7259111367302398,5.417156629534894,9.034220159581466,0.8501227704565716,OK,794,38.43142614296686,3.564263706214748,0.32360609604289464,0.09626813052422961,True,38.10782004692397,3.6605318367389774,True
917,3.661481774468214,13.025067577143727,76.70051000528436,3.83470392142147,23.746697500733198,3.8347039214214687,4.980154973418465,7.504032457245197,5.3573513824879075,OK,795,30.547721349675744,6.377589975369293,0.22251436097494348,0.07312260667529892,False,30.3252069887008,6.450712582044592,False
918,2.7659932591609357,12.890686046445035,77.43008891222405,0.8433993182338766,19.113572224036986,0.8433993182338734,5.781061032976314,8.555570727661372,8.983363188368262,OK,796,29.933182349698534,7.630089319485972,0.2512599559293076,0.07856160330315932,False,29.681922393769227,7.708650922789131,False
919,2.745575848713487,15.320839476386855,39.51968130410126,2.7339979257866647,17.726340156898196,2.7339979257866673,1.7516844441147619,3.5413337971943033,14.273788504378246,OK,797,25.222663176066497,8.7842553472635,0.49022204057246593,0.0862006730229571,False,24.73244113549403,8.870456020286456,False
920,3.181450727183983,12.048250987313134,41.08362447583309,4.426820689115194,17.522727354057665,4.426820689115195,3.120066527574444,4.7805765721049855,14.671110647852018,OK,798,12.32845730194821,6.168467493969309,0.235071385679682,0.05337042619995543,False,12.093385916268529,6.221837920169264,False
921,4.811383643717857,12.40889123321658,79.12879241290685,3.0848992395888057,21.867767012690997,3.084899239588806,5.0186635538493825,7.482143801473351,5.6806300400195395,OK,799,33.358728873597634,7.0070211467167285,0.19830805672238622,0.0707204607896439,False,33.160420816875245,7.077741607506373,False
922,2.82549201497612,12.995061962350988,79.57189359526757,0.81538144493876,19.366216041003284,0.8153814449387583,5.890559397826429,8.732507534955833,8.331919275381443,OK,800,30.212811914352482,7.203948641582813,0.22076579420428596,0.07220560525756967,False,29.992046120148196,7.276154246840383,False
923,2.8992948802030107,16.26393779063219,39.028323044157425,2.3567698038081364,17.895040766797926,2.356769803808139,1.1426058892811817,2.952502812270568,13.732780051578265,OK,801,31.794188203259985,10.146908506834516,0.4641867665825593,0.09019239220939819,False,31.330001436677424,10.237100899043913,False
924,4.365485318012191,15.842003637323689,63.23187364812363,1.0623252642870809,21.770748697703354,1.0623252642870789,2.4677029239318315,5.036472681621708,7.757105267760173,OK,802,49.350578133035505,12.287646865887384,0.19634404134244757,0.0765052570461294,False,49.154234091693056,12.364152122933513,False
925,4.5874149929476795,14.65014377261717,53.130265287133426,3.9256368261491192,22.43309296648213,3.925636826149116,1.9326002260242738,3.8502107166683626,9.6076271100508,OK,803,40.16672921757542,11.323891491773233,0.1719431176814421,0.07356975712131562,False,39.99478609989398,11.39746124889455,False
926,5.4812605709163735,14.969735073558017,56.91047747952519,3.864991908473845,23.58872086240435,3.864991908473852,1.616115438685295,3.591767974417852,7.251857148183768,OK,804,46.74332031858932,12.069266911942545,0.2512783233357486,0.09995289169918653,False,46.49204199525357,12.169219803641731,False
927,4.770539820012988,16.130521790726725,80.60389651534783,1.2598100866368926,24.763640325475542,1.2598100866368915,3.6935889455966944,6.893784588961706,1.371647286091243,OK,805,46.76234569438334,5.832929049236802,0.17398936798997727,0.05650499223376544,False,46.58835632639337,5.889434041470568,False
928,4.116599178866895,13.306151634437589,81.33469543217396,2.1723446735501257,21.951386232322868,2.172344673550126,5.210819668944673,7.966333504266236,5.223597273575587,OK,806,34.873586425425025,6.261843097254906,0.12977795602813882,0.06076539230792845,False,34.74380846939689,6.3226084895628345,False
930,2.5481363800766106,13.194353929013936,38.8506398006065,1.9859059548709501,14.495732284322553,1.9859059548709517,2.937713732948385,4.717397732007356,16.525964336372358,OK,807,13.805843202393596,6.519385908801161,0.37518667461156896,0.06658670296104945,False,13.430656527782027,6.585972611762211,False
931,4.684867965837126,15.08359454456556,87.99507413572292,0.8189902359425425,22.807900988279464,0.8189902359425438,5.000809339630894,8.294523479727658,1.8854679846868858,OK,808,43.25656167197802,4.8756572468321675,0.22257797324438214,0.07837071812372828,False,43.033983698733635,4.954027964955896,False
932,3.6982642885835997,12.292076141053137,65.77839959855837,0.8370821257890353,17.087394690068358,0.8370821257890328,4.701385507167338,7.051753074568618,11.96491689685132,OK,809,31.548440501826303,9.796366931894006,0.26770605752517324,0.08858645648868639,False,31.280734444301128,9.884953388382693,False
933,2.6189499103366463,15.607585278760286,60.012277929917545,3.174593174934564,24.025438685747822,3.1745931749345653,3.0265444663713623,5.405967005944184,8.49522002708009,OK,810,36.02067185584272,8.523645031341372,0.2892245191087649,0.05145381318959086,False,35.73144733673396,8.575098844530963,False
934,3.6538840230506073,14.14200934520056,41.71806357932749,2.1653225456097545,16.400502794246975,2.165322545609756,1.8889956312002383,3.6927592862527163,14.933907110737543,OK,811,23.69153819670031,8.554039837920127,0.33588906041548966,0.06300101753914115,False,23.35564913628482,8.617040855459269,False
935,3.3474821467719797,16.481796231122853,49.37847408407094,2.1830834285890433,21.000182432251137,2.183083428589043,1.5272530936571584,3.619330582156941,12.299286604323756,OK,812,43.257418100343195,12.047340106966292,0.19358557978982077,0.06298642428872261,False,43.063832520553376,12.110326531255014,False
937,4.467385504930597,14.545224117310466,58.87432249687474,2.5386866819397094,21.444985383422704,2.5386866819397116,2.5875717283551367,4.775299513721368,9.20679169567194,OK,813,42.896769675642936,11.812063406001355,0.13768086518637768,0.07106547629520601,False,42.75908881045656,11.883128882296562,False
938,5.102098344308159,13.820333484911652,64.30828633930072,2.2894456018059213,21.075478702228708,2.2894456018059226,3.0799829143118096,5.351198416159672,8.05362338917922,OK,814,43.60365001547603,11.732214059206358,0.14040593643947413,0.05707435678169652,False,43.463244079036556,11.789288415988054,False
939,2.5152053791094695,12.996031442155118,87.61502438091537,3.2328964590858145,23.300463812722953,3.232896459085813,6.447841498628765,9.374343749875258,4.580038346221332,OK,815,27.350569882940757,4.741095416994355,0.4021525689537654,0.06680689351141106,False,26.94841731398699,4.807902310505766,False
940,4.876831834507636,16.68907312859553,73.10807930840667,1.4212587781976542,25.097065335983892,1.42125877819765,2.651600056061156,5.610155041244674,2.4907743926686874,OK,816,50.324640060100265,7.907235313203527,0.21208050239100593,0.11280169356804749,True,50.11255955770926,8.020037006771574,True
941,3.282091355347407,14.303336439822427,65.45424012473575,1.7095806851251927,21.040773935888048,1.7095806851251936,3.8620806979088336,6.383561760797916,9.099755496023866,OK,817,37.87317214602544,10.083547031619812,0.15633926237311005,0.053145550867198486,False,37.71683288365233,10.13669258248701,False
942,2.8172764502514838,14.296807673777543,71.71799333407981,1.0205544172215242,20.854321264737926,1.0205544172215266,4.629402661073151,7.439516904207391,8.245528732067273,OK,818,35.70760446024936,8.62917186908849,0.17774473942513963,0.0647079778052071,False,35.52985972082422,8.693879846893697,False
943,4.962488713705119,12.971215760755545,82.44691134219724,1.3869429186744542,20.33166899600642,1.386942918674457,5.166790458847199,7.882475130450681,5.685399759203036,OK,819,38.0274505707363,7.2799718807997955,0.24536286930488058,0.1467105671843548,False,37.78208770143142,7.426682447984151,False
944,3.3207408244430203,13.883020073440939,64.27673316949756,2.3233079420587894,21.205883427889695,2.3233079420587885,3.9085564875849137,6.303326980441836,9.351876717742984,OK,820,35.26879951061212,9.68749404725674,0.18417399618886218,0.06454445071051777,False,35.08462551442326,9.752038497967257,False
945,3.595078815424324,14.839015690225688,67.65617108987087,1.3857512700949135,21.62635731853566,1.3857512700949128,3.6555506339533395,6.309644872066142,7.801298576271185,OK,821,41.805789592562206,10.229343186724595,0.15102130754218468,0.05171192691844152,False,41.65476828502002,10.281055113643037,False
946,5.194737846789527,13.155870831457088,59.88860912294402,1.9638365424555282,18.99416300143392,1.9638365424555286,2.9934908039964547,5.118016082010984,10.350432956579843,OK,822,39.55269369644308,11.64339460578456,0.27807985715849953,0.051604290841521544,False,39.27461383928458,11.69499889662608,False
947,2.5895631569293194,14.56426246945669,78.87218555924699,4.486542405729553,27.256528248904182,4.48654240572955,4.812617900184115,7.660254407399378,2.511526635393686,OK,823,31.78840313306771,4.437900185979829,0.3845529376359663,0.12697292811039843,False,31.403850195431744,4.5648731140902274,False
948,2.686940344525865,15.197503831649309,51.39878887672678,4.26425982302708,23.184190975471992,4.26425982302708,2.576519238482433,4.566787944183197,11.111713928920807,OK,824,31.261767641003,8.92875250914719,0.3006449283453238,0.07665768351604538,False,30.961122712657676,9.005410192663234,False
949,5.156404070412705,14.094167259453245,50.668853577950955,4.073224508008417,21.422598857101036,4.073224508008417,1.6652017987211067,3.466375851964795,10.293454202735871,OK,825,38.07572042498818,11.262518800762681,0.3462445304756742,0.06933110804308842,False,37.729475894512504,11.33184990880577,False
950,4.203307593990692,13.986024512983171,59.473540806063966,2.6795106460572113,21.050770732951896,2.679510646057211,3.0321377966712326,5.208174373808475,9.697002454670566,OK,826,38.93675356724422,11.056665443339307,0.1281855232387175,0.06033475165524061,False,38.8085680440055,11.117000194994548,False
951,2.6841256184947446,13.54139765364306,43.59256444880251,1.9705560060313279,16.00954309557634,1.9705560060313299,3.0092606351082303,4.892514823368762,16.78605453687033,OK,827,18.72081102633051,7.48729188149272,0.4067539926837097,0.06226247356366508,False,18.314057033646797,7.549554355056385,False
952,3.2389087176449207,14.412566843793284,36.79021100359938,4.482043271391202,18.653395188788153,4.4820432713912,1.5579497192785041,3.1750194532918368,12.31353837442025,OK,828,19.16131292325702,7.5148868501617505,0.3100359645751367,0.053604789683168515,False,18.851276958681886,7.568491639844919,False
954,3.416162597485142,15.418740737125924,58.61079658361923,0.7953132019101862,19.902888643199752,0.7953132019101888,2.8024543783735396,5.265182635429982,10.93216031670575,OK,829,43.75458480199198,12.172808853351103,0.12296496211255878,0.03755887659586907,False,43.63161983987942,12.210367729946972,False
955,2.662683778530994,16.48944012480341,45.09571741115633,2.1283603405284204,19.680277459346485,2.1283603405284173,1.6416434323674096,3.6514096839714867,14.848637169585128,OK,830,37.296174954076335,11.063786527548428,0.39317798185492336,0.0857465274103395,False,36.90299697222141,11.149533054958768,False
956,5.142796353803464,15.868237411433505,75.52001724866116,3.6974006893988864,27.704830715392326,3.697400689398886,2.940597964618785,5.636046250581526,0.37474466266711176,OK,831,45.61357876237974,5.470652923136371,0.34080859404208286,0.11154810875063338,False,45.27277016833766,5.582201031887005,False
957,5.037566875957014,14.152838201823812,65.87509357860587,0.5149056076688425,19.123150105348174,0.5149056076688426,3.222740779009918,5.718994515919357,8.9478637004689,OK,832,46.63957695676961,12.687231244660323,0.2170606816184629,0.07114346791691453,False,46.422516275151146,12.758374712577238,False
958,3.986256032636522,16.389132247675498,77.82387073081142,2.480176103043864,26.822918175340448,2.4801761030438643,3.4885055322239786,6.579768925712846,1.0227069262299007,OK,833,43.9146038967077,4.897358298291579,0.222914789290656,0.058547029936329716,True,43.69168910741705,4.955905328227908,True
960,4.423755089239993,12.379854697252648,55.245580139500994,1.1721939977742095,16.061631743484206,1.172193997774212,3.435835909792605,5.4917317697445025,13.829360796978747,OK,834,27.922992115608032,9.416210695526747,0.322561221243129,0.07820150139520603,False,27.600430894364905,9.494412196921953,False
961,3.8191896803815037,13.234676530124007,62.69888230719707,3.0911242258474485,21.237417337037428,3.0911242258474516,3.8025793482741115,6.0091840407372406,9.458215887483107,OK,835,33.40595934116375,9.586649759449797,0.17966166055031968,0.06119257068592881,False,33.22629768061343,9.647842330135726,False
962,4.847390130131458,13.255582946488772,45.136154724578006,0.7419459813905869,14.314921388983766,0.7419459813905865,1.884898199849772,3.7744363193064085,16.055665997258274,OK,836,26.51642650790764,9.212559811166859,0.29494682413552104,0.0821463661927279,False,26.221479683772117,9.294706177359586,False
963,4.031783775137916,13.267719554605943,59.853034223388335,2.8562736076073274,20.45658964618591,2.856273607607324,3.482799071537425,5.619431315145015,10.332799376918336,OK,837,34.22651038086394,10.167791939019313,0.1559376393880538,0.04607100087540734,False,34.070572741475885,10.213862939894721,False
964,4.10199583487296,14.46183044156335,48.280877964188264,2.2688491661261936,18.579448462816487,2.2688491661261914,1.9900550878441088,3.9258540508479935,13.52958335769144,OK,838,34.45090127123261,10.746535177688468,0.21404712250218644,0.04891537436414141,False,34.23685414873042,10.795450552052609,False
965,3.154511003902346,15.609643150539853,48.028181201786104,3.5143036465716873,21.63992302953372,3.514303646571689,1.9142454919583365,3.845152154271128,12.43202029696174,OK,839,35.66190532966985,10.450030985171049,0.24241026218377448,0.06718435936379591,False,35.419495067486075,10.517215344534845,False
966,4.484033394811398,12.936759567319049,44.92267813066827,4.1838806468655125,18.957001386966148,4.183880646865509,2.1265420042187166,3.8197483952954556,13.493311705529157,OK,840,21.993905352397583,8.115906173275116,0.2921056035084953,0.08013916580637717,False,21.701799748889087,8.196045339081493,False
967,4.665146180990126,12.750638632862659,84.41792397096398,0.8601009982502165,19.298792444638813,0.8601009982502147,5.616403533778946,8.389880907204894,6.370025657367871,OK,841,36.35913894953259,7.152622871257145,0.30405284631831786,0.14042955703116516,False,36.05508610321427,7.29305242828831,False
968,4.245647681360081,15.655288778298786,46.34324033218434,1.4001063289599862,18.083522061174165,1.4001063289599887,1.1869447515135825,3.171498902761625,14.043833620623833,OK,842,41.5067441765718,12.217453573338236,0.23937297731953275,0.08339795364329462,False,41.26737119925227,12.30085152698153,False
969,3.976233774910501,13.944384711255951,46.25569185346133,3.478944873163495,19.302566960812,3.4789448731634987,2.101597676431897,3.90257036742765,13.580906283171025,OK,843,27.944358877580342,9.318791190072323,0.16720085802048687,0.04068667877535826,False,27.777158019559856,9.359477868847682,False
971,3.2700266746121214,15.79416891886763,64.08939350153719,1.9365810781397608,23.187005634774614,1.9365810781397625,3.0097846625122138,5.610080177212344,7.498672893747036,OK,844,42.66626728240163,9.716126273536043,0.2038731321575472,0.05416120780160083,False,42.46239415024408,9.770287481337643,False
972,3.591670781599663,15.859962843289342,61.18516003232045,2.903771833864988,24.18948932108745,2.903771833864988,2.5287499126067665,4.910191011176975,7.246979462172585,OK,845,42.83196347615885,9.65601394261656,0.17312659834703564,0.054141830788920084,False,42.658836877811815,9.71015577340548,False
973,2.695879047533381,13.156164197518732,84.79095362357077,3.0411119815491845,23.18680951228105,3.04111198154918,6.0787206633688555,8.961674575810857,4.900872664344416,OK,846,28.349354821095744,5.056866550819566,0.32680484533033394,0.05587249144849676,False,28.02254997576541,5.112739042268063,False
974,5.10255386211699,12.10734409303483,43.95308654939524,0.871841600164645,13.074852122040827,0.8718416001646466,2.1355633744664893,3.942588949240994,16.261631130099047,OK,847,19.24447361334767,7.681986381325541,0.34575345833365834,0.09343927564418628,False,18.89872015501401,7.775425656969728,False
976,3.3448600326105353,12.883840329054387,49.61546253354722,4.22185827583444,20.01907155415755,4.221858275834441,3.2309976130339777,5.063613762022014,13.173172638030215,OK,848,21.82185277068172,7.883895759019677,0.29192748339262503,0.06765944108420988,False,21.529925287289092,7.951555200103887,False
977,4.102573443112671,14.792692341625553,39.573888951179086,3.121376728938301,17.817453340612786,3.1213767289382983,1.0144514664834432,2.7100727251599626,12.777506137582309,OK,849,27.754030212369056,9.382957580370181,0.26043341330270753,0.06479869036118904,False,27.49359679906635,9.44775627073137,False
978,4.917821335391885,14.405466585728112,71.64062114252546,1.079258699388102,21.087435604987995,1.079258699388105,3.6192627344890766,6.277894144149162,6.495795636473686,OK,850,46.235060080924335,10.963033895236382,0.13697032800695286,0.0572912340521785,False,46.09808975291738,11.02032512928856,False
979,4.142764441538924,14.08042789133919,89.96500497420028,1.0871238977605129,21.71193075874733,1.0871238977605124,5.810094844685608,8.978659475666703,3.3298636137836493,OK,851,38.272645706206625,4.545059665649437,0.3145905719777598,0.07046142218798701,False,37.958055134228864,4.615521087837424,False
980,3.622389858771987,14.980914240041159,73.39847744444387,1.78333244530195,23.181982464115826,1.7833324453019517,4.008792347163393,6.841516645528754,5.4402826995338,OK,852,40.29531241403058,7.48431824685787,0.15271503174673515,0.07936069502822925,False,40.142597382283846,7.563678941886099,False
981,4.589650600753668,12.19282785041743,89.2068127922109,2.84084716530745,21.508946553576394,2.840847165307446,6.093905063912764,8.753270921864942,4.595703119741029,OK,853,31.9717207014722,5.13849673850568,0.39842325391826217,0.07926770630806704,False,31.573297447553937,5.217764444813747,False
982,3.908039157482049,13.775558077656477,76.6385118631228,1.3438895303664415,21.080070188657608,1.3438895303664427,4.766745002178805,7.54253711074591,6.557476164835915,OK,854,37.518649958991595,8.029095143990823,0.1287630609563341,0.08497648153856553,False,37.389886898035265,8.114071625529387,False
983,4.412241226906042,13.437429032495452,50.95042721342317,2.8155322844102684,18.856344747256728,2.8155322844102684,2.498307665866001,4.406454103702249,12.655112993946165,OK,855,31.095034756093547,10.003579500915462,0.19582399090203764,0.03816456588381207,False,30.89921076519151,10.041744066799275,False
985,3.2068138661820784,12.370630662446894,48.84066158417662,1.9552304193335799,15.953086630693765,1.9552304193335799,3.62001674515853,5.545220242786883,16.06610067712682,OK,856,18.640981753379137,7.461115803948946,0.3083021364735261,0.05176335713499035,False,18.33267961690561,7.512879161083936,False
986,3.077025403027993,12.150528366820271,72.34345449998261,1.163187636710731,18.10528223088056,1.1631876367107323,5.534525396564337,8.038270422445944,10.682080404137889,OK,857,28.81822473109664,8.468443921427902,0.35788145351810335,0.09874256313379592,False,28.460343277578538,8.567186484561697,False
987,4.438050988640526,12.103266334145603,56.64073927011487,3.284564123758767,19.06710000003656,3.284564123758768,3.5498043731379063,5.491162742289411,11.730700498386659,OK,858,27.01569583460701,8.990155812939966,0.423164945845165,0.09537165726404316,False,26.592530888761843,9.085527470204008,False
988,3.2040715477645207,15.361363727852458,74.14467633126225,2.0568631206819084,24.241302569138313,2.056863120681908,4.039267187450822,6.963952784921457,4.695287833558661,OK,859,39.00518209397804,6.214106325127521,0.18930093965518538,0.06557659544351489,False,38.81588115432286,6.279682920571036,False
989,4.11764369689182,13.508348548672489,57.80052958666745,0.539722296899851,16.975482516672614,0.5397222968998496,3.3174096953997996,5.577380274733532,12.830128781439505,OK,860,36.33744449142075,11.140516916218157,0.28890789489386665,0.05639042571822603,False,36.04853659652688,11.196907341936383,False
991,4.655942250347321,13.670458471743116,67.2938998417257,4.248270970431591,24.280281964165674,4.248270970431591,3.466428982985132,5.690475677325063,5.750829253304313,OK,861,37.15010511462577,8.533530101861182,0.18839054009922712,0.12030755613054962,False,36.96171457452654,8.653837657991732,False
992,4.086972285418952,12.71407007699332,80.34062886683085,4.242198694797576,24.152779005331418,4.242198694797572,5.194743860817145,7.709710957461091,4.305203991660601,OK,862,30.726792505340747,5.78274334386127,0.2516654468899672,0.06566066663434748,False,30.47512705845078,5.848404010495617,False
993,3.4175436615991583,14.629090383244137,88.16227805727635,2.174680832661785,24.183764705514967,2.1746808326617875,5.55798086315836,8.79186477239157,2.145155226071089,OK,863,36.83061638777439,3.9817826188540724,0.2446773613840563,0.07043153614920561,False,36.585939026390335,4.052214155003278,False
994,3.2749970128815673,14.40992856576017,58.50020654424401,3.2416494782495886,22.25538611216691,3.241649478249584,3.1905214606708547,5.386277738354199,9.771617222732521,OK,864,34.983346970279776,9.754468809492833,0.1531263307068989,0.07215835986256348,False,34.83022063957288,9.826627169355396,False
996,2.6512229912021255,14.867210425530992,43.290804653112396,1.573204876464653,16.679418651774917,1.573204876464653,2.3695233328502923,4.3186029602396,16.27315843726378,OK,865,25.731851523552958,8.933993241379458,0.49627898272894083,0.08443772327122537,False,25.235572540824016,9.018430964650683,False
997,4.1701010018100995,15.970972618691153,71.48906658395268,2.3657603662206865,25.28264557897011,2.3657603662206874,3.0728587474384597,5.85285266213481,3.599524059806268,OK,866,45.070355081501404,7.01647157468533,0.20957850137443015,0.06546760589335601,False,44.860776580126974,7.0819391805786855,False
998,2.5353863305791102,16.362686508767965,48.63842189804613,2.9618722990144395,21.82540355432218,2.9618722990144444,1.971105848633652,4.026797052150027,12.707916372856223,OK,867,37.0580138015209,10.452391928206655,0.4176973566105115,0.10619516463043456,False,36.64031644491039,10.55858709283709,False
999,2.566383674861763,13.291776510538472,53.3939431687477,2.1100720536225106,18.16230549153348,2.1100720536225075,3.8506725470871785,5.957074229762629,14.309137750928032,OK,868,25.10527134008679,8.606005786674858,0.2672075378179981,0.040192041608242655,False,24.838063802268792,8.646197828283102,False
1000,4.279957755251825,15.85588574636786,55.918504940782825,2.376409333067052,22.226321644349284,2.3764093330670524,1.8142119911803647,4.009355773256635,9.213477721810673,OK,869,46.89748080405859,12.350281852407504,0.17053002203567857,0.07869523683364854,False,46.72695078202291,12.428977089241153,False
1001,4.2409724602763355,13.854350519263955,84.4728181708712,3.1645331730816526,24.42637780993207,3.164533173081654,5.1001355643122,7.9462061745936285,2.587631231511593,OK,870,36.56170478248993,4.686120398731067,0.2013770615435427,0.06681520909140698,False,36.36032772094639,4.752935607822474,False
1002,4.313478322945774,14.819744767094118,58.141892122433376,4.190098937215562,24.154842986831063,4.190098937215562,2.3733033589595465,4.43255402813678,7.629067486935819,OK,871,40.24171149182423,10.204036827270203,0.19188845501764804,0.13970085170313642,False,40.049823036806586,10.343737678973339,False
1004,3.5607095059067824,14.293129057441638,37.36386970781723,3.214445082669108,16.855889035946824,3.214445082669107,1.453247042180081,3.12228316828444,13.291234945248673,OK,872,20.153211014570136,7.79907449562408,0.32126398418408353,0.0600640909544601,False,19.831947030386054,7.85913858657854,False
1006,3.589105327254581,15.422427624002413,43.79886336673903,0.8856386486018937,16.37661526005327,0.8856386486018919,1.5346168555768998,3.518257681877607,15.650992766236318,OK,873,34.62846324667977,10.866326496280644,0.3724875462460184,0.08231552336723474,False,34.25597570043375,10.94864201964788,False
1007,4.038714622252055,12.654388737236324,44.4811533837402,4.2374041581161235,18.639345539994963,4.237404158116123,2.5164020606860333,4.213576692665095,14.014438050159185,OK,874,18.628759429949106,7.4151194659147714,0.24814436946907995,0.06016682311556107,False,18.380615060480025,7.475286289030333,False
1008,2.8426232743251427,16.48714336019284,73.84611446524477,2.6321546170846837,26.77240461238918,2.632154617084683,3.5440125675214205,6.58869750620004,2.7774607190168434,OK,875,40.24202009076087,4.7881268654081515,0.3219740909371412,0.1183818909022134,False,39.92004599982373,4.906508756310365,False
1009,4.760212632610974,12.803984260409594,35.724701596169545,2.544348398429396,14.14649796054896,2.544348398429394,1.0636959602460188,2.6807266526499998,13.198173393026657,OK,876,15.541280251597469,6.907573088060512,0.15353896536393802,0.0446256007336054,False,15.387741286233531,6.952198688794117,False
1010,2.8906637835546203,12.845132586706882,36.857030205941065,3.4816823396141703,15.833353719173711,3.48168233961417,2.639767797149485,4.2975302978647285,14.75427603291635,OK,877,12.142740770770095,6.174151256428359,0.24860953161348878,0.057107601748896945,False,11.894131239156605,6.231258858177256,False
1011,3.868379101678598,15.431575660559375,82.50406804806815,2.83594274962815,26.252813756655776,2.835942749628148,4.389136977488253,7.4930403193298005,1.0231595645671254,OK,878,40.51070000763953,4.300873501306568,0.16905464570180356,0.06544849527739509,False,40.34164536193772,4.366321996583963,False
1012,3.7737983335308303,15.177782701521515,38.983230642370174,3.339687977591145,18.32095043082908,3.339687977591146,1.0025026110177002,2.693577816577717,12.57596888422722,OK,879,28.28448698544232,9.45585712796356,0.31662470246899876,0.0691109565521131,False,27.96786228297332,9.524968084515672,False
1013,3.726098112061589,13.244177571383517,63.6488646061504,2.114596774650555,19.940160465317305,2.114596774650551,3.985634468556473,6.291734482824712,10.190819216207222,OK,880,34.6782640819951,10.087442799763211,0.16776939229085547,0.051448225608742355,False,34.510494689704245,10.138891025371954,False
1014,3.6302454234138883,12.832531676303265,40.40805448677138,2.420998632278514,15.18499103845178,2.4209986322785118,2.4241989958319294,4.158870079032727,15.397906261475521,OK,881,15.54608516807828,6.879643978026937,0.18703997771729722,0.039126559540724526,False,15.359045190360982,6.918770537567662,False
1015,4.158213638643316,13.807618063356047,44.53842348527296,1.6203912929169935,16.005450814266105,1.6203912929169915,1.9809505164464873,3.8478854259823603,15.570428326802285,OK,882,26.466071758188967,9.16298050463979,0.29216958346927946,0.06384369354614955,False,26.173902174719686,9.22682419818594,False
1017,5.4982131665368446,14.048586705580991,76.32050767052904,3.398520291413128,24.57093932566817,3.398520291413127,3.7368242494394615,6.254767273251181,3.006811773505911,OK,883,42.344304061501965,6.7651744761994665,0.1642623651033765,0.10230631528691252,False,42.18004169639859,6.867480791486379,False
1018,5.165715820807765,14.241184900240656,74.5753742908704,2.2637712457710277,22.957542985492758,2.263771245771032,3.7384654236892665,6.347763619650493,4.568845670782292,OK,884,43.84228627151865,8.439632181582276,0.13606681498740392,0.10986112764664992,False,43.70621945653125,8.549493309228925,False
1020,4.4128559882936225,14.869943309502977,64.37019691224424,3.705007358661421,24.668181949311013,3.7050073586614203,2.812552004168669,5.097593505398354,5.852907946291391,OK,885,41.785077722451845,9.160104939824638,0.2387670894529759,0.15040102695191865,False,41.54631063299887,9.310505966776557,False
1023,3.999237518715037,13.360955781965501,76.73938004628296,1.2754737256605142,20.383196476760233,1.2754737256605113,4.927462570739454,7.642612045682608,7.144475642065823,OK,886,36.52311235724416,8.356969695951697,0.1323864665693492,0.0752604979136265,False,36.39072589067481,8.432230193865324,False
1024,2.9592276332081306,15.494251130089207,76.92043609709741,2.3154859118227504,25.124059700189342,2.315485911822749,4.283616804944803,7.332053977184005,3.5987022847619965,OK,887,37.86395599330972,5.053159032145323,0.1863427374440838,0.06481584040573468,False,37.67761325586564,5.117974872551057,False
1025,3.8319995793196284,12.620878403463106,56.537642630119095,4.15820805164673,20.991120684473977,4.158208051646727,3.5758862681761805,5.524121035217558,10.909690066046501,OK,888,26.80781488669349,8.660552525139092,0.3119588144584377,0.0739629546796213,False,26.49585607223505,8.734515479818713,False
1026,3.894174157684262,16.158928993932257,59.06700199957759,2.4576852337963295,23.453685995207714,2.4576852337963317,2.1024644174958595,4.444081476983094,7.919665092917933,OK,889,46.3491718978399,11.169639379677871,0.11659210276890393,0.06176842520823192,False,46.232579795071,11.231407804886103,False
1027,4.805841305335019,16.259584119222687,54.66984777463709,2.169135241788017,22.11365333854814,2.1691352417880134,1.242205835282828,3.3970104161519448,9.048584911054009,OK,890,50.00922314723278,12.985706483383977,0.28280285244567394,0.10397623976141192,False,49.726420294787104,13.089682723145389,False
1028,5.08578692446272,15.536298090886575,79.04604003296012,1.6085111322688603,24.284134576825245,1.6085111322688612,3.652026924474459,6.6420180273260385,2.142021141613485,OK,891,46.69177318600846,6.490756062115772,0.1452096214088076,0.058029071945681944,False,46.54656356459965,6.548785134061454,False
1029,4.986049343036999,12.828458575681092,86.35755274969287,1.4312647801869207,20.314077213585207,1.431264780186922,5.567357242237865,8.335092262110152,5.114111340763196,OK,892,37.036993585949176,6.153183583445395,0.36578813581476166,0.14066098327957044,False,36.671205450134416,6.293844566724966,False
1031,2.6258004078103716,13.936285421005085,74.83546205410462,1.6042750667605246,21.543156511728547,1.6042750667605246,5.075432176741895,7.905059519303702,7.463224292777552,OK,893,32.060922434014195,7.190263244359202,0.17716007126998262,0.05849757950390164,False,31.88376236274421,7.248760823863104,False
1032,3.058814628784721,13.231074185084417,62.88199678234156,1.6784786370753328,19.1578664959983,1.6784786370753322,4.2989667623788534,6.654892720937095,11.378868855079252,OK,894,31.95585478824783,9.634190381517794,0.19818321837530653,0.04751930407974172,False,31.757671569872524,9.681709685597536,False
1033,2.9649477046032464,15.628365235402931,43.0221852987177,2.5784569094814693,18.842088891071327,2.5784569094814684,1.7100300711311718,3.5877076354386244,14.46250758108006,OK,895,31.619124923042516,10.05865584534351,0.3533999146130267,0.06883137558001862,False,31.265725008429488,10.127487220923529,False
1034,3.49111388928974,15.166077021963218,86.81193206238383,2.3286041926677976,25.222023882304207,2.3286041926677945,5.136189315966309,8.416954195230996,1.2899716958988905,OK,896,38.6759179113801,3.932202241085872,0.2237923485458732,0.0731455465758021,False,38.452125562834226,4.005347787661674,False
1035,3.102872732987424,13.097540789768736,42.64445450192024,0.9036087807677771,13.79514380774264,0.9036087807677766,2.9201530505188984,4.809424815432873,17.465042652353844,OK,897,17.176746432047434,7.222633257000022,0.3882819747772059,0.06807582694844293,False,16.788464457270226,7.290709083948465,False
1036,2.7104430058748297,14.959384163029084,75.37835999902619,3.764868477929675,26.415187873171988,3.764868477929674,4.366709891095674,7.188066058400828,3.521230491283954,OK,898,33.81876097122152,4.929406109308285,0.2919499857556632,0.10483812262828716,False,33.52681098546586,5.034244231936572,False
1037,5.240828041347484,12.718132517352968,82.71470698651675,0.59970320945632,18.80334965909686,0.5997032094563212,5.249034287840438,7.960606554808045,6.583538998789156,OK,899,39.5894115352515,8.495023801966964,0.33694212755155994,0.18851858322390827,False,39.25246940769994,8.683542385190872,False
1039,3.134869962391194,15.154761197844552,66.07077802202251,3.544032127744845,25.10620826967253,3.5440321277448446,3.4036071957448257,5.888452686633899,6.0777953335143415,OK,900,36.414239882471506,7.287788387815059,0.3201323740580502,0.07679481905429385,False,36.09410750841346,7.364583206869353,False
1040,3.1481237920233687,13.518282826454849,64.43953965619389,2.062206181503697,20.349326411096058,2.0622061815036976,4.200290410629453,6.5959102083280285,10.133871131420694,OK,901,33.342983392471055,9.536158041397679,0.1797847672561841,0.053148645190139863,False,33.16319862521487,9.589306686587818,False
1041,3.9820783838536142,12.09741047588613,48.56198036067836,3.5087837308458214,17.86513030584252,3.5087837308458214,3.17965114066498,4.97173167411462,14.19197789754965,OK,902,19.012705149896316,7.49398683547981,0.2560022991945857,0.06181204628265922,False,18.756702850701732,7.5557988817624695,False
1043,3.235400548264204,15.221770975600899,86.11424283693398,1.1875991787230475,23.53911659559538,1.187599178723049,5.286496452464608,8.667530459950243,2.6981916929099246,OK,903,38.528679490430946,4.274346676487698,0.22586094167341794,0.04733694825353772,False,38.30281854875753,4.321683624741236,False
1044,3.1567543000215466,15.481567219757826,68.64046254722123,0.826022835176264,21.827290603077458,0.8260228351762652,3.673644271529856,6.522077031823091,7.528829187924647,OK,904,42.5238853280886,9.75814685370168,0.21392454088185314,0.06883454511047561,False,42.30996078720675,9.826981398812155,False
1045,3.7435365202258355,12.21663208590462,64.1741177530984,2.518928761961396,19.247146899694016,2.5189287619613965,4.4674432735236,6.6678602493636046,10.86086248188263,OK,905,29.264369808076633,9.061370738425456,0.3046880532350213,0.07418098554172292,False,28.95968175484161,9.135551723967179,False
1046,4.54707177606097,13.737588035548475,52.40234287123364,3.363865033510167,20.335756440120278,3.36386503351017,2.3677988721869774,4.277804999461027,11.281336512077289,OK,906,34.724767235825986,10.621238202635237,0.1785464292724109,0.027766959812970428,False,34.54622080655358,10.649005162448207,False
1047,4.692931301361492,12.322777649254332,70.48357547952796,0.5511140525494783,17.261254892504667,0.551114052549477,4.604348976820482,7.031363776668293,10.260481851871472,OK,907,37.20743037053671,10.794629439069105,0.4616041231980351,0.12425158455580607,False,36.74582624733868,10.91888102362491,False
1048,2.8522890263910035,14.57962592200265,50.156685622259666,3.5725288165751645,21.110317265258146,3.572528816575162,2.750612766465995,4.722285299007982,12.666820001583037,OK,908,29.750069907387974,9.283219879537063,0.22601409956995316,0.06685246394182313,False,29.524055807818023,9.350072343478885,False
1049,3.0440418386292047,14.062659321287496,44.014148536571085,4.3925763059213825,20.209815862678916,4.392576305921384,2.4366015250683937,4.190193006464424,13.851404068971185,OK,909,22.533740871528877,8.05173076443573,0.30968448675749743,0.0661621657593798,False,22.22405638477138,8.11789293019511,False
1050,4.83813105800856,13.316931232419105,67.90183917634896,2.6400166522389075,21.428141376137575,2.6400166522389044,3.7126468980093783,6.029469204613132,7.521214655653897,OK,910,39.55452560940636,10.307934448452635,0.12388454261917861,0.06341651502963676,False,39.43064106678718,10.371350963482271,False
1051,5.416354464699871,12.928616112583061,47.939316717190565,2.064607593838941,16.527176336136684,2.0646075938389408,1.8941653290776053,3.720346406030213,13.724843481102546,OK,911,29.01755738259083,9.710988582847499,0.3863994593822944,0.10424660312993744,False,28.631157923208537,9.815235185977436,False
1052,3.709621632080418,16.60952632548106,67.05645898602478,3.4091242319274797,27.14289566253941,3.4091242319274824,2.5005639422058863,5.102172292118313,3.4867575726337856,OK,912,43.67131660959867,6.1917231351845645,0.3430249552151939,0.11611079585560645,False,43.32829165438348,6.307833931040171,False
1053,4.895968800903065,14.27456084308991,53.19279012018034,1.8740777926993069,18.933202824827788,1.8740777926993073,2.0531390139652466,4.093662979940849,11.658058429987573,OK,913,41.01929687446212,12.078044450240013,0.2387091699326893,0.07601153727584586,False,40.78058770452943,12.154055987515859,False
1054,2.7841865867276203,16.712611964368985,58.76334533253054,0.6155845038562822,21.31817028092091,0.615584503856279,2.499423294933802,5.139432098955227,10.189313869003074,OK,914,45.76126482553748,11.777908384743625,0.32630453492357947,0.1424906106484557,False,45.4349602906139,11.92039899539208,False
1055,2.9574920017309845,14.94752419930031,35.56167231871126,1.063941765254385,13.767243558929575,1.0639417652543866,1.5122580219356294,3.3011017058210292,15.212134251172992,OK,915,20.784553330472313,7.974866339259063,0.5546933691594381,0.09210655104283381,False,20.229859961312876,8.066972890301896,False
1056,4.632606407366282,16.02543391772578,64.77815008281877,3.5366241983749207,26.09496012572083,3.536624198374919,2.187580967414057,4.560641258134659,4.240402112044378,OK,916,46.506263731313666,8.376626453797117,0.22154118797481467,0.08697664093591946,False,46.28472254333885,8.463603094733037,False
1057,3.332381158326199,13.548169216989749,84.88023281038598,3.5881277425247204,24.62264429306201,3.5881277425247213,5.594477630798895,8.456680422132116,3.223595386605397,OK,917,31.81669456389741,4.613238364801174,0.2647897228799302,0.0664858774446976,False,31.551904841017482,4.679724242245872,False
1059,4.880236014555619,12.823893174175256,42.94805494803599,1.3618578455751358,14.260007064504148,1.361857845575139,1.8227696807480243,3.613590216767669,15.43286284333519,OK,918,21.601890001834537,8.168301486484546,0.2495513870090218,0.08045605530831786,False,21.352338614825516,8.248757541792864,False
1060,2.5584253322178996,15.163043197648376,71.57148074602533,3.2630466285557316,25.496215243885963,3.2630466285557307,4.085679584314313,6.848449391799615,4.999126891351379,OK,919,34.10898216862912,5.74214431364747,0.3395921719331902,0.10769829025772736,False,33.76938999669593,5.849842603905198,False
1061,4.71525833358506,12.901611627110078,77.62288879747692,1.562751949954707,20.21083757457985,1.562751949954704,4.860137200862411,7.461096983634212,6.821613778266402,OK,920,37.37906429136156,8.561278116308449,0.15760346171545256,0.10251543655498126,False,37.221460829646105,8.66379355286343,False
1062,4.47625491726321,16.21453537234205,81.4141305676024,2.055738162214854,26.17947584257748,2.0557381622148534,3.7618946088825957,6.9585541089945036,0.40050216179314174,OK,921,44.938335159764314,4.902331519913601,0.23651463796621533,0.06322844501687772,True,44.7018205217981,4.965559964930479,True
1063,2.848077868657021,15.368430882830312,47.116004417001456,1.2041284453850563,17.69960343387349,1.2041284453850583,2.281101380832464,4.371566485560523,15.488967011700478,OK,922,33.558686970756845,10.533756756130057,0.30955449559309595,0.05364517700140705,False,33.24913247516375,10.587401933131463,False
1065,3.5008230515225405,16.27210472416977,61.84463665734916,1.3560499541498816,22.519177158366865,1.3560499541498847,2.536831436694765,5.129977808673059,8.154366075468372,OK,923,46.67014911636012,11.262390544549191,0.16964653152476747,0.08441750914426345,False,46.50050258483535,11.346808053693454,False
1067,2.5183304761787215,15.123393525904142,67.75258801808491,0.9295903988755198,21.350798715769294,0.92959039887552,4.0625249899512,6.876973383725323,8.673603125423263,OK,924,37.90310239435704,9.245875418422942,0.277153991930636,0.08380773701003899,False,37.6259484024264,9.329683155432981,False
1069,4.430516895038235,14.644931227837924,89.55516263794811,0.8745359966908155,22.24159402796697,0.8745359966908146,5.444483546531988,8.708266383990214,2.4529336767489633,OK,925,41.10762457447277,4.596353574067061,0.2723519397749742,0.07589649399533345,False,40.8352726346978,4.672250068062395,False
1070,2.6106794150150927,12.270665519099255,75.48289563944343,2.5279891421816605,20.57220402653673,2.527989142181659,5.805256134115904,8.355305690848983,8.823805162318276,OK,926,25.655172903679176,6.992627017847239,0.28571437959704077,0.12196599162183094,False,25.369458524082134,7.11459300946907,False
1071,4.791798537101518,14.921943483757202,62.2121650827075,3.126302511933716,23.4675999080752,3.126302511933716,2.473677753514526,4.714300894585675,6.8025669046206705,OK,927,45.191217988331196,11.047333058590967,0.14279644242504752,0.10616223184751183,False,45.04842154590615,11.153495290438478,False
1072,2.8466208487940823,13.958409062591024,36.436272082310445,2.911528644664552,15.855679763274324,2.911528644664552,2.105880104210282,3.798856982341462,14.499847974987507,OK,928,15.778729714944467,6.903694899454815,0.39770663412651064,0.06699691345220175,False,15.381023080817956,6.970691812907017,False
1073,4.904560425912546,14.278975744020485,47.400420337967766,2.9968053650845623,19.235601461434293,2.9968053650845605,1.4743123769563695,3.2914355705976597,12.512120739516496,OK,929,35.91636497208082,11.055941669032187,0.1866520864403929,0.04486600106407447,False,35.72971288564043,11.10080767009626,False
1074,2.6389185682743785,14.468838342459483,76.0771777529718,2.728406008798589,24.146871529124603,2.7284060087985886,4.799398712806479,7.665653765442695,5.203739351356726,OK,930,32.60919120410276,5.718738115612434,0.23200109540983316,0.058600264443337456,False,32.37719010869292,5.777338380055772,False
1077,2.646118223356606,12.018399096529558,39.065038412763656,0.8805772563454995,11.900323636215933,0.880577256345499,3.5038186210050277,5.301549631897204,18.178261686157658,OK,931,10.923214429052788,5.9695547077128355,0.3016675723807521,0.07130674826966438,False,10.621546856672035,6.0408614559825,False
1079,3.5208114924219536,13.641163428066058,62.39318074494801,1.304825399326998,19.065970413398887,1.3048253993269987,3.865194077824487,6.243134235145881,11.043610352233573,OK,932,36.43165399877211,10.702899710812948,0.13210527191038024,0.04071201986706412,False,36.29954872686173,10.743611730680012,False
1080,5.036420539243583,13.6591027974936,73.51549473676387,0.9527578141519089,20.0410474043857,0.9527578141519089,4.081426270578593,6.702309650435671,7.0659736706203224,OK,933,43.93312377698074,10.817318035560564,0.16876619623030295,0.08250174753476018,False,43.76435758075044,10.899819783095325,False
1081,2.726234348927307,15.456123107299652,61.60327895971226,4.034681229880167,25.469198641320624,4.034681229880165,3.0918470043170707,5.435226685854996,7.098954134837665,OK,934,34.391435687959444,7.348749597403975,0.3773337259532877,0.07906917634019991,False,34.01410196200616,7.427818773744175,False
1082,5.473116536325749,13.794247614466846,86.17750626363534,0.7708636167763463,20.76269033198551,0.7708636167763467,5.029995348965315,7.970853533983293,3.870436204798227,OK,935,43.080775383595984,6.4480630698295105,0.28049678725560867,0.13186082990426512,False,42.80027859634038,6.5799238997337754,False
1083,3.8370408245377456,12.243686064425884,42.97901909285476,1.0945144448814974,13.313454686430095,1.0945144448814974,2.842834413012941,4.667932265941291,17.124498073411857,OK,936,15.506135248635049,6.891955490284047,0.24545989564846807,0.05842143922045536,False,15.260675352986581,6.950376929504503,False
1084,4.8290411528968615,12.787207176970611,76.46298344751708,1.942200336388743,20.52336878871398,1.9422003363887468,4.724911816912702,7.249712625428261,6.800731643547364,OK,937,37.034005201289666,8.650049019750908,0.16273374810419391,0.09694126205431539,False,36.87127145318547,8.746990281805223,False
1085,5.449643804922363,14.641995204828369,72.94405098108072,1.9278599667539285,22.857227805995237,1.9278599667539293,3.3134262438353055,5.926186667328981,4.56141837276878,OK,938,47.330570070922015,9.61699096983194,0.12023023161148604,0.06259117526499568,False,47.21033983931053,9.679582145096935,False
1086,3.4418896733993467,15.588730976009934,83.19394264661457,2.6723733240195395,26.277136676197124,2.6723733240195364,4.567436714349821,7.781402526686868,1.0706654647878167,OK,939,39.59228109988171,4.080656026693596,0.1681743296902461,0.0661503375603543,False,39.424106770191464,4.14680636425395,False
1087,3.988421664948925,16.233354874392493,68.22863224857448,0.6331667818448019,22.528132222768896,0.6331667818448004,2.909538082826856,5.781425725876899,6.23211100919271,OK,940,48.97665800550125,10.648140601743604,0.18094133342763175,0.12586768645375768,False,48.79571667207362,10.774008288197361,False
1088,4.816321702569045,12.023319036730587,79.86034944595619,1.9305470588892797,19.618642428458315,1.9305470588892784,5.339554983375976,7.834678068922367,7.242333611138212,OK,941,33.31992730607048,7.865835298107514,0.30350331611633447,0.10440356917727348,False,33.01642398995415,7.970238867284788,False
1089,5.430929026861316,14.01569524362295,63.64493916668209,3.920291420754228,23.698992207338136,3.9202914207542268,2.665213342302856,4.7809707598641875,6.127416823479232,OK,942,43.1130299423554,10.599369895734602,0.17749624933647684,0.13132610140899606,False,42.935533693018925,10.730695997143599,False
1090,3.853268192498648,15.415417973243223,70.3684966415721,2.2808153603011414,24.189788801156205,2.280815360301136,3.3974555083042226,6.111026953239248,5.068835647113373,OK,943,42.54987168531742,7.796418316912256,0.1987243637142897,0.08128427354620642,False,42.35114732160313,7.877702590458462,False
1091,2.5642600411149505,12.169708713952526,88.28426152585352,0.6759111454121256,18.250658912686042,0.6759111454121229,7.117160445154429,10.007039344511643,8.295819680518346,OK,944,26.35812012209171,5.917774358575875,0.2977038829273762,0.06604321051896678,False,26.060416239164333,5.9838175690948425,False
1092,3.9702327502591404,15.832482892594278,79.7857059625621,3.649330438078916,27.972395446202682,3.649330438078915,3.8171078924239232,6.797119497608048,0.12097165068875716,OK,945,41.529102744107696,4.294253696352528,0.2636703995041398,0.10126066931701913,False,41.26543234460355,4.3955143656695475,False
1093,3.600661991322104,15.661818938211638,55.85234773969951,3.799041070969874,24.12926802235328,3.7990410709698743,2.1754827822291745,4.285473010582708,8.581451505540626,OK,946,40.25180247592401,10.049126095807235,0.1141632308383106,0.0743582272128096,False,40.1376392450857,10.123484323020044,False
1094,3.1007620991622824,13.417742964434513,51.02792175966353,1.8839756611014538,17.4805076281636,1.8839756611014544,3.3344855779657614,5.372842552094566,14.714827878844996,OK,947,25.881825325724755,8.902119073268874,0.30819307439353466,0.03681775108298721,False,25.57363225133122,8.938936824351861,False
1095,3.5849775421284074,12.11510995145452,51.88294796599945,4.037334462189377,19.326392786643417,4.037334462189379,3.63149213165957,5.4793222135535125,13.089048763767822,OK,948,20.483548526828276,7.645146110579105,0.3454978003293738,0.0724952876761315,False,20.138050726498903,7.717641398255237,False
1096,2.7067576287473902,12.576532358868679,41.95161722812055,1.8278038155149718,14.456226519086972,1.8278038155149714,3.3592746408664595,5.181525536130955,17.304181564887806,OK,949,13.752164460793024,6.506724597306684,0.3111253107363212,0.05501641479254782,False,13.441039150056703,6.561741012099232,False
1097,2.654669269700279,13.443076984942234,87.70057601052677,1.9530674147349525,22.03987075834946,1.9530674147349547,6.360920598484569,9.431211593312021,4.998410241224242,OK,950,29.94197415234236,4.7512136326026875,0.26732127861223187,0.05674008938407251,False,29.67465287373013,4.80795372198676,False
1098,2.680083825931106,15.522631047623957,83.0328216796145,4.23433435778981,28.62543322726058,4.234334357789806,4.692468558450564,7.844912156274079,0.085644620647185,OK,951,36.11580044684696,3.597259600398096,0.3234371885097698,0.1413174094791631,False,35.79236325833719,3.738577009877259,False
1099,5.1686555419422024,14.84520369915079,69.77457283423166,2.8203639596275654,24.11325665821726,2.8203639596275614,2.9899087321240856,5.464959254391786,4.501569477742045,OK,952,45.972867178547176,9.168896112497697,0.1643892169600158,0.11480505231229426,False,45.80847796158716,9.28370116480999,False
1100,4.507810462612485,12.52560692643175,72.98244241186764,0.9972783491301658,18.4483756680536,0.9972783491301677,4.773045484040679,7.264621637434908,9.116677830691057,OK,953,36.79538101586724,10.113446479557362,0.2795758322016088,0.0690878883035609,False,36.515805183665634,10.182534367860923,False
1102,3.4786510612107566,13.687198084640015,89.61153742096523,4.278486268547404,25.98779961718141,4.278486268547405,5.828423197175855,8.77836236230631,1.2842443367367744,OK,954,33.05902693666962,3.822840407925709,0.3950649713950797,0.13111666638532318,False,32.66396196527454,3.9539570743110324,False
1103,2.7478398921997047,15.460849654246172,70.30314575972943,0.6272986725490793,21.735954642729077,0.6272986725490823,4.021678355764724,6.980945915158227,7.521879644592694,OK,955,40.25358789556116,8.886089011921293,0.30005346622288964,0.10807441014105833,False,39.95353442933827,8.994163422062352,False
1104,2.9695214393820777,15.010569132733254,59.9412068460408,3.6170819050449308,23.897100073414244,3.617081905044931,3.118074599257273,5.3905391366731195,8.465621356641368,OK,956,34.96621120086182,8.734040657967487,0.22225762631430454,0.05853010089570061,False,34.74395357454752,8.792570758863187,False
1105,4.098539607360645,14.390007951280449,86.6026503851514,1.6411484125399547,22.97858171406707,1.6411484125399591,5.29834868669721,8.414610800841984,2.9154712617137544,OK,957,38.811464926104144,4.66710920765001,0.22397667139474414,0.06364626901111238,False,38.5874882547094,4.730755476661122,False
1106,4.443666824301019,12.956987152058316,48.8823573847426,0.6649029081775029,14.731953162160174,0.6649029081775021,2.641583806961755,4.620931403389891,15.61775624436647,OK,958,26.167247356759976,9.117565632467066,0.40279717352806443,0.09407446744116475,False,25.76445018323191,9.21164009990823,False
1107,4.754235938257949,15.312411322421646,81.73859468164989,0.9542699278324712,23.133366679638144,0.9542699278324718,4.223450213064432,7.356905923869284,2.7139890728093135,OK,959,45.20109579413027,6.189768320348039,0.13409022566238527,0.0671418638795432,False,45.067005568467884,6.256910184227582,False
1108,4.326328731641528,13.890408466670234,48.41291715853902,1.9796120167115683,17.558582401743813,1.979612016711568,2.1568316961697356,4.083427133925603,13.977489682705407,OK,960,31.648314125789586,10.214709270429754,0.26685880818998353,0.05741387648664477,False,31.381455317599602,10.2721231469164,False
1109,4.437377608802003,12.246902581444054,79.18328344255264,2.6026959318684164,20.908592842721013,2.6026959318684177,5.297445365096259,7.795794678460778,6.660653759987508,OK,961,31.812553669176673,7.23228509655759,0.19438832123194077,0.058209523271959614,False,31.618165347944732,7.29049461982955,False
1110,4.129769728824606,14.25878570641748,41.85264882891531,3.440491464886575,18.418540090875055,3.440491464886578,1.464921816854254,3.177833645470759,13.186726250028663,OK,962,26.350147426626574,9.060693231936467,0.22093654628209441,0.059690077180990384,False,26.12921088034448,9.120383309117457,False
1111,4.077777147980232,14.124473539007539,72.86225407737507,4.051623215794079,25.342182250823733,4.051623215794079,3.9652656821689334,6.455241497221131,4.17404711214877,OK,963,36.24126261414942,6.4608362488832025,0.23944411660460352,0.08547009452113839,False,36.00181849754482,6.546306343404341,False
1112,4.45208883088076,13.312581628195609,46.07256916117457,2.089820789927018,16.548345681458343,2.08982078992702,2.147012056900927,3.9879426643714435,14.912869687198384,OK,964,25.70308626241039,8.988611739922009,0.2546385606703164,0.06764168618877148,False,25.448447701740076,9.05625342611078,False
1113,4.2150653215353975,13.712649743964098,67.9949406254378,1.800299508790057,20.732159138353794,1.8002995087900586,3.89492825497263,6.358661417477007,8.279578934465965,OK,965,39.787369322786496,10.495902758845231,0.1399270027226318,0.06050496083104442,False,39.64744232006387,10.556407719676276,False
1114,5.030197293719576,14.854577316260546,51.738823911844165,1.568055327195611,18.827930578797215,1.5680553271956108,1.5819470021960598,3.6270770516187962,11.81077988087944,OK,966,44.03759640945261,12.683545363296298,0.28461867208827113,0.09581644814786755,False,43.75297773736434,12.779361811444167,False
1115,3.8243035072079476,15.884420403126459,54.25404264564386,0.686261152092424,19.34029125349265,0.6862611520924216,2.02275534555039,4.352154876985269,11.867766371638062,OK,967,45.92828510856402,12.834911394933872,0.18882706413268988,0.06490898892434742,False,45.73945804443133,12.89982038385822,False
1116,4.348329458462997,14.60309102560537,43.56826612360887,0.5448010233910939,14.997017451664444,0.5448010233910909,1.421278149752247,3.3601232053242125,15.675788465860052,OK,968,32.517556677541116,10.477813487348014,0.32537642939935535,0.0733986390830713,False,32.19218024814176,10.551212126431086,False
1117,4.375349223863055,14.315503693682466,59.00000899154466,2.4270931684708,21.00717030836541,2.4270931684708,2.763628950992114,4.955712382761616,9.598903209215853,OK,969,41.57261081222496,11.653346788240642,0.135380637784155,0.06563070389998224,False,41.437230174440806,11.718977492140624,False
1118,4.122009386010496,13.535550550932248,46.78642799324594,1.6389935274414689,16.294838706966054,1.6389935274414653,2.334079974866466,4.242039343319185,15.271166073199337,OK,970,26.64345475680436,9.186821497752899,0.3281829122502725,0.06845894472153741,False,26.315271844554086,9.255280442474437,False
1119,4.045195155943057,12.055636826467104,44.97922399441366,2.749873611398625,15.956788163980303,2.7498736113986237,2.8979237497024073,4.659726974649148,15.853199266921667,OK,971,16.2424588428579,7.0042019156993565,0.18967685489285574,0.051856357469224554,False,16.052781987965044,7.056058273168581,False
1120,2.9166035370044794,14.262561710646123,48.245503337266186,4.229373705297473,21.264032259487088,4.229373705297473,2.7121230585460196,4.579538475584489,12.931430591349391,OK,972,26.39409032587579,8.63087292191994,0.3030124953987045,0.07808066309811934,False,26.091077830477087,8.708953585018058,False
1121,3.305234349875265,13.655741401677396,46.021661221883065,4.200719004357037,20.0068365802804,4.200719004357037,2.621339257924724,4.404227758763776,13.831587023189064,OK,973,22.97852865089745,8.167966505494833,0.2767993251796726,0.06475867170550778,False,22.701729325717775,8.232725177200342,False
1123,4.378954799799,16.02211986274939,53.996919252649384,1.937520373548034,21.308820945554345,1.9375203735480326,1.54913499953663,3.723039927158032,10.1410216398369,OK,974,47.77245040976424,12.857064532015976,0.21457410765974738,0.08718547362314136,False,47.55787630210449,12.944250005639116,False
1124,3.7291112856234268,12.315726998137226,69.62365440561624,3.1402264697863456,20.988356188741406,3.140226469786346,4.785956930463705,7.088712893608985,8.739496177317355,OK,975,29.322649664441105,8.240654527639665,0.2154716536740701,0.07754839074648977,False,29.107178010767036,8.318202918386154,False
1126,5.214117614119263,15.337029206583336,54.87030767960779,3.2227944588985964,22.615289863182177,3.2227944588985977,1.4353068183537587,3.4374102993169924,8.476640900057166,OK,976,47.439825641580676,12.603513651848463,0.2465340276046214,0.08309319679570915,False,47.19329161397605,12.686606848644171,False
1127,4.195294891487776,14.758192718159417,79.2541812186146,2.521671172859098,24.52863144808341,2.521671172859098,4.306434240624814,7.1914303215877915,3.0129653966078638,OK,977,40.16871093914128,5.475453142417292,0.12154219725138457,0.05273670354193268,False,40.04716874188989,5.528189845959225,False
1128,2.6210105263007617,12.619181368276674,68.45981404549796,3.93640888082321,22.47617784070559,3.936408880823211,5.010241915978455,7.344054088631674,8.68951048084205,OK,978,25.206337875032116,7.209761749937686,0.21056598204534413,0.13734675661792758,False,24.99577189298677,7.347108506555613,False
1129,5.312804853638935,12.886019187302871,72.40102373867295,3.2654122016372766,22.285821641093186,3.2654122016372793,4.013531844188382,6.327158499171963,5.95997628774851,OK,979,38.07228032077981,8.882786781224802,0.1798558989140407,0.09598796283813375,False,37.89242442186577,8.978774744062935,False
1130,4.282875342097979,12.911771881554081,53.2901139642498,2.762111738369238,18.652783532043742,2.762111738369238,3.017954183512092,4.966671667292923,12.556847805414224,OK,980,29.0921610178906,9.544219713185582,0.23835051386021472,0.05066854407568516,False,28.853810504030385,9.594888257261267,False
1131,3.8976026243023725,13.203911857776397,42.36684673396623,1.727135433345208,15.019301188349868,1.7271354333452098,2.253486965729685,4.060888955871144,15.791625532924863,OK,981,19.660882559103054,7.736866018303078,0.2512607973795957,0.057466790103788454,False,19.409621761723457,7.794332808406867,False
1132,2.884918993341933,15.683864744979902,73.02082814843052,4.432371993930825,28.292026101267105,4.432371993930827,3.6827448748165352,6.424173320493983,2.2861669188124685,OK,982,36.40277616802401,4.532771909696463,0.3459553241533914,0.15436647661411662,False,36.05682084387062,4.68713838631058,False
1133,3.7487472991241764,13.80220493570814,40.0529126957571,1.4289008574834985,14.564917172111716,1.4289008574834994,1.8667782903747678,3.667837119370823,15.45946476404993,OK,983,20.71632150065871,7.965412203136781,0.2877606950967207,0.05719462150578393,False,20.42856080556199,8.022606824642565,False
1134,5.045800271588504,12.922412961556734,69.81121681508833,1.6979034439694063,19.708112932722386,1.6979034439694038,4.024917245642126,6.4062949964390175,8.292313898241295,OK,984,40.20576955711294,10.881137636566443,0.25749097968365,0.05150810886670458,False,39.948278577429285,10.932645745433147,False
1135,3.265643738708018,14.766542022131054,56.48533221807878,1.6725327522832836,19.94235404826432,1.6725327522832836,2.982463538693704,5.262039465285961,11.654831079072864,OK,985,38.422804272809394,11.184656320981523,0.11588506563623453,0.034202059812144976,False,38.30691920717316,11.218858380793668,False
1136,4.456353631373599,12.531389548856767,44.31414322494217,2.5690600554799508,16.032357945190505,2.5690600554799508,2.3419356862353418,4.098298419831494,15.196266360216153,OK,986,19.186740893413802,7.624527111670587,0.22549864737838576,0.06938580737408646,False,18.961242246035415,7.693912919044673,False
1137,4.608833604593109,14.491597949485994,68.91284459762059,1.244488930165288,21.10865282596177,1.2444889301652888,3.469062543716962,6.061448678738035,7.238186811891082,OK,987,45.44955633726365,11.289027729513888,0.13140965411790587,0.05363267112422966,False,45.31814668314575,11.342660400638119,False
1138,4.6225792051971,14.115629772371022,88.58453013201915,0.8892491554480701,21.460986098144986,0.8892491554480704,5.4822131357489425,8.598289980422912,3.3730016547089887,OK,988,40.346985762650874,5.054122301174653,0.2935171108198678,0.07501161327496228,False,40.053468651831004,5.129133914449615,False
1139,3.567280876677222,12.353898607436692,71.91277255937592,1.5578935762872848,18.930593002111117,1.5578935762872843,5.149147710058276,7.6165558264203455,9.77248049941558,OK,989,31.05472973855176,8.809341405003984,0.26294054489832214,0.07219486606343734,False,30.79178919365344,8.881536271067421,False
1141,2.9602488900329824,14.381833251667713,50.57324741436768,1.3769295851727885,17.73027340680042,1.3769295851727905,2.940120002661562,5.061358706834385,14.678760900618782,OK,990,30.905931028586505,9.958274703326628,0.31348453395802256,0.04026523039280149,False,30.592446494628483,9.99853993371943,False
1143,5.392860605545507,14.355654874698075,85.83165626100549,3.605815039142081,25.922718723566625,3.605815039142079,4.4972971920984435,7.318530841142312,0.1908450706537951,OK,991,41.725732188013104,4.450064395709296,0.3146093454288525,0.11617022622535808,False,41.411122842584255,4.566234621934654,False
1144,4.210004931596135,13.344123928422002,71.26058708507485,2.7464665310122576,22.03669252712448,2.746466531012257,4.253446122676742,6.700295585748567,6.948072247073162,OK,992,35.99508495576322,8.675603895548564,0.15475989504843773,0.07069081609815257,False,35.84032506071478,8.746294711646717,False
1145,4.4482984356680335,16.13562284765547,55.9801049687442,4.149861447065527,25.303234885210955,4.149861447065526,1.48798569050901,3.5243077855089933,6.950450806747997,OK,993,45.53863882347091,10.37832750084609,0.1468701759293507,0.1041624315687728,False,45.39176864754156,10.482489932414863,False
1146,4.190766208915228,15.742928706029842,47.52225295533087,3.1587406205359274,21.11483874021213,3.158740620535927,1.1981503689298307,3.0801013489557114,11.890447407856989,OK,994,41.779692740693214,11.957202826582494,0.17819985879804423,0.06409863815414663,False,41.60149288189517,12.02130146473664,False
1147,3.8837086847117996,16.58555178304159,50.727694949585995,3.036981385745675,22.782546184459655,3.0369813857456758,1.2208792816047058,3.2458390426211494,10.30039802406846,OK,995,45.682076885772986,11.99894375727984,0.19936680876747823,0.08640760162558735,False,45.48271007700551,12.085351358905427,False
1148,2.731098638373323,14.122602505512582,58.268726522608716,1.8546847974271279,19.76739403060045,1.8546847974271239,3.6947049258562927,6.003412835281539,11.966086710201859,OK,996,33.04826899866311,9.933759823057652,0.14066633081409202,0.043036524270246956,False,32.90760266784902,9.9767963473279,False
1149,4.993772587417226,12.743709566608553,58.79576030574072,1.104878503882077,17.025814058589212,1.1048785038820785,3.252296857809995,5.392525790912419,12.064733451384468,OK,997,35.60361292012404,10.994780198504817,0.2859430498451985,0.06439685444132551,False,35.31766987027884,11.059177052946142,False
1150,4.573094063285026,14.2066207375277,46.43242020705555,1.1912261101144774,16.267196588490947,1.1912261101144763,1.7079191568200365,3.643109064835608,14.891689878287984,OK,998,33.33642602629694,10.629270715957711,0.3046708580733864,0.07457586225956761,False,33.031755168223555,10.703846578217279,False
1151,4.926670085786014,13.375188968554617,56.24336851643541,4.232925047303828,21.991345538258386,4.23292504730383,2.602774092363969,4.50983525578474,9.227712602529932,OK,999,35.781653102051685,10.472413549107124,0.31002433649318306,0.06734199033719027,False,35.4716287655585,10.539755539444315,False
1152,2.633288301307186,14.129104129101714,60.543526832311606,2.5893240032830103,21.297977804042596,2.58932400328301,3.8408621482141108,6.17299274812115,10.556547675491407,OK,1000,32.00188830042104,9.181092902354694,0.1409904104266427,0.05181204161360917,False,31.860897889994394,9.232904943968302,False
