design,current_peak_A,mechanical_angle_deg,electrical_angle_deg,phase_A_A,phase_B_A,phase_C_A,torque_Nm,torque_per_A_Nm_per_A,gap_fundamental_peak_T,gap_fundamental_phase_deg,gap_rms_T,gap_peak_abs_T,gap_thd,gap_harmonic_30_peak_T,gap_harmonic_45_peak_T,external_leakage_rms_T,external_leakage_peak_T,stator_steel_sample_count,stator_B_mean_T,stator_B_rms_T,stator_B_p95_T,stator_B_p99_T,stator_B_max_T,stator_fraction_gt_1p6,stator_fraction_gt_1p8,stator_fraction_gt_2p0,rotor_yoke_B_mean_T,rotor_yoke_B_rms_T,rotor_yoke_B_p95_T,rotor_yoke_B_p99_T,rotor_yoke_B_max_T,elapsed_s,attempt
radial,0,0,0,0.0,0.0,-0.0,-0.09689117662008201,,1.1037505766327962,179.9834110416038,0.7986504374205261,1.1182771847811321,0.21709986483049673,3.342960754138698e-05,0.18778978209836042,4.302006876581689e-05,6.224914368965907e-05,612,0.8175787945219796,1.019331193060074,1.702580401452719,1.7618335230388928,1.7619859550993484,0.08823529411764706,0.0,0.0,0.875087726121847,0.9074516695002254,1.1747952647990996,1.1767714568146004,1.1777556388223398,412.23722195625305,1
radial,0,1,-15,-0.0,0.0,-0.0,-0.08538244591271836,,1.1047032518770143,165.00607865381596,0.798245917994445,1.117317663419176,0.21040061156548998,3.8989221626342436e-05,0.18603619505372362,4.3231312483062185e-05,6.201754975228214e-05,612,0.8430993843402552,1.023957312423226,1.717107267321127,1.7178269450482135,1.7180447423792595,0.17647058823529413,0.0,0.0,0.8742722719539393,0.9063385351078486,1.1652722340347244,1.16978772949594,1.174984121733765,438.50705337524414,1
radial,0,2,-30,-0.0,0.0,-0.0,-0.119287923702966,,1.1037358789141676,150.0048673632614,0.7986404028967411,1.1181923756500254,0.21710349366321643,3.833077966947472e-05,0.1878131789951416,4.297972205005856e-05,6.325842315016181e-05,612,0.8172875653849763,1.0191032290071835,1.70276416717483,1.7619308272395267,1.7621124221549822,0.08823529411764706,0.0,0.0,0.8748306938923851,0.9070195871957444,1.1736395167207303,1.1771095772246207,1.1784206054810191,419.68444991111755,1
radial,0,3,-45,-0.0,0.0,-0.0,-0.1523208133233839,,1.1045465353507768,135.006397054627,0.7981299470376908,1.1172982854973286,0.21038364222483832,3.645831122454086e-05,0.1858104028720296,4.3147283888735963e-05,6.402925204173626e-05,612,0.8434384458443575,1.0243518412070616,1.7173797969111557,1.7179137342249675,1.7181658866023501,0.17647058823529413,0.0,0.0,0.8770183775526227,0.9087455702887359,1.1637799620423366,1.1651740379480227,1.1654396590878324,399.231125831604,1
radial,0,4,-60,-0.0,0.0,-0.0,-0.1629159560919082,,1.1037440886970946,119.99240563795516,0.7986360699590824,1.1182640044172119,0.21704142812292287,0.0001002291957052528,0.18770313436503933,4.30309625327422e-05,6.231118776124036e-05,612,0.8172751495746657,1.0190703345001042,1.7027441327552626,1.761924683030086,1.7621133534506694,0.08823529411764706,0.0,0.0,0.8753331447930618,0.9076385214389842,1.1730550029312394,1.1759556876096344,1.18084676301988,461.26321172714233,1
radial,0,5,-75,-0.0,0.0,0.0,-0.1746866537265361,,1.1044502684133075,105.01342520743984,0.7980498551971573,1.117567081781478,0.21031813866554433,8.342015501589294e-05,0.18585391655086664,4.33201782531745e-05,6.345128935955399e-05,612,0.8426810048332546,1.0235984654851717,1.717348775472038,1.7177956777249586,1.7180134941983465,0.17647058823529413,0.0,0.0,0.8734816300118605,0.9057830218642221,1.1630804694578762,1.1665398176946389,1.1751872596303596,423.28675603866577,1
radial,0,6,-90,-0.0,0.0,0.0,-0.09923944691509866,,1.103983759300857,89.99207730779638,0.798803231306805,1.1182523561402313,0.21700364190640128,8.672051788361981e-05,0.18784960952119428,4.3243431923382374e-05,6.20248002431762e-05,612,0.8172871891093687,1.0191741353971993,1.7026812754693983,1.7619023710746762,1.762444960944173,0.08823529411764706,0.0,0.0,0.8767784957988939,0.9090676228129375,1.1749587297458617,1.1776611789879217,1.1784085379413451,381.84373021125793,1
radial,0,7,-105,-0.0,0.0,0.0,-0.008108539133902918,,1.1046934583270678,74.99831737875054,0.7982507407019361,1.1210334700621793,0.21047457171449308,0.00011182732486697596,0.18608246084642543,4.3124078359365e-05,6.32543153163644e-05,612,0.8433465908324836,1.0240878195444274,1.717344751187527,1.7178596625387523,1.7180267292012275,0.17647058823529413,0.0,0.0,0.8758043337674617,0.9078094116011628,1.165619042945861,1.1710303973290281,1.1748497459559388,405.5578124523163,1
radial,0,8,-120,-0.0,0.0,0.0,-0.03377523375426834,,1.1039277921333392,60.00494747512597,0.7987827458398787,1.1182100124284142,0.2171244912680968,8.682523776059056e-05,0.18784697845538056,4.306804157579048e-05,6.272190571908308e-05,612,0.8174752433938739,1.0190149203204752,1.7027655190641746,1.7619499533090472,1.7621722560158082,0.08823529411764706,0.0,0.0,0.8751625333172197,0.9070865668942827,1.174114600248714,1.1777632720288236,1.1786438104299761,458.3302478790283,1
radial,0,9,-135,-0.0,-0.0,0.0,-0.1650897633939758,,1.104705553238558,45.00791287521261,0.7982544581527032,1.1173124151285572,0.21044336779116563,3.016948397382633e-05,0.18596501008974253,4.303528681458366e-05,6.312390471920686e-05,612,0.8439634807285121,1.024433477836688,1.7170915250859318,1.7178524739886116,1.7181170750844161,0.17647058823529413,0.0,0.0,0.8764127410834645,0.9081365633405355,1.164436053048287,1.1680351624926737,1.1681770045002169,415.230717420578,1
radial,0,10,-150,-0.0,-0.0,0.0,-0.1874577052130067,,1.1037237605199224,29.9860964612138,0.7986199955446942,1.1182639623433355,0.21703318497608579,3.46088311173104e-05,0.18770846141652142,4.305989326279289e-05,6.379698091155215e-05,612,0.8177133465498593,1.0192037235873244,1.70247273178391,1.7618404391419378,1.7620154161833468,0.08823529411764706,0.0,0.0,0.8758150398029607,0.9083023040412533,1.1735336652424062,1.175897308434507,1.1759614890786663,491.4761211872101,1
radial,0,11,-165,-0.0,-0.0,0.0,-0.08169078331766558,,1.1045325048769858,15.000834923542522,0.7981311508300389,1.1172038091125223,0.21045415960285443,2.7075214554100365e-05,0.18596959647399308,4.322793099337952e-05,6.348943888692507e-05,612,0.8429863669295007,1.023743719553927,1.7170974984112495,1.7178419649445105,1.7179467809408575,0.17647058823529413,0.0,0.0,0.8741440451013041,0.9066988213843343,1.1637017808420667,1.1728900756672849,1.1749682192157778,414.2181715965271,1
radial,0,12,-180,-0.0,-0.0,0.0,-0.1151613446388691,,1.1038017762705237,-0.011741498328533422,0.7986990223829558,1.118223856841059,0.21716953476337708,0.0001466807436922341,0.18791718225031695,4.303719452969957e-05,6.420807514908131e-05,612,0.8173868545538536,1.019187959504754,1.7027133720180714,1.7619109284052592,1.762038291333738,0.08823529411764706,0.0,0.0,0.8754260416856863,0.9075776269758675,1.1725672130521025,1.1773056533101653,1.1786506108601256,388.29526448249817,1
radial,1,0,0,0.0,0.8660254037844387,-0.8660254037844387,1.609442476027378,1.609442476027378,1.1038715947424378,179.92409860913486,0.7987318806797352,1.1193432897447626,0.21706288815651437,3.367244880898826e-05,0.18777315480798878,4.303589627694605e-05,6.23456062373785e-05,612,0.8198007610717909,1.020444427208753,1.703308054770628,1.762210603684926,1.7623621484593688,0.08823529411764706,0.0,0.0,0.8751622918786587,0.9075326125419186,1.1753989952746833,1.178065721986021,1.1792626089042506,419.45038390159607,1
radial,1,1,-15,-0.25881904510252074,0.9659258262890683,-0.7071067811865476,1.674249979646809,1.674249979646809,1.104845762064546,164.9449762432744,0.7983406534884311,1.1141217264061414,0.21034937393662262,3.8912439673876127e-05,0.18599500563049004,4.324627969805622e-05,6.208469667424081e-05,612,0.8443116367720623,1.0253122651656352,1.7161082243391712,1.7209174739320583,1.7211384568961068,0.17647058823529413,0.0,0.0,0.8743498633714464,0.9064202773457769,1.165513614160992,1.1701784583411725,1.1752678606241838,461.7253451347351,1
radial,1,2,-30,-0.49999999999999994,1.0,-0.5000000000000003,1.573253822406956,1.573253822406956,1.1038726720971606,149.94590521411223,0.798729015893705,1.1197162497178752,0.2170408794281779,3.837029122451991e-05,0.18776285335609252,4.298018952809033e-05,6.331595499329468e-05,612,0.8198483009588415,1.0203811671407814,1.7047917268567876,1.7634802992812268,1.7636624261129226,0.08823529411764706,0.0,0.0,0.8748928665402682,0.9070751640094091,1.1726167263040195,1.1761948032145333,1.177356695234771,422.1469819545746,1
radial,1,3,-45,-0.7071067811865476,0.9659258262890682,-0.258819045102521,1.654577743955881,1.654577743955881,1.1046824570291423,134.94403253102394,0.7982194011858783,1.1147632012598077,0.21032915733463323,3.640699823898527e-05,0.18577039732549214,4.315599592798431e-05,6.39640555910527e-05,612,0.8446560115425072,1.0256441343721123,1.717649997523314,1.7198876068251334,1.7201427426324676,0.17647058823529413,0.0,0.0,0.877084008537618,0.9088143614145214,1.1647057119683761,1.166121519300157,1.166385928506937,399.69333028793335,1
radial,1,4,-60,-0.8660254037844386,0.8660254037844386,-1.2246467991473532e-16,1.542872893809665,1.542872893809665,1.1038646770680314,119.93310071326765,0.7987171043956979,1.1192741994145037,0.21700385679370734,0.00010054593961969933,0.18768680784712713,4.304881117877523e-05,6.242404817173883e-05,612,0.8194894342846974,1.0201853535518486,1.703473053489947,1.7623031020684636,1.7624901243434943,0.08823529411764706,0.0,0.0,0.8754008896193463,0.907710260174481,1.1745459072335924,1.176272113824976,1.1823571246505935,456.6762342453003,1
radial,1,5,-75,-0.9659258262890683,0.7071067811865474,0.25881904510252035,1.585391864161682,1.585391864161682,1.1045924839346666,104.95230677019178,0.7981446875635908,1.1143668645484062,0.21026880820187208,8.258180629284805e-05,0.18581337061542966,4.3335051233685735e-05,6.34424017669173e-05,612,0.8438818557537806,1.0249537122155263,1.7164081826461886,1.720885975871227,1.7211065848753724,0.17647058823529413,0.0,0.0,0.8735614230160741,0.9058679839158431,1.1634561293457792,1.1664172106128523,1.1754683782305124,420.23702597618103,1
radial,1,6,-90,-1.0,0.49999999999999983,0.4999999999999997,1.593138936020086,1.593138936020086,1.1041200799476176,89.93310618418361,0.798891529305869,1.1197515106576421,0.21694118915230418,8.683451860512476e-05,0.18779979753250695,4.324365124667927e-05,6.201329691649324e-05,612,0.8198542300410271,1.0204465602811161,1.704707721273994,1.7634540870361495,1.7639929211765966,0.08823529411764706,0.0,0.0,0.876837907636781,0.9091206753025909,1.1740333075830696,1.1766341004132397,1.1775179444239188,377.12618803977966,1
radial,1,7,-105,-0.9659258262890683,0.25881904510252046,0.7071067811865475,1.799673678314639,1.799673678314639,1.1048303572836617,74.93596675484947,0.7983406160075674,1.123722720219419,0.21041833417534964,0.00011006233552424273,0.18604129247346818,4.31316269782188e-05,6.318635646998482e-05,612,0.8445851548320262,1.0253831615352873,1.7176329762726217,1.719828026371178,1.7200052872613933,0.17647058823529413,0.0,0.0,0.8758804829029452,0.9078834940187132,1.1667652832296285,1.1719492018818576,1.1729617476130583,400.6522595882416,1
radial,1,8,-120,-0.8660254037844387,0.0,0.8660254037844385,1.67272679613165,1.67272679613165,1.1040491226442457,59.94564089432965,0.7988644090972801,1.119277536335716,0.21708748527508545,8.696317241280878e-05,0.18782990354674434,4.30845736793083e-05,6.267109012280159e-05,612,0.81970469314644,1.02014016924847,1.7034922574765106,1.7623270865005047,1.762548651293126,0.08823529411764706,0.0,0.0,0.8752302838735638,0.9071606756781154,1.1751337767934924,1.1782839434560128,1.1789330197885284,454.0946457386017,1
radial,1,9,-135,-0.7071067811865476,-0.2588190451025209,0.9659258262890683,1.594184477347718,1.594184477347718,1.1048469594807993,44.94679502690042,0.7983486054989126,1.1141183202175147,0.2103934375023534,3.0336998733298383e-05,0.1859249992281148,4.30494833136075e-05,6.315395633429318e-05,612,0.8451899595646615,1.025794859330089,1.7163721622764512,1.7209502580184008,1.7212100341280065,0.17647058823529413,0.0,0.0,0.8764911300829845,0.9082203198779574,1.1649201754886,1.1679947872997702,1.1686064916924648,406.7219078540802,1
radial,1,10,-150,-0.49999999999999994,-0.5000000000000002,1.0,1.505111287971718,1.505111287971718,1.103860063540957,29.927144883906134,0.7987082352097257,1.1196755890266366,0.21697044656788436,3.449589580246088e-05,0.18765817750284242,4.3059889070340375e-05,6.380527170405055e-05,612,0.8202562394400909,1.020471395679032,1.7045000994557384,1.7633901394073002,1.763565845608944,0.08823529411764706,0.0,0.0,0.8758857882232767,0.9083648433915278,1.1725979782424716,1.1748456130439082,1.1748985589661896,435.839959859848,1
radial,1,11,-165,-0.258819045102521,-0.7071067811865476,0.9659258262890684,1.725568102906356,1.725568102906356,1.104669222930943,14.938449146963977,0.7982208900418446,1.114667871215074,0.21039787739772717,2.636990064664696e-05,0.18592850884116588,4.323496572002965e-05,6.348172842751523e-05,612,0.8441783940443707,1.0250287459153988,1.717359040851508,1.7198154555324625,1.7199208444638083,0.17647058823529413,0.0,0.0,0.8742067617150907,0.9067610778825415,1.16372884176742,1.170985670918382,1.1730864936757779,411.36892652511597,1
radial,1,12,-180,-1.2246467991473532e-16,-0.8660254037844387,0.866025403784439,1.591006650204276,1.591006650204276,1.1039230706227794,-0.07105739729233425,0.7987806024271661,1.1193524383569458,0.2171321824861334,0.00014695631079053527,0.1879002778131635,4.3053840451925525e-05,6.415647298612952e-05,612,0.8196061691674393,1.020304087580829,1.7034392084852679,1.762287954794155,1.7624144416176195,0.08823529411764706,0.0,0.0,0.875499435870985,0.9076575263156862,1.1738500734333777,1.1783810547593159,1.1801867510560085,408.78517484664917,1
radial,2,0,0,0.0,1.7320508075688774,-1.7320508075688774,3.315171510228872,1.657585755114436,1.1039891867785343,179.8647884898257,0.7988124049360822,1.1220778122663793,0.21703533564602925,3.3915118891238376e-05,0.18775822327093952,4.305237643999663e-05,6.244146659117623e-05,612,0.8223665813778117,1.0216455852737476,1.7040157304077508,1.7625804422237317,1.7627309582428925,0.08823529411764706,0.0,0.0,0.8752358258005046,0.9076131045415863,1.175724220085884,1.1795571770065263,1.1807501196634358,413.2776062488556,1
radial,2,1,-15,-0.5176380902050415,1.9318516525781366,-1.4142135623730951,3.421637883760908,1.710818941880454,1.1049770705535844,164.88426804534427,0.7984294069175912,1.115744897149636,0.21031127171547676,3.883727115105379e-05,0.1859611123609499,4.325999677678988e-05,6.214857526266234e-05,612,0.8454754730652267,1.0266779341787426,1.715103571586469,1.7239521485594942,1.724175655076014,0.17647058823529413,0.0,0.0,0.874421550778073,0.9064956731418209,1.165422647361195,1.1705189499757764,1.175600948817842,460.2747280597687,1
radial,2,2,-30,-0.9999999999999999,2.0,-1.0000000000000007,3.267415905088934,1.633707952544467,1.1040061636916274,149.88688114692874,0.7988167781113417,1.1228742712149786,0.2169875552284966,3.8411191783479216e-05,0.18771408833525277,4.2981177772505274e-05,6.337427830855367e-05,612,0.8227729483003166,1.0217476880432323,1.706792256874906,1.7650165385157914,1.765199193400409,0.08823529411764706,0.0,0.0,0.8749538498068021,0.9071299554115254,1.1715458926409805,1.1752547903208246,1.1762853704386529,428.9309735298157,1
radial,2,3,-45,-1.4142135623730951,1.9318516525781364,-0.517638090205042,3.448121095427388,1.724060547713694,1.1048035876332325,134.88209779859073,0.7983007103693369,1.1153670838126009,0.21029048862942543,3.635545767720519e-05,0.18574055477623155,4.316454674250736e-05,6.38975200076371e-05,612,0.8457672582549417,1.0269106375771848,1.7179059679536046,1.7218154211168326,1.7220732320198984,0.17647058823529413,0.0,0.0,0.8771418925290277,0.9088756046130386,1.1663362318623105,1.1681164654728207,1.1685812323183973,395.9298689365387,1
radial,2,4,-60,-1.7320508075688772,1.7320508075688772,-2.4492935982947064e-16,3.248039176628964,1.624019588314482,1.103981842106016,119.87379937335426,0.7987972221834208,1.1220076753146744,0.21697571412343586,0.00010086570455426747,0.18767216447118543,4.306729957864531e-05,6.253661251780771e-05,612,0.8220525449788965,1.0213884105635425,1.7041818994219085,1.7626740653269668,1.7628594201333567,0.08823529411764706,0.0,0.0,0.8754676773471834,0.9077816544253073,1.1755953102343162,1.1775508544964421,1.1838356406837331,460.9366912841797,1
radial,2,5,-75,-1.9318516525781366,1.4142135623730947,0.5176380902050407,3.333222551751283,1.6666112758756415,1.1047234974814446,104.89158303692439,0.7982335330840589,1.1159569162199192,0.21023259191195937,8.175670818876691e-05,0.18578010710552098,4.334874470769113e-05,6.343510745019646e-05,612,0.8450368790391702,1.0263201945459601,1.7154031903492748,1.7239198975779317,1.7241430253495822,0.17647058823529413,0.0,0.0,0.8736349737403268,0.9059461451931563,1.1638121772815155,1.1666829220070536,1.1757989078554256,424.43672823905945,1
radial,2,6,-90,-2.0,0.9999999999999997,0.9999999999999994,3.28716881611526,1.64358440805763,1.1042530830420791,89.87407196653149,0.7989789672913113,1.122908709566668,0.21688804210780344,8.694884022494632e-05,0.18775155650342212,4.324438529083321e-05,6.200330592937966e-05,612,0.8227819644586049,1.0218074522432112,1.7067069206232104,1.764992324246051,1.7655274513285548,0.08823529411764706,0.0,0.0,0.8768960301875173,0.9091728569381761,1.1730794720416677,1.1755942872794993,1.1765981872672344,374.7508533000946,1
radial,2,7,-105,-1.9318516525781366,0.5176380902050409,1.414213562373095,3.594153289216434,1.797076644608217,1.1049524395319104,74.87404438441449,0.798422322617371,1.1262854204499186,0.21037787282665796,0.00010830966550477752,0.18601028999071406,4.3139014622675597e-05,6.311744217527956e-05,612,0.8457174734310284,1.0266526709186228,1.7178891632512658,1.7217563518877406,1.7219376342552448,0.17647058823529413,0.0,0.0,0.8759490037090918,0.9079505832392655,1.1676335077563915,1.1718921722413271,1.1727818735956441,409.45739245414734,1
radial,2,8,-120,-1.7320508075688774,0.0,1.732050807568877,3.378607030851041,1.6893035154255205,1.1041670126470804,59.88633738583372,0.7989451443350842,1.1220131293070774,0.217059909623779,8.710153095429425e-05,0.1878145245301823,4.3101757914921225e-05,6.262135081543038e-05,612,0.8222830841765033,1.0213534993885967,1.7041989056653197,1.7626968191756345,1.7629174423754315,0.08823529411764706,0.0,0.0,0.8752968927653911,0.9072343015615191,1.1754290958541211,1.178978132580814,1.1799332229449597,452.7969443798065,1
radial,2,9,-135,-1.4142135623730951,-0.5176380902050418,1.9318516525781366,3.34120260631931,1.670601303159655,1.1049771686392589,44.886071199793484,0.7984367753096138,1.1157402184975318,0.21035664796304762,3.0506907177691073e-05,0.1858922709123161,4.306244884037901e-05,6.31765710177314e-05,612,0.846366722251005,1.0271666197701264,1.715367510534924,1.7239912006971496,1.724246256235085,0.17647058823529413,0.0,0.0,0.8765632952324544,0.9082971941471328,1.1653110283012311,1.1678175834900892,1.168959053943815,412.0974099636078,1
radial,2,10,-150,-0.9999999999999999,-1.0000000000000004,2.0,3.199311452299672,1.599655726149836,1.1039930704698027,29.86813149462151,0.798795629032731,1.122831752121471,0.21691700668496147,3.438282871646569e-05,0.18760946056596145,4.3060389927087226e-05,6.381549138382627e-05,612,0.8231641693840335,1.0218273841181944,1.7065003424850873,1.7649264994488607,1.765103015530201,0.08823529411764706,0.0,0.0,0.8759554753386216,0.9084267430593883,1.1716424475972642,1.1737844032832345,1.1738371681147404,471.43905091285706,1
radial,2,11,-165,-0.517638090205042,-1.4142135623730951,1.9318516525781368,3.519503121683552,1.759751560841776,1.1047911327434485,14.876493269741676,0.7983024761964286,1.1152706687845753,0.21035743406555138,2.5668004136984662e-05,0.18589761209408334,4.324186942171575e-05,6.34784125766712e-05,612,0.8452668182129697,1.0262882786894694,1.7176161434858603,1.72174294901154,1.7218490195998601,0.17647058823529413,0.0,0.0,0.8742620331564417,0.9068163040566583,1.1649621455699914,1.1695901005130078,1.1712647585095637,422.7213418483734,1
radial,2,12,-180,-2.4492935982947064e-16,-1.7320508075688774,1.732050807568878,3.296568108320707,1.6482840541603534,1.1040409410045158,-0.13037076573986303,0.798861265555896,1.1220869942181158,0.217104254682803,0.00014723273833077016,0.1878850710077408,4.3071137444289506e-05,6.41053816212278e-05,612,0.8221706070252042,1.0215081506216361,1.7041451489377288,1.7626576383057366,1.76278322149216,0.08823529411764706,0.0,0.0,0.8755717684310639,0.9077369515918015,1.1750278021065235,1.1798749596120848,1.181691104992817,400.6545732021332,1
radial,3,0,0,0.0,2.598076211353316,-2.598076211353316,5.021578054591438,1.6738593515304794,1.1041034539006274,179.8054336681687,0.7988920829264542,1.1247940304212747,0.2170172046865385,3.415745521824816e-05,0.1877449687712036,4.306948930362245e-05,6.253667475132088e-05,612,0.8251844210448211,1.022936526278117,1.704704240813481,1.762943243364258,1.7630927229128635,0.14705882352941177,0.0,0.0,0.8753083468086051,0.9076931398526148,1.176066322580891,1.1810143474658101,1.1822030951478637,419.35894894599915,1
radial,3,1,-15,-0.7764571353075622,2.897777478867205,-2.121320343559643,5.155465193375105,1.7184883977917016,1.1050969263881825,164.82399480593918,0.7985119924061914,1.1187970758349146,0.21028627764815092,3.876302267030066e-05,0.18593470204024679,4.327241961598519e-05,6.220921099877984e-05,612,0.8465802463152062,1.0280479167372512,1.7140942654789875,1.7269308589154497,1.7271564077091663,0.17647058823529413,0.0,0.0,0.8744872032191826,0.9065645625278522,1.1660545834584446,1.170806937779936,1.1759904636808889,466.09671115875244,1
radial,3,2,-30,-1.4999999999999998,3.0,-1.5000000000000009,4.964383771107988,1.6547945903693293,1.1041363504756767,149.82775174060004,0.798903700121218,1.126006675574304,0.21694360170100901,3.8453101223485424e-05,0.18766692253438147,4.2982720667112374e-05,6.343310918249727e-05,612,0.8259549427392412,1.023203638451015,1.7087661702219228,1.766539685983705,1.7667228608849983,0.08823529411764706,0.0,0.0,0.8750136702401261,0.9071840001570693,1.1704579902693582,1.174283898688479,1.1752014474682402,432.60777854919434,1
radial,3,3,-45,-2.121320343559643,2.8977774788672046,-0.7764571353075631,5.22605133274969,1.7420171109165634,1.1049097640135523,134.82066225818267,0.7983737273235083,1.1182371536962747,0.21026745496737745,3.630461798889434e-05,0.1857210062948383,4.3172781279923575e-05,6.382982850873363e-05,612,0.846767063655592,1.0281456148620118,1.7181596682106297,1.7236961889432791,1.723956393807927,0.17647058823529413,0.0,0.0,0.8771919057973434,0.9089290316649455,1.1675760984184753,1.1701093372259215,1.1709955398370586,457.33043932914734,1
radial,3,4,-60,-2.598076211353316,2.598076211353316,-3.6739403974420594e-16,4.953890601604083,1.651296867201361,1.1040957007144252,119.81445368529987,0.7988765071246712,1.124722857833159,0.2169569956149824,0.00010118827247011348,0.187659191993947,4.308640489664377e-05,6.264904876202044e-05,612,0.8248666979549331,1.02268144042839,1.7048716739009195,1.7630382155500461,1.7632218254248582,0.14705882352941177,0.0,0.0,0.8755335512266089,0.9078527305476023,1.175856290317596,1.1790105426774606,1.1852800718595435,463.7692892551422,1
radial,3,5,-75,-2.897777478867205,2.121320343559642,0.7764571353075611,5.067485887706683,1.6891619625688943,1.1048430613471616,104.8312948067525,0.7983162088805836,1.1190150260556628,0.21020946627973286,8.094395659206318e-05,0.18575432310781406,4.336122276765614e-05,6.342968097542556e-05,612,0.8461355617604812,1.0276915497672334,1.714393546347623,1.7268975174167127,1.7271230012292018,0.17647058823529413,0.0,0.0,0.8737021497312204,0.9060173359790235,1.16408450136373,1.1674413174640959,1.1761859668613872,428.0487844944,1
radial,3,6,-90,-3.0,1.4999999999999996,1.4999999999999991,4.984001364107296,1.6613337880357655,1.1043827840585405,89.81493239115089,0.7990655683691197,1.126040304965775,0.2168442754250385,8.706343514988554e-05,0.1877049234305578,4.324566827926627e-05,6.19951702189405e-05,612,0.8259643840982404,1.0232577555654392,1.7086796495159313,1.7665175285798393,1.7670490832622037,0.08823529411764706,0.0,0.0,0.8769528812086977,0.9092241966387272,1.1720526667212712,1.174544404426177,1.1756460702381293,378.5966885089874,1
radial,3,7,-105,-2.897777478867205,0.7764571353075613,2.1213203435596424,5.373066901140991,1.7910223003803303,1.105059538724056,74.81261984252366,0.7984957120688092,1.1287157438835178,0.21035301381509883,0.00010656525482808545,0.18598959199704007,4.314609159783554e-05,6.304779816083172e-05,612,0.8467380759071298,1.0278905172125885,1.7181431474532483,1.723637484972999,1.723822753817533,0.17647058823529413,0.0,0.0,0.8760097382307799,0.9080104049831464,1.1690486370078323,1.173442647817677,1.1735063914429968,418.0447554588318,1
radial,3,8,-120,-2.598076211353316,0.0,2.5980762113533156,5.08516136961466,1.6950537898715534,1.1042815737913116,59.82698948720914,0.7990250316155814,1.124730452223101,0.21704176009564063,8.723918407584269e-05,0.1878008253791851,4.311957325161812e-05,6.257286808472546e-05,612,0.825113828253953,1.0226567984876718,1.7048866010528394,1.7630595698099933,1.763279443578018,0.14705882352941177,0.0,0.0,0.875362398171518,0.9073074592055819,1.1759364708630773,1.1796624950504324,1.181390175632165,460.8373956680298,1
radial,3,9,-135,-2.121320343559643,-0.7764571353075627,2.897777478867205,5.074663403692295,1.6915544678974317,1.105095939758078,44.82578162930529,0.7985187894076655,1.1187910206085976,0.21033297471868903,3.067754300457472e-05,0.1858670165550911,4.307414549148067e-05,6.319136938631782e-05,612,0.8474825019914242,1.0285424055677743,1.7143583224263959,1.7269729150128412,1.7272261586651134,0.17647058823529413,0.0,0.0,0.8766290912921597,0.9083670084244206,1.1655757049516389,1.1675759044441032,1.1692278873727462,416.5473997592926,1
radial,3,10,-150,-1.4999999999999998,-1.5000000000000007,3.0,4.89632199735937,1.6321073324531232,1.1041227705467846,29.809013173145154,0.7988821823364349,1.1259623599466908,0.21687294725987186,3.427014295961116e-05,0.18756234532555832,4.306142858195379e-05,6.382754323034875e-05,612,0.8263290892201783,1.0232726078465246,1.7084739505292663,1.7664495993915652,1.7666269073116778,0.08823529411764706,0.0,0.0,0.8760241319021762,0.9084880471288113,1.170644461860914,1.1727187421881846,1.1727767421534427,437.6112542152405,1
radial,3,11,-165,-0.7764571353075631,-2.121320343559643,2.897777478867205,5.297839495041221,1.7659464983470736,1.1048980671343467,14.815037364607782,0.7983757596204615,1.1181434826843284,0.2103326519374439,2.496857269097225e-05,0.1858770381043623,4.32484973329889e-05,6.347944325018544e-05,612,0.8462465017745364,1.027516609487541,1.7178708939648994,1.723623232072792,1.7237300931354227,0.17647058823529413,0.0,0.0,0.874309756315422,0.9068642730249958,1.1670215066355452,1.1694429131748374,1.1722647485583078,424.8713436126709,1
radial,3,12,-180,-3.6739403974420594e-16,-2.598076211353316,2.598076211353317,5.002806142291881,1.667602047430627,1.104155488109487,-0.1897286746161627,0.7989410844455856,1.1248032475239886,0.21708575044053705,0.00014750968942277867,0.18787154427868694,4.308906424330044e-05,6.405512846267052e-05,612,0.8249884136884544,1.0228020442897123,1.704831975522996,1.7630202656593092,1.763144926516686,0.14705882352941177,0.0,0.0,0.8756430681152769,0.9078159069432952,1.175309335202971,1.1813345831585391,1.1831609511574999,413.4247155189514,1
radial,4,0,0,0.0,3.464101615137755,-3.464101615137755,6.726980219053722,1.6817450547634305,1.1042144783425383,179.74609789449664,0.7989709696752522,1.1274893239540036,0.21700846740539417,3.439965192002447e-05,0.1877333785855689,4.3087220371186905e-05,6.263157682446482e-05,612,0.828007020015489,1.0243167329674872,1.7053743434473183,1.7632992968587375,1.7634479375601337,0.14705882352941177,0.0,0.0,0.8753798953765239,0.9077727559117661,1.176339408110221,1.1824422048232608,1.1836272285659721,419.888076543808,1
radial,4,1,-15,-1.035276180410083,3.8637033051562732,-2.8284271247461903,6.874870054736941,1.7187175136842352,1.105205326335945,164.7641827408166,0.7985883857476814,1.1218232163265471,0.21027425516412002,3.8688940463233473e-05,0.18591580744651945,4.3283552620486276e-05,6.226636413740185e-05,612,0.8476161571038047,1.0294183985288106,1.7130812577792514,1.729853952186692,1.7300815215556684,0.17647058823529413,0.0,0.0,0.8745468459541237,0.9066269582519516,1.1665835632296482,1.1710326046722714,1.176425309715868,448.0676221847534,1
radial,4,2,-30,-1.9999999999999998,4.0,-2.0000000000000013,6.662178423667434,1.6655446059168586,1.104263243960802,149.76859165826568,0.7989897917758771,1.1291107591754634,0.2169090297756183,3.8494837001796364e-05,0.18762135500431085,4.298485566734066e-05,6.349305275459793e-05,612,0.829134036917076,1.0247480573981038,1.710713982406461,1.7680500147268723,1.7682336328601136,0.14705882352941177,0.0,0.0,0.8750723312489719,0.9072373250289294,1.1693691784744569,1.1732953096800858,1.1741174156498224,448.0495204925537,1
radial,4,3,-45,-2.8284271247461903,3.863703305156273,-1.035276180410084,6.986981509293615,1.7467453773234038,1.1050011839969391,134.759767772212,0.7984385361615652,1.121085713532006,0.21025968990188978,3.6258082107846825e-05,0.18571162641681563,4.318058537538613e-05,6.376126892264021e-05,612,0.8476539327317627,1.0293474619198377,1.7184126939917497,1.725529978200708,1.7257920931915933,0.17647058823529413,0.0,0.0,0.8772341570211464,0.9089746427522571,1.1691687055487683,1.1720202220854445,1.1733301332324424,409.77017426490784,1
radial,4,4,-60,-3.4641016151377544,3.4641016151377544,-4.898587196589413e-16,6.658759831433251,1.6646899578583128,1.1042063191602802,119.75512684673207,0.7989550028389846,1.1274171270025475,0.21694767436657492,0.0001015125372615103,0.18764786963591112,4.310611564613471e-05,6.27612688614443e-05,612,0.8276859207743312,1.0240638469998733,1.7055429146707106,1.76339555419274,1.7635773770523366,0.14705882352941177,0.0,0.0,0.875598532842552,0.9079234964858015,1.1761040143380497,1.1804415740214946,1.1866954213470668,471.66951870918274,1
radial,4,5,-75,-3.8637033051562732,2.8284271247461894,1.0352761804100814,6.787325002944578,1.6968312507361445,1.1049511667873548,104.77146808026579,0.7983926864792273,1.1220470247857186,0.21019929262100498,8.014221973295299e-05,0.1857360484544527,4.3372493146726e-05,6.342634884753784e-05,612,0.8471677209126858,1.0290639248319327,1.7133801309765098,1.7298195946511716,1.730047247249491,0.17647058823529413,0.0,0.0,0.8737629617800114,0.9060815600413004,1.1642141923143507,1.1682301795642327,1.176634339784842,435.9671206474304,1
radial,4,6,-90,-4.0,1.9999999999999993,1.999999999999999,6.681643994453116,1.670410998613279,1.1045091714094213,89.75576269171172,0.7991513296517804,1.1291435002631471,0.2168099240417889,8.717829806033246e-05,0.1876599218150715,4.3247537537733524e-05,6.198846727626438e-05,612,0.8291429334497159,1.0247962352150084,1.7106284797188036,1.7680299187240391,1.7685579897972776,0.14705882352941177,0.0,0.0,0.8770084887257608,0.909274747913596,1.1709938655104624,1.1734805105789197,1.1746683773119861,383.9755640029907,1
radial,4,7,-105,-3.8637033051562732,1.0352761804100818,2.82842712474619,7.134966326603115,1.7837415816507787,1.105151847859379,74.7517371805053,0.7985608660796167,1.1310121632584378,0.2103433979343116,0.00010482762572746346,0.18597908021314954,4.315274596447508e-05,6.297755558344099e-05,612,0.8476452827695717,1.0290949486440366,1.7183961908968133,1.7254714995274263,1.7256603143043123,0.17647058823529413,0.0,0.0,0.876062741385163,0.9080629151413777,1.169720154396436,1.1742445106417014,1.175268034660642,416.8193030357361,1
radial,4,8,-120,-3.464101615137755,0.0,3.464101615137754,6.790713151113735,1.6976782877784338,1.1043928836314993,59.76766072688278,0.7991041224248037,1.1274267840948018,0.21703300789650137,8.73761699226452e-05,0.18778879104195806,4.313800600961376e-05,6.252521703585703e-05,612,0.8279507459284178,1.0240494930581543,1.7055560239890393,1.7634154399079338,1.7636347958593828,0.14705882352941177,0.0,0.0,0.8754268358422719,0.9073801644888444,1.1771538794082244,1.1804959564469852,1.1828137842578672,431.13638257980347,1
radial,4,9,-135,-2.8284271247461903,-1.0352761804100836,3.8637033051562732,6.793713813119435,1.6984284532798588,1.1052032649470234,44.76595219089894,0.7985946185937106,1.1218160276242184,0.21032227095540168,3.084934342456121e-05,0.18584925807389888,4.308457017640327e-05,6.319821133540457e-05,612,0.8485268747506256,1.0299182024924591,1.7133453902436189,1.7298936769426454,1.7301504724832522,0.17647058823529413,0.0,0.0,0.8766885172392364,0.9084297451894983,1.1660404627404086,1.1678620590526114,1.169412554336385,408.93027687072754,1
radial,4,10,-150,-1.9999999999999998,-2.000000000000001,4.0,6.594155684735762,1.6485389211839405,1.1042491727043837,29.749864815679516,0.798967906000292,1.1290645478121675,0.21683829673815994,3.4158072071942714e-05,0.18751685551393835,4.306304258518758e-05,6.384131386221678e-05,612,0.8294892832678659,1.0248058629104069,1.710421463178158,1.7679599528403678,1.7681380937371483,0.14705882352941177,0.0,0.0,0.8760917643013686,0.9085487810619212,1.169624152324597,1.1716484632511655,1.1717075087642543,446.06946063041687,1
radial,4,11,-165,-1.035276180410084,-2.8284271247461903,3.8637033051562737,7.059182353489665,1.7647955883724162,1.104990219164537,14.754123606889848,0.7984408213675165,1.120994706921581,0.21032316731476844,2.4269934457954342e-05,0.18586666251039569,4.3254742331075925e-05,6.34846050464983e-05,612,0.8471158098140908,1.0287121744006953,1.7181248933221889,1.7254562814264651,1.7255640692535634,0.17647058823529413,0.0,0.0,0.8743500209292207,0.9069049787206845,1.1672589701745717,1.170094621244852,1.1740675427752676,426.08382844924927,1
radial,4,12,-180,-4.898587196589413e-16,-3.464101615137755,3.464101615137756,6.708037926638227,1.6770094816595567,1.1042667930156047,-0.24906733968944725,0.7990201130669145,1.1274986003877854,0.21707664061416712,0.00014778647888854572,0.18785968430046257,4.310760840974329e-05,6.400511700532956e-05,612,0.8278117417862592,1.0241852590185405,1.7055004626192136,1.7633761913406862,1.763499849262834,0.14705882352941177,0.0,0.0,0.8757133691189883,0.907894423918302,1.1755726509640487,1.1827614714263683,1.1845952604130094,425.50630283355713,1
radial,5,0,0,0.0,4.330127018922194,-4.330127018922194,8.429824813713878,1.6859649627427757,1.1043223420344173,179.68683989399878,0.7990491142349158,1.130161968579934,0.2170090602049498,3.4642043122360844e-05,0.18772342913278225,4.3105564602912534e-05,6.272650329761006e-05,612,0.8308187567642,1.0257864138177708,1.7060268492582864,1.7636489686284367,1.7637988091142252,0.17647058823529413,0.0,0.0,0.8754505177732382,0.9078520029355827,1.1765909242012866,1.1838455567591797,1.1850273504762492,412.4809613227844,1
radial,5,1,-15,-1.2940952255126037,4.8296291314453415,-3.5355339059327378,8.579533687367618,1.7159067374735237,1.1053024877733841,164.70484079869385,0.7986587036372621,1.1248243205495805,0.21027495115929998,3.8616380337157504e-05,0.18590427208768573,4.329344226221048e-05,6.232084587858895e-05,612,0.84857629954366,1.0307881325370047,1.7120649082735595,1.7327252959107522,1.7329522255874437,0.17647058823529413,0.0,0.0,0.874600580064973,0.9066830053431586,1.1670611775970778,1.1712142744931482,1.1769393354515745,447.3252294063568,1
radial,5,2,-30,-2.4999999999999996,5.0,-2.5000000000000018,8.359196303286419,1.6718392606572838,1.1043868143678868,149.70946138172806,0.799075032142841,1.1321852332530153,0.21688384390054488,3.85377645404932e-05,0.1875774100287359,4.2987618397199374e-05,6.355442312083487e-05,612,0.8323020038775482,1.026380122940337,1.7126353670960526,1.7695477492465126,1.7697319530913798,0.14705882352941177,0.0,0.0,0.8751298512273724,0.907289971895428,1.1682671688883284,1.1722858878208544,1.1730195902153666,437.98494482040405,1
radial,5,3,-45,-3.5355339059327378,4.829629131445341,-1.294095225512605,8.730437872808947,1.7460875745617894,1.105078408271437,134.69942764847494,0.7984954570590659,1.1239131825510424,0.21026666255376658,3.621358968637239e-05,0.18571202632997735,4.318789955419556e-05,6.369176439953339e-05,612,0.84842998625039,1.0305186814747946,1.7186661318701868,1.727317640562201,1.7275815430051147,0.17647058823529413,0.0,0.0,0.8772689097655835,0.9090126428743954,1.1708865631409444,1.1738451719968974,1.175575626590434,415.2317292690277,1
radial,5,4,-60,-4.330127018922193,4.330127018922193,-6.123233995736766e-16,8.361080071010418,1.6722160142020837,1.1043137791336317,119.69587812774168,0.7990327588715257,1.1300887463782334,0.21694769087090587,0.00010183813775078305,0.1876381792610704,4.31264339047228e-05,6.287320610415473e-05,612,0.8304943312378745,1.025535949821787,1.7061964480419984,1.7637464541494452,1.7639264649543318,0.17647058823529413,0.0,0.0,0.8756626607863883,0.9079939860178219,1.1763357953289446,1.181848693720961,1.188086310537691,480.931672334671,1
radial,5,5,-75,-4.8296291314453415,3.535533905932737,1.2940952255126017,8.492405227784884,1.6984810455569768,1.1050480357301324,104.71211231262866,0.7984630870677649,1.125053726677296,0.21020182493685763,7.935147578516251e-05,0.1857251387025157,4.3382604416357356e-05,6.342529670356578e-05,612,0.8481259183746759,1.0304360619239308,1.7123634300083799,1.7326874534634276,1.732917090563595,0.17647058823529413,0.0,0.0,0.8738175575039242,0.9061389863363798,1.1644580271364056,1.1690512265080313,1.177146132652237,435.09219574928284,1
radial,5,6,-90,-5.0,2.499999999999999,2.4999999999999987,8.37850483906761,1.675700967813522,1.1046322313135082,89.69662297307772,0.7992362396315663,1.132217152933943,0.21678497940323066,8.729320248777022e-05,0.1876165576310677,4.325003046398729e-05,6.200168628002739e-05,612,0.8323106082583083,1.0264223439380318,1.7125517218976798,1.769529760458305,1.770054437951633,0.14705882352941177,0.0,0.0,0.8770628762259843,0.9093245579446527,1.1699223356862036,1.1724020846030128,1.173668015319003,392.6608090400696,1
radial,5,7,-105,-4.8296291314453415,1.2940952255126024,3.5355339059327373,8.87938403272685,1.77587680654537,1.1052299226851636,74.69140937162416,0.7986181021059559,1.1331776856229216,0.2103485000983951,0.00010309376860235831,0.18597837115882732,4.31589237883909e-05,6.290678067147053e-05,612,0.8484409556723022,1.0302683906801198,1.7186496527322515,1.7272592106064542,1.7274515653533773,0.17647058823529413,0.0,0.0,0.8761082897107435,0.9081083240280019,1.1719003802244148,1.175512879339092,1.17694655119117,411.17716813087463,1
radial,5,8,-120,-4.330127018922194,0.0,4.330127018922193,8.493695287709443,1.6987390575418886,1.1045010171493543,59.70841024254194,0.799182460766079,1.1301005078258712,0.21703358930805866,8.751318193893759e-05,0.18777839682561437,4.3157051897216864e-05,6.247813444540874e-05,612,0.8307772015692101,1.02553168230427,1.7062076860592967,1.7637649514115445,1.7639835497709802,0.17647058823529413,0.0,0.0,0.8754902778020276,0.9074524993390142,1.1774557289088623,1.1819011267259645,1.1842177941301781,452.7835650444031,1
radial,5,9,-135,-3.5355339059327378,-1.2940952255126046,4.8296291314453415,8.498024645631922,1.6996049291263844,1.1052993712758132,44.706592219151396,0.7986643875124653,1.12481597535285,0.21032428933765085,3.10221587620194e-05,0.18583884536778575,4.309377269266856e-05,6.319716418045708e-05,612,0.8494930041748603,1.0312928319026935,1.7123291741762636,1.7327602631722452,1.7330204234712048,0.17647058823529413,0.0,0.0,0.876741710628851,0.9084855711881846,1.1662379417121795,1.168280311100547,1.1695125587654898,414.1315031051636,1
radial,5,10,-150,-2.4999999999999996,-2.500000000000001,5.0,8.291206107175048,1.6582412214350097,1.104372267320884,29.69074702659361,0.7990527903788884,1.1321372536136494,0.21681303966442908,3.4044647024740224e-05,0.18747298833405107,4.306526868171271e-05,6.385636402624951e-05,612,0.8326368944410999,1.0264265796902727,1.712343370238635,1.7694577838538523,1.769636650624398,0.14705882352941177,0.0,0.0,0.8761583900108673,0.9086089775111497,1.168580227824718,1.1705654113645374,1.1706256488482571,448.9642233848572,1
radial,5,11,-165,-1.294095225512605,-3.5355339059327378,4.829629131445342,8.803033638557137,1.7606067277114275,1.1050681535836977,14.693766027384289,0.7984979847176822,1.1238246929512856,0.21032845074058157,2.3570770085994037e-05,0.185866101298802,4.326055202525397e-05,6.349359765159394e-05,612,0.8478764761989345,1.0298774618199584,1.7183792260116915,1.7272437041385589,1.7273520559741387,0.17647058823529413,0.0,0.0,0.8743831157491978,0.9069386553482449,1.1680549174638741,1.172251634347123,1.1757857424265001,433.7555103302002,1
radial,5,12,-180,-6.123233995736766e-16,-4.330127018922194,4.330127018922195,8.41071374848445,1.6821427496968901,1.104374938275026,-0.30832815258639096,0.7990984007304547,1.1301712765815126,0.2170768604992007,0.00014806293834232186,0.187849467152,4.312676715251833e-05,6.395504227473286e-05,612,0.8306243203308848,1.0256579475594898,1.7061525134958968,1.763725698045875,1.7638483768040552,0.17647058823529413,0.0,0.0,0.8757827274242111,0.9079725654797188,1.1758161116669588,1.1841630805769798,1.1860028893095433,413.3260385990143,1
radial,6,0,0,0.0,5.196152422706632,-5.196152422706632,10.12971766957031,1.6882862782617183,1.1044271085427657,179.6276747646913,0.7991265543811372,1.1328119801364644,0.21701893066015057,3.4883098647898204e-05,0.18771510012544107,4.3124519072267274e-05,6.282149628808264e-05,612,0.8336138624221925,1.0273446079929,1.7066623923915423,1.7639923707229423,1.7641433623544036,0.17647058823529413,0.0,0.0,0.8755202486342972,0.9079309154243019,1.1768271751048704,1.1852269404478817,1.1864044213892697,413.7718997001648,1
radial,6,1,-15,-1.5529142706151244,5.79555495773441,-4.242640687119286,10.2695988296269,1.7115998049378167,1.1053888666579113,164.64596349383424,0.7987232225670315,1.1278017842828174,0.21028803286519476,3.854468684946445e-05,0.18589980660700137,4.330217678193048e-05,6.237252895198149e-05,612,0.8494580102210674,1.0321586434890946,1.7110457036056383,1.7355479315004403,1.7357706198157214,0.17647058823529413,0.0,0.0,0.8746486848636342,0.9067330194083282,1.1677048942830317,1.1713454481494419,1.1775175193679743,457.54224133491516,1
radial,6,2,-30,-2.9999999999999996,6.0,-3.0000000000000018,10.0550698310182,1.6758449718363666,1.1045070404644795,149.65037490524836,0.7991594046189475,1.1352307912911177,0.216868036324811,3.858139647265804e-05,0.18753509081856462,4.2991041590105135e-05,6.361730355585653e-05,612,0.8354511479459483,1.0280976326074711,1.7145314015006246,1.771033240950423,1.7712180548737828,0.17647058823529413,0.0,0.0,0.8751862376549181,0.9073419671197526,1.1671525319433556,1.1712566459857576,1.171908985922555,436.3654718399048,1
radial,6,3,-45,-4.242640687119286,5.795554957734409,-1.5529142706151262,10.45670853844285,1.7427847564071417,1.1051423624930363,134.6396313101316,0.7985450519402897,1.1267204543217009,0.21028770377146622,3.6174394029478604e-05,0.18572157271591838,4.3194737418201324e-05,6.362154231293556e-05,612,0.8491013169517482,1.0316659476759524,1.718920651788173,1.7290614100196486,1.7293267540512292,0.17647058823529413,0.0,0.0,0.8772967063062952,0.909043574117955,1.1725080523009552,1.1755933429136294,1.1777509526236705,418.3544466495514,1
radial,6,4,-60,-5.196152422706632,5.196152422706632,-7.347880794884119e-16,10.06046160216377,1.6767436003606282,1.1044181541403661,119.6367226032257,0.7991098204746839,1.1327377294280252,0.21695699448769035,0.00010216600457293983,0.18763010810896463,4.314735763348399e-05,6.29848948811595e-05,612,0.8332848890207774,1.0270967367171406,1.706833099033831,1.7640902326742662,1.764269381346583,0.17647058823529413,0.0,0.0,0.8757259711134366,0.908064230915338,1.176551823035272,1.1832335092163202,1.1894546315409213,478.28937292099,1
radial,6,5,-75,-5.79555495773441,4.242640687119284,1.5529142706151222,10.18287922860056,1.6971465381000934,1.1051341210155612,104.65322162418168,0.7985276845890366,1.1280366721533408,0.21021672820909967,7.85701513469068e-05,0.18572129914170313,4.3391643749270624e-05,6.342665734070453e-05,612,0.8490068823159554,1.0318093879655958,1.7113438947108282,1.7355029064902188,1.7357346174943191,0.17647058823529413,0.0,0.0,0.8738662172970458,0.9061899435410388,1.1644927499712419,1.1699043752224403,1.1777206000181006,430.5952775478363,1
radial,6,6,-90,-6.0,2.999999999999999,2.9999999999999982,10.07421954247864,1.6790365904131066,1.1047519454632688,89.63752721951872,0.7993202850094061,1.1352618753151296,0.21676944091966138,8.740803907172214e-05,0.18757484342361955,4.325318123199265e-05,6.20527005899134e-05,612,0.8354600000433589,1.0281339186058738,1.7144497214037475,1.7710173530739446,1.7715387045300028,0.17647058823529413,0.0,0.0,0.8771160527301324,0.90937365401248,1.1688371450205457,1.1713093997217943,1.1726458259294594,394.7297532558441,1
radial,6,7,-105,-5.79555495773441,1.5529142706151227,4.242640687119285,10.60660829963845,1.7677680499397417,1.1052946876325134,74.6316258772077,0.798667981880929,1.1352193021194912,0.2103676560131965,0.00010136232587395958,0.18598683619561757,4.316463903286826e-05,6.283551433054787e-05,612,0.8491308295734783,1.0314174189267646,1.718904169852535,1.7290027950514826,1.7291984269709686,0.17647058823529413,0.0,0.0,0.8761468827449742,0.9081471068519408,1.1739856261534165,1.1771647761810933,1.1785436588749165,410.74015760421753,1
radial,6,8,-120,-5.196152422706632,0.0,5.196152422706631,10.19372909546092,1.6989548492434867,1.1046060488509153,59.6492526019504,0.7992600914495885,1.1327515734796554,0.21704344659310454,8.765024837773879e-05,0.18776962223870963,4.3176707301684013e-05,6.24314658824507e-05,612,0.8335877649209299,1.0271024946535217,1.7068424928483974,1.7641083016554364,1.7643261451975252,0.17647058823529413,0.0,0.0,0.8755527557037465,0.907524482730407,1.1777093591083962,1.1832837476882145,1.1855995656801395,419.33342576026917,1
radial,6,9,-135,-4.242640687119286,-1.5529142706151253,5.79555495773441,10.18775531027422,1.6979592183790366,1.1053847093532374,44.647695671832366,0.798728368341915,1.1277924641961206,0.21033869420399734,3.119578147737151e-05,0.18583548134075284,4.310183968841748e-05,6.318854001003543e-05,612,0.8503785842332559,1.0326677442755687,1.711310064477559,1.7355746722675212,1.7358381289158706,0.17647058823529413,0.0,0.0,0.8767889416033378,0.908534808273044,1.166388097362003,1.1686492158301303,1.169530904260252,423.0665431022644,1
radial,6,10,-150,-2.9999999999999996,-3.0000000000000013,6.0,9.987128447472921,1.6645214079121535,1.1044920182348603,29.631673155985535,0.7991368121921298,1.135180996915004,0.2167971932329103,3.393387395670897e-05,0.18743077391388835,4.306813886503296e-05,6.387270576645927e-05,612,0.8357648937235027,1.0281325639848298,1.7142403783457862,1.7709433352834034,1.771123095004535,0.17647058823529413,0.0,0.0,0.8762240045889644,0.9086686518014291,1.1675139544365172,1.1694699350170177,1.1695311962446047,435.74368810653687,1
radial,6,11,-165,-1.5529142706151262,-4.242640687119286,5.79555495773441,10.52970739295257,1.7549512321587617,1.1051327942337708,14.633953114198224,0.7985478099219995,1.126634424773894,0.21034783117490766,2.2870588445853564e-05,0.1858747175965993,4.32659402344831e-05,6.350605791889304e-05,612,0.8485342170493132,1.031019138492617,1.71863461316615,1.7289872629645775,1.7290961046822966,0.17647058823529413,0.0,0.0,0.8744095290843715,0.9069657860936798,1.1688468997738437,1.1743267627504785,1.1774211233432696,429.46970653533936,1
radial,6,12,-180,-7.347880794884119e-16,-5.196152422706632,5.196152422706634,10.11043745306888,1.6850729088448133,1.1044799894271609,-0.3674959575094316,0.7991759865142698,1.1328213627472343,0.21708635696411185,0.0001483404986484651,0.18784087298777108,4.314653621902908e-05,6.390507447789016e-05,612,0.8334208281778913,1.0272192311021215,1.7067876280244823,1.764069037474494,1.7641906479108727,0.17647058823529413,0.0,0.0,0.8758511951860811,0.908050382485433,1.176051956299746,1.1855462059468744,1.1873951959030538,414.5001344680786,1
radial,7,0,0,0.0,6.062177826491071,-6.062177826491071,11.82651367343055,1.6895019533472215,1.1045288581993615,179.5686081416973,0.7992033422457966,1.1354396754375051,0.2170380388232104,3.512393322984929e-05,0.18770839589798005,4.314408037581996e-05,6.291645290015231e-05,612,0.8363954108253497,1.0289904835459138,1.7072818716908422,1.7643299567554445,1.76448220202858,0.17647058823529413,0.0,0.0,0.8755891291906721,0.9080095309042884,1.177049082803358,1.186586182429208,1.1877598484909306,416.1290738582611,1
radial,7,1,-15,-1.8117333157176452,6.761480784023478,-4.949747468305833,11.9456669246858,1.7065238463836856,1.1054650937991781,164.58753088556222,0.7987823337161428,1.13075719238311,0.21031309382499788,3.8472822116221054e-05,0.1859019777922885,4.330987473023657e-05,6.242159812550358e-05,612,0.8502622808439532,1.0335337825239783,1.7100235586467702,1.7383204390692397,1.7385388942927127,0.17647058823529413,0.0,0.0,0.8746915260025421,0.9067774270547818,1.1682066671115665,1.1720466887556011,1.1781550082594032,464.24365854263306,1
radial,7,2,-30,-3.4999999999999996,7.0,-3.500000000000002,11.74954234780609,1.6785060496865842,1.1046238963193074,149.59134194004994,0.7992428916709904,1.1382477578374555,0.21686161322568973,3.862559380198628e-05,0.1874944349685474,4.299515836242004e-05,6.368171355470564e-05,612,0.8385853797537329,1.029898993732501,1.716402862896532,1.7725067222478244,1.772692125861971,0.17647058823529413,0.0,0.0,0.8752414917674776,0.9073933314078185,1.1662771371549587,1.170208556344483,1.1707874570203598,434.996529340744,1
radial,7,3,-45,-4.949747468305833,6.761480784023478,-1.8117333157176472,12.16662822211761,1.7380897460168014,1.105194217981773,134.58035098275772,0.7985880477891915,1.1295088246485074,0.21032206559361888,3.613911445085254e-05,0.18573945892597407,4.320116749623951e-05,6.355060478591017e-05,612,0.8496771422818717,1.0327990748204237,1.7191767461630674,1.730763708684969,1.7310302230280024,0.17647058823529413,0.0,0.0,0.8773181859871556,0.909068120999039,1.1740576224711021,1.1772613361492041,1.1798436065614462,420.89471459388733,1
radial,7,4,-60,-6.06217782649107,6.06217782649107,-8.572527594031472e-16,11.75675290899541,1.679536129856487,1.1045195139785344,119.57766613249476,0.7991862328255683,1.1353643761196168,0.21697554936111232,0.00010249541707600511,0.18762366224093488,4.316888413955228e-05,6.309638516264435e-05,612,0.8360608636839771,1.0287453181053317,1.707453640908064,1.764427723182644,1.764606438695661,0.17647058823529413,0.0,0.0,0.8757884974766496,0.9081342603581433,1.1767535764324357,1.1845967509436284,1.1908011399431833,471.5956130027771,1
radial,7,5,-75,-6.761480784023478,4.949747468305832,1.8117333157176425,11.85933440920541,1.694190629886487,1.1052100563954945,104.59477650069904,0.7985868727348062,1.1309973350515208,0.21024359796558342,7.779731854527458e-05,0.18572409787294666,4.339972956185688e-05,6.343045611403368e-05,612,0.8498111826106787,1.033187786653559,1.7103215545290609,1.7382680175010181,1.7385021529323321,0.17647058823529413,0.0,0.0,0.8739093266988337,0.90623488736457,1.164509410522022,1.1707901423961995,1.1783566522105442,449.777232170105,1
radial,7,6,-90,-7.0,3.4999999999999987,3.4999999999999982,11.76853187122818,1.681218838746883,1.1048682692209986,89.57848502808405,0.799403437362495,1.1382778715794792,0.2167633307296802,8.752495051714962e-05,0.18753482927350618,4.3257022716408604e-05,6.210478048169727e-05,612,0.8385946590787932,1.0299291422396095,1.71632300155676,1.772493038832922,1.773011114084362,0.17647058823529413,0.0,0.0,0.8771680100563691,0.9094220553712228,1.1679584118297943,1.1701940305864216,1.1716198500684516,445.10444164276123,1
radial,7,7,-105,-6.761480784023478,1.8117333157176432,4.949747468305832,12.31745059322057,1.7596357990315101,1.1053473154093196,74.57235979606962,0.798711233890504,1.137146594784925,0.21040012137713351,9.963254880493984e-05,0.18600367151496375,4.3169961952169016e-05,6.276382519283802e-05,612,0.8497239414017141,1.0325518112565497,1.719160167798165,1.7307047605704213,1.730903427199675,0.17647058823529413,0.0,0.0,0.8761791743314439,0.908179929139004,1.1751081507289245,1.1787370222204532,1.1800639655641554,425.0620119571686,1
radial,7,8,-120,-6.062177826491071,0.0,6.0621778264910695,11.89066270101471,1.6986661001449586,1.1047080497643524,59.590193628744395,0.799337059517722,1.1353802839854201,0.21706253764965916,8.778750561047985e-05,0.18776246639588504,4.319696873671711e-05,6.238517930940607e-05,612,0.8363856522981444,1.0287610971904135,1.7074612438337318,1.7644457996910574,1.764662894157655,0.17647058823529413,0.0,0.0,0.8756143071883085,0.907596146826969,1.177922338147587,1.1846446181771737,1.1869598418249583,424.7806317806244,1
radial,7,9,-135,-4.949747468305833,-1.8117333157176463,6.761480784023478,11.863492390836,1.6947846272622857,1.1054599131452914,44.5892430969417,0.7987869549123343,1.1307468165724532,0.21036508131258372,3.137043762355676e-05,0.18583873646143365,4.3108891931432366e-05,6.317272283163131e-05,612,0.8511848609318117,1.034046834705025,1.7102880721805218,1.7383394104700538,1.7386058849438457,0.17647058823529413,0.0,0.0,0.8768305869495514,0.9085779140724729,1.1666889453827443,1.1693168590509062,1.1694705699700587,431.844690322876,1
radial,7,10,-150,-3.4999999999999996,-3.5000000000000018,7.0,11.68164480155379,1.66880640022197,1.104608407666857,29.572653600058075,0.7992199603781137,1.13819612506736,0.21679076709888745,3.382157796031528e-05,0.18739025378643429,4.307168544229801e-05,6.389038337279807e-05,612,0.8388762661790392,1.0299221456233065,1.7161128579497529,1.7724170646499218,1.7725975321764167,0.17647058823529413,0.0,0.0,0.8762886042252405,0.9087278200475254,1.1669757141822596,1.1683634298805552,1.1684255389569578,435.79982686042786,1
radial,7,11,-165,-1.8117333157176472,-4.949747468305833,6.761480784023479,12.24001574274164,1.74857367753452,1.105185316314285,14.574657866623541,0.798591026273292,1.1294251059777662,0.21038055793636148,2.2168738556283207e-05,0.18589170290165574,4.327097674557387e-05,6.35216074547544e-05,612,0.8490979770285387,1.0321470317869526,1.7188915782237277,1.7306892603482658,1.7307987659921107,0.17647058823529413,0.0,0.0,0.8744298922207716,0.9069870386938164,1.1694284891639892,1.1760926819266708,1.1789781680613192,427.3149721622467,1
radial,7,12,-180,-8.572527594031472e-16,-6.062177826491071,6.062177826491073,11.80706061118573,1.6867229444551042,1.104582019707322,-0.4265649740764447,0.7992529174044563,1.1354490951814313,0.21710509003906883,0.00014861835919565184,0.18783390299265362,4.3166913362924186e-05,6.385507304434076e-05,612,0.8362042018386653,1.0288682358900731,1.7074066671304549,1.7644064008315015,1.7645270060158957,0.17647058823529413,0.0,0.0,0.8759187955621178,0.9081278942103399,1.1762733863569181,1.1869082360577732,1.1887666128076635,417.91786313056946,1
radial,8,0,0,0.0,6.92820323027551,-6.92820323027551,13.51991681376398,1.6899896017204974,1.1046276424653614,179.50965098791823,0.799279510585078,1.1380447599361394,0.21706635293136206,3.53644164925152e-05,0.18770333964502178,4.3164246484396806e-05,6.301137174514116e-05,612,0.8391667479416046,1.030723175713492,1.7078861510792887,1.7646620502217236,1.7648155058846717,0.17647058823529413,0.0,0.0,0.8756571864420439,0.9080878743406244,1.1772586510866483,1.1879258732615137,1.1890937911851192,418.01953768730164,1
radial,8,1,-15,-2.070552360820166,7.7274066103125465,-5.656854249492381,13.60854709246939,1.7010683865586738,1.1055319089190847,164.52951677741905,0.7988365025219988,1.1336915764775648,0.21034969890793545,3.840417558500024e-05,0.18591028286081895,4.3316680299902833e-05,6.246866413001258e-05,612,0.8509921032594454,1.0349190876133814,1.7089986970943318,1.741045032783831,1.7412599391731145,0.17647058823529413,0.0,0.0,0.8747295068656207,0.9068167167951467,1.1690275790456368,1.173144943643703,1.1788612081388652,480.58268189430237,1
radial,8,2,-30,-3.9999999999999996,8.0,-4.000000000000003,13.44220243405859,1.6802753042573237,1.1047372768533723,149.53237727937383,0.7993254258825822,1.141235582509104,0.21686462438524534,3.867103145432246e-05,0.18745554214184862,4.299998967936141e-05,6.374760698959247e-05,612,0.8417053700801541,1.0317817778795322,1.7182504231348226,1.7739685889651546,1.7741545579985627,0.17647058823529413,0.0,0.0,0.8752955758991025,0.9074440407132449,1.1651979495410734,1.1691416207935483,1.1696556618721836,438.4403476715088,1
radial,8,3,-45,-5.656854249492381,7.727406610312546,-2.070552360820168,13.86130615858392,1.73266326982299,1.1052351728625196,134.52155090755787,0.7986251961334292,1.132279225150231,0.21036903109077223,3.610869393415157e-05,0.1857648697856344,4.320728784769905e-05,6.347905278565773e-05,612,0.8501675013502974,1.0339286275257908,1.7194347163927528,1.7324278909006592,1.7326948209815785,0.17647058823529413,0.0,0.0,0.8773340408456592,0.9090870469333592,1.1755344823253422,1.1791551580278032,1.1818651536007163,425.04600763320923,1
radial,8,4,-60,-6.928203230275509,6.928203230275509,-9.797174393178826e-16,13.4496542541396,1.68120678176745,1.1046179110326477,119.51871979513767,0.7992620287775881,1.1379684712110765,0.21700332034201952,0.0001028271644239811,0.18761886136140815,4.319101195029989e-05,6.320774078981494e-05,612,0.8388261437197084,1.0304809625194775,1.7080588567908035,1.764759554325939,1.764937863869084,0.17647058823529413,0.0,0.0,0.8758502641600545,0.908204095380907,1.1769422103259244,1.1859395638640036,1.1921272406972074,465.2860674858093,1
radial,8,5,-75,-7.7274066103125465,5.656854249492379,2.070552360820163,13.52259598387048,1.69032449798381,1.105276588073891,104.53675025419993,0.7986411217340166,1.1339368534100671,0.21028199932811115,7.703137429042906e-05,0.18573303706674751,4.34069988952057e-05,6.343680573594794e-05,612,0.850541758845374,1.0345767983391336,1.709296477258585,1.740985966449137,1.7412223050605515,0.17647058823529413,0.0,0.0,0.8739473397936398,0.9062743579670577,1.16446439452785,1.171703136993103,1.1790468062732935,455.69297552108765,1
radial,8,6,-90,-8.0,3.9999999999999987,3.999999999999998,13.4610408804675,1.6826301100584375,1.1049811223073323,89.51951104439549,0.7994856440709638,1.1412648763556068,0.21676667957437362,8.763683030790132e-05,0.18749659179993192,4.3261572480905486e-05,6.215795601461552e-05,612,0.8417154034432714,1.0318058399213805,1.7181723109292422,1.7739557683433276,1.774471796436136,0.17647058823529413,0.0,0.0,0.8772187231090511,0.9094697188943818,1.1668755048937274,1.170543638841313,1.171074028986467,413.1414656639099,1
radial,8,7,-105,-7.7274066103125465,2.0705523608201637,5.65685424949238,14.01302734988874,1.7516284187360924,1.1053890113802356,74.51357517145816,0.7987486144631246,1.138970246832172,0.21044517711523666,9.790332901108006e-05,0.18602805680872406,4.317498978413263e-05,6.269171947935392e-05,612,0.850230404595981,1.0336822302602469,1.71941808176586,1.7323680291695331,1.7325695360695967,0.17647058823529413,0.0,0.0,0.8762058654619704,0.9082075172559808,1.1753392086331154,1.1802304120145017,1.1815051455792636,439.0839762687683,1
radial,8,8,-120,-6.92820323027551,0.0,6.928203230275508,13.58420357142163,1.6980254464277038,1.1048070714969989,59.5312441160101,0.7994133976927252,1.1379863654561169,0.2170908298772723,8.792512630634963e-05,0.18775695256320285,4.3217833900314364e-05,6.235533822226288e-05,612,0.8391739740761182,1.0305066368725946,1.7080647975266212,1.7647777336886754,1.7649941072758601,0.17647058823529413,0.0,0.0,0.8756749603007253,0.9076675153813337,1.178122234665859,1.1859847937930068,1.1882993825313815,408.9082851409912,1
radial,8,9,-135,-5.656854249492381,-2.0705523608201672,7.7274066103125465,13.52606719693449,1.6907583996168112,1.1055257170917747,44.531207660073214,0.7988406093131964,1.1336801931133054,0.21040301836276598,3.1545794758326896e-05,0.18584811347407793,4.311506892882258e-05,6.315031574102414e-05,612,0.8519151453784576,1.0354355876595227,1.7092632096669078,1.7410568262333612,1.7413261430382807,0.17647058823529413,0.0,0.0,0.8768670861781601,0.9086154200852709,1.1673572813856237,1.1695739488460768,1.1705974839438549,431.2585868835449,1
radial,8,10,-150,-3.9999999999999996,-4.000000000000002,8.0,13.37434551630241,1.6717931895378013,1.1047213395664923,29.513703249131197,0.7993021723664424,1.1411821778534468,0.2167938008689537,3.370962752931511e-05,0.18735151587066282,4.307593077345026e-05,6.390944678787502e-05,612,0.8419712769024588,1.0317930302685843,1.7179614305212274,1.773879193405033,1.7740603075477597,0.17647058823529413,0.0,0.0,0.8763521428859641,0.9087864534196202,1.165868818708413,1.1677291944692634,1.1697810050987498,432.5048785209656,1
radial,8,11,-165,-2.070552360820168,-5.656854249492381,7.727406610312547,13.93506609232098,1.7418832615401225,1.1052269230463185,14.515844520980872,0.7986283880739659,1.132197711424667,0.2104259087799689,2.1464969490345713e-05,0.1859162335907101,4.327575790077327e-05,6.353988594237525e-05,612,0.849577614630851,1.033271716656097,1.7191503253535847,1.7323524698497685,1.7324627947691724,0.17647058823529413,0.0,0.0,0.8744448564705591,0.9070031239359785,1.1699456899431657,1.1780897103815682,1.180462685274841,428.95954179763794,1
radial,8,12,-180,-9.797174393178826e-16,-6.92820323027551,6.928203230275512,13.50029030360482,1.6875362879506024,1.1046810875139095,-0.4855243934349881,0.7993292312116025,1.1380542324223137,0.21713302821427055,0.00014889595900302553,0.18782858386317525,4.318789709147343e-05,6.380502885426224e-05,612,0.838977595161156,1.0306041214472315,1.7080105250942381,1.7647383229476685,1.7648578864079634,0.17647058823529413,0.0,0.0,0.8759855582330605,0.9082051272320035,1.1764823161682154,1.188249879385786,1.1901176851453912,417.27783489227295,1
radial,9,0,0,0.0,7.794228634059948,-7.794228634059948,15.20957250674043,1.6899525007489367,1.1047234847702412,179.45081608773972,0.7993550736434919,1.1406265568861238,0.21710385096009638,3.560434764012063e-05,0.18769998184178757,4.318501381114322e-05,6.310611437651182e-05,612,0.8419287052173705,1.0325411203061228,1.7084761095752494,1.7649889583738696,1.765143638247958,0.17647058823529413,0.0,0.0,0.8757244366259455,0.9081659588420807,1.1774570507633366,1.1892455553387706,1.1904081306206287,415.60012197494507,1
radial,9,1,-15,-2.3293714059226867,8.693332436601615,-6.3639610306789285,15.25912705559168,1.695458561732409,1.1055900888981762,164.47189280910538,0.7988862231224904,1.1366058120419138,0.2103974235205472,3.833432061319822e-05,0.1859242164238649,4.33227399813283e-05,6.251318292857779e-05,612,0.8516520731870293,1.0363208226974432,1.707970997229573,1.743724630021219,1.743936038151412,0.17647058823529413,0.0,0.0,0.8747631152487707,0.90685143016091,1.1695813435270683,1.1742782078430625,1.1795908475755723,431.2866735458374,1
radial,9,2,-30,-4.499999999999999,9.0,-4.500000000000003,15.13253473631422,1.6813927484793578,1.1048470660730598,149.47349943734324,0.7994069302961327,1.144193297258357,0.21687710863977466,3.871754209746744e-05,0.18741852555849484,4.300555288833008e-05,6.381492026555341e-05,612,0.8448092536450267,1.0337428220636642,1.7200748262279686,1.7754191966510287,1.7756056847986608,0.17647058823529413,0.0,0.0,0.875348439165171,0.9074940574700708,1.1664712713490328,1.1684475645681502,1.1696829648083646,447.3997585773468,1
radial,9,3,-45,-6.3639610306789285,8.693332436601613,-2.3293714059226893,15.54197999735833,1.726886666373148,1.1052663586494027,134.46319164014864,0.7986572107704065,1.1350323808542628,0.2104279470202935,3.608261340702797e-05,0.18579702914566867,4.3213209153269886e-05,6.340693252315247e-05,612,0.8505820919348078,1.0350648767764425,1.7196945537491126,1.734057985131407,1.734323413244881,0.17647058823529413,0.0,0.0,0.8773449243877934,0.9091010912101195,1.176945360724983,1.18113438164686,1.183821897483188,416.101548910141,1
radial,9,4,-60,-7.794228634059947,7.794228634059947,-1.102182119232618e-15,15.13882937403808,1.6820921526708978,1.1047133681835943,119.45989570581118,0.7993372241387632,1.1405492644372708,0.21704029729862515,0.00010315853451785225,0.1876157757960196,4.321374054171826e-05,6.331902955645084e-05,612,0.8415812852063138,1.0323020042216433,1.708649813694778,1.7650863726917965,1.7652642039338748,0.17647058823529413,0.0,0.0,0.8759112831626664,0.908273745891478,1.177119957789953,1.1872628577134343,1.1934333810139222,466.35928082466125,1
radial,9,5,-75,-8.693332436601615,6.363961030678926,2.329371405922683,15.17354354954089,1.685949283282321,1.1053344722795932,104.47911466062176,0.7986909107221694,1.1368562449568749,0.21033150680801754,7.627365287986953e-05,0.1857476021462655,4.341359431174354e-05,6.344573818838891e-05,612,0.8512030835348715,1.035982559805725,1.7082684528203211,1.7436591534805779,1.7438974567493273,0.17647058823529413,0.0,0.0,0.8739807174409427,0.906308906216374,1.1643667425500266,1.1719767806298278,1.1797862407725892,444.0422570705414,1
radial,9,6,-90,-9.0,4.499999999999998,4.499999999999997,15.15122023732327,1.6834689152581412,1.1050903859989525,89.4606239872181,0.7995668286662542,1.1442215400411786,0.21677954113901624,8.775102232866118e-05,0.1874602720622415,4.326685689938155e-05,6.221206417599692e-05,612,0.844820811298364,1.0337608064173276,1.7199985427847626,1.7754065463419941,1.7759214341725287,0.17647058823529413,0.0,0.0,0.8772681386411411,0.9095166402141476,1.1666923604294213,1.1700447597933894,1.1727866936396474,418.43817234039307,1
radial,9,7,-105,-8.693332436601615,2.329371405922684,6.363961030678928,15.69456487893876,1.7438405421043066,1.1054208967338957,74.4552328656516,0.7987808312135072,1.1407008851389033,0.21050217842141022,9.617505816274902e-05,0.18605921887447832,4.3179833934172505e-05,6.261928396674265e-05,612,0.8506596346104756,1.0348188481334697,1.7196776851204236,1.7339950888203508,1.7341993016439516,0.17647058823529413,0.0,0.0,0.8762275645222193,0.9082305446804421,1.1754960481153602,1.1818830822179451,1.1828903703760767,444.25765013694763,1
radial,9,8,-120,-7.794228634059948,0.0,7.794228634059946,15.2739928818678,1.6971103202075333,1.1049031424236508,59.47241709157741,0.7994891243366299,1.1405692124273592,0.21712830450920362,8.80629586943545e-05,0.18775313813609265,4.323930108736779e-05,6.238542812756707e-05,612,0.8419532151723321,1.032337499278084,1.7086540551951104,1.7651045836150454,1.7653201623422674,0.17647058823529413,0.0,0.0,0.8757347325199055,0.9077386042406991,1.1783110353661568,1.1873050753866727,1.1896197629731826,419.5745515823364,1
radial,9,9,-135,-6.3639610306789285,-2.329371405922688,8.693332436601615,15.17635514669786,1.686261682966429,1.1055828999489832,44.47356140738408,0.7988898261098754,1.1365935256682247,0.21045207491230827,3.1721723843702815e-05,0.18586310081202775,4.312051793683249e-05,6.3144306809192e-05,612,0.8525743346651369,1.0368402645526826,1.7082355792852983,1.7437296064358263,1.7440015479139455,0.17647058823529413,0.0,0.0,0.876898904797674,0.9086478903800309,1.1680756117669646,1.1700683068887794,1.1718442895190018,437.21944785118103,1
radial,9,10,-150,-4.499999999999999,-4.500000000000002,9.0,15.06471193089056,1.6738568812100623,1.1048306923169668,29.454840638716348,0.7993833686903467,1.144138064220217,0.2168063428059731,3.359759883284342e-05,0.1873146901659506,4.3080892406989933e-05,6.392994367649715e-05,612,0.845048194255451,1.0337420089402267,1.7197867681466024,1.7753300490421833,1.775511718002677,0.17647058823529413,0.0,0.0,0.8764145546185969,0.9088445023401942,1.1660338840247912,1.1680371323724625,1.171444594471121,441.4086880683899,1
radial,9,11,-165,-2.3293714059226893,-6.3639610306789285,8.693332436601615,15.61611452198594,1.7351238357762155,1.1052587366234508,14.457472929254507,0.7986606024257923,1.1349530026061045,0.21048323100627686,2.0759175004785768e-05,0.18594753321599491,4.328038998808054e-05,6.356056710833761e-05,612,0.8499825178506557,1.0344033848740914,1.7194108095971472,1.733982263447895,1.7340909954621126,0.17647058823529413,0.0,0.0,0.8744550364582557,0.9070147266219742,1.1705286413582079,1.1800820026213732,1.1818813858210506,428.6384811401367,1
radial,9,12,-180,-1.102182119232618e-15,-7.794228634059948,7.794228634059952,15.18977428583763,1.6877526984264035,1.1047772117622727,-0.544361470847289,0.7994049387869641,1.140636062685717,0.21717014874117474,0.0001491742685456084,0.18782496335900553,4.32094828083626e-05,6.375527325104512e-05,612,0.8417418561611099,1.0324253149202443,1.7086001632002399,1.765065049407388,1.765183631223407,0.17647058823529413,0.0,0.0,0.8760515094120809,0.9082821052155438,1.1766900250062478,1.189578124873745,1.1914602198128008,438.54813838005066,1
radial,10,0,0,0.0,8.660254037844387,-8.660254037844387,16.89507792977281,1.689507792977281,1.1048163618561095,179.39211783199713,0.7994300175043697,1.143183846882813,0.21715054384297935,3.5844451841398374e-05,0.18769843414797993,4.320638058672773e-05,6.32001197928647e-05,612,0.8446842932339708,1.0344424102656902,1.7090528344088671,1.7653111079006578,1.765467018881218,0.17647058823529413,0.0,0.0,0.8757908934283042,0.908243798135307,1.1776370860813115,1.1905355379591323,1.191714831507693,409.08093667030334,1
radial,10,1,-15,-2.5881904510252074,9.659258262890683,-7.0710678118654755,16.89830239034851,1.6898302390348507,1.1056403693868442,164.4146304340703,0.7989319623331456,1.1395008307714898,0.21045585754820925,3.826591556757959e-05,0.18594326689228516,4.3328201202508934e-05,6.255622003379709e-05,612,0.8522466252725321,1.037745025677879,1.7090691503881053,1.7463610176918,1.7465697188694413,0.17647058823529413,0.0,0.0,0.8747927269361003,0.9068820503049069,1.1703435086513017,1.1754664965576753,1.1803805809894887,431.91589403152466,1
radial,10,2,-30,-4.999999999999999,10.0,-5.0000000000000036,16.81992100765657,1.681992100765657,1.1049530693842362,149.41473026594878,0.7994872786406427,1.1471188764610312,0.2168991494418067,3.876502105219287e-05,0.18738358814950495,4.301185360616365e-05,6.38834021272795e-05,612,0.8478959757877961,1.0357782172512298,1.721876667477629,1.7768587471828399,1.7770458965229523,0.17647058823529413,0.0,0.0,0.8753999885937944,0.9075432964086028,1.1659296832842245,1.1682414534950856,1.1713935424383413,445.1510901451111,1
radial,10,3,-45,-7.0710678118654755,9.659258262890681,-2.58819045102521,17.20985672591638,1.7209856725916381,1.1052888165268628,134.40523474517954,0.7986847506881954,1.1377689904074064,0.21049822431444648,3.6060680318526886e-05,0.1858352112900262,4.321904479097946e-05,6.333430134906923e-05,612,0.8509299442383286,1.03621745371352,1.7199560431550533,1.7356562889584566,1.7359185856354353,0.17647058823529413,0.0,0.0,0.8773514437469017,0.9091109505893853,1.1782967593620992,1.183054708563254,1.1857199972974237,422.0825216770172,1
radial,10,4,-60,-8.660254037844386,8.660254037844386,-1.2246467991473533e-15,16.82385877579413,1.682385877579413,1.1048058597301882,119.40120875484821,0.7994118012979917,1.1431055446391012,0.2170864795943793,0.00010349093791933707,0.18761450039943792,4.3237067674284036e-05,6.34302063904471e-05,612,0.8443293224316881,1.0342065743574838,1.7092273974709369,1.765408324796101,1.7655856205953424,0.17647058823529413,0.0,0.0,0.8759715443367759,0.9083431986530728,1.1772952881442527,1.188565031820009,1.194714784216658,462.22835421562195,1
radial,10,5,-75,-9.659258262890683,7.071067811865474,2.5881904510252034,16.81307812441725,1.681307812441725,1.1053844631916994,104.42184103371746,0.7987367201676177,1.1397564343954922,0.21039171155484074,7.552384732596192e-05,0.18576728758360803,4.341965677000629e-05,6.34571496266603e-05,612,0.8517997355553664,1.0374112220977287,1.7089726080971053,1.746290063946205,1.7465301339612385,0.17647058823529413,0.0,0.0,0.8740099115388972,0.9063390727591965,1.16559532669531,1.1720327338183398,1.180573926396833,446.9166383743286,1
radial,10,6,-90,-10.0,4.999999999999998,4.999999999999997,16.83846829214526,1.683846829214526,1.1051958530586448,89.40184511726284,0.7996468541562909,1.1471461380084536,0.21680198932644196,8.786404264035289e-05,0.18742604763724544,4.327287536538e-05,6.226694684694872e-05,612,0.8479098180133423,1.0357901390537132,1.7218023076612554,1.7768462460193946,1.777360045209568,0.17647058823529413,0.0,0.0,0.8773161602083717,0.909562705077323,1.1661748713624982,1.1700118742424799,1.1744929020670574,428.3692696094513,1
radial,10,7,-105,-9.659258262890683,2.5881904510252047,7.071067811865475,17.36327524384065,1.736327524384065,1.1054440321808678,74.39729431155997,0.7988085558600914,1.1423485880823576,0.21057052812031257,9.444811682186646e-05,0.18609642180488575,4.31846081643675e-05,6.254650871788263e-05,612,0.8510206873776633,1.0359714856434186,1.7199388290852646,1.7355888473646433,1.7357955504339895,0.17647058823529413,0.0,0.0,0.8762449069364956,0.9082496924493001,1.1759381576337922,1.1836378841084527,1.1842173946110859,450.4122083187103,1
radial,10,8,-120,-8.660254037844387,0.0,8.660254037844386,16.95962131342805,1.6959621313428048,1.1049962314025057,59.41372709263859,0.7995642192753233,1.1431275044253015,0.21717496914147663,8.820087612126985e-05,0.18775112681066136,4.326136618799982e-05,6.241552186787288e-05,612,0.844726409514942,1.0342517594603573,1.7092300687511497,1.765426575403733,1.765641415205903,0.17647058823529413,0.0,0.0,0.8757936083991132,0.9078093940058842,1.1784913298972792,1.1886065282084548,1.190921204026742,418.60029125213623,1
radial,10,9,-135,-7.0710678118654755,-2.588190451025209,9.659258262890683,16.81524903048852,1.681524903048852,1.1056322079055987,44.416275924171295,0.798935080205745,1.1394877632175144,0.21051184370410508,3.189968590963455e-05,0.18588319281094126,4.312538428711613e-05,6.320449726785405e-05,612,0.8531671104348382,1.038266961334496,1.7090196217348748,1.7463601170035756,1.746634641875486,0.17647058823529413,0.0,0.0,0.8769264886432391,0.9086758708630069,1.1687102371267541,1.1707966627434523,1.1731374346763301,441.20016169548035,1
radial,10,10,-150,-4.999999999999999,-5.000000000000002,10.0,16.75216356840045,1.675216356840045,1.1049362623663375,29.396086094273006,0.7994634160603474,1.147061934281143,0.2168284731215361,3.348660822085614e-05,0.18727996687791817,4.308657400705674e-05,6.395195980222674e-05,612,0.8481059022387274,1.0357651693736833,1.7215898120627962,1.7767698979805873,1.7769523736698702,0.17647058823529413,0.0,0.0,0.8764757252226967,0.9089018642701275,1.1649745040436383,1.1697643078965978,1.1731124167041773,445.6702244281769,1
radial,10,11,-165,-2.58819045102521,-7.0710678118654755,9.659258262890685,17.28435635565193,1.728435635565193,1.1052818176098682,14.39950502518873,0.7986883407757541,1.1376916811076714,0.2105519262253344,2.0051791268547536e-05,0.185984868646172,4.328498493636033e-05,6.35833681199634e-05,612,0.8503218094103354,1.0355517916275008,1.7196730030704466,1.7355807836490293,1.7356860242468153,0.17647058823529413,0.0,0.0,0.8744610187907835,0.9070225094115327,1.1718523016133207,1.1820154600444601,1.1832406192057368,429.214506149292,1
radial,10,12,-180,-1.2246467991473533e-15,-8.660254037844387,8.66025403784439,16.87509894835605,1.687509894835605,1.1048703770139825,-0.6030614330734604,0.7994800316240752,1.143193434494496,0.21721646109240877,0.0001494526813948514,0.18782315440601746,4.3231672234989266e-05,6.370561263893612e-05,612,0.8444999869354731,1.034329923229731,1.709176384888106,1.7653870246657972,1.7655045325838146,0.17647058823529413,0.0,0.0,0.8761166352000376,0.9083588118086745,1.1768838466180855,1.1908898440639866,1.192787201393123,401.4874801635742,1
radial,11,0,0,0.0,9.526279441628827,-9.526279441628827,18.57590944561971,1.6887190405108827,1.1049061951668997,179.33357459001184,0.7995042909504951,1.1457148875287764,0.2172064578962271,3.608365267623624e-05,0.18769884233960035,4.322833997710659e-05,6.32940292877598e-05,612,0.8474358191175839,1.0364245462167743,1.709617387643768,1.7656288614305689,1.7657860419921232,0.17647058823529413,0.0,0.0,0.8758564887380037,0.9083213188427415,1.1778216457919024,1.1918180688061932,1.1929925250859181,415.08785223960876,1
radial,11,1,-15,-2.847009496127728,10.62518408917975,-7.778174593052023,18.52697071990082,1.6842700654455292,1.1056834469268302,164.35770111377963,0.7989741653167521,1.1423774716754072,0.2105246311280253,3.819816746449774e-05,0.1859669710530588,4.333319799398748e-05,6.259779084514923e-05,612,0.8527809171423048,1.039197484785721,1.712569398198904,1.7489522706599054,1.749163158298558,0.17647058823529413,0.0,0.0,0.8748187536500894,0.9069090579563353,1.17114909020111,1.176696449865242,1.1812120329351414,431.611896276474,1
radial,11,2,-30,-5.499999999999999,11.0,-5.5000000000000036,18.50351668559664,1.6821378805087854,1.10505501319114,149.35609951931278,0.7995662904150271,1.1500089990126565,0.2169308468859434,3.88138415715958e-05,0.18735100019838472,4.301887899858333e-05,6.39527527680962e-05,612,0.8509632775950565,1.0378829513694483,1.72365713511192,1.7782877873668101,1.7784756242724877,0.17647058823529413,0.0,0.0,0.8754500850079564,0.9075916199245786,1.1648150958459826,1.1699320424667132,1.1731040471260228,447.6705915927887,1
radial,11,3,-45,-7.778174593052023,10.62518408917975,-2.8470094961277312,18.86601665688579,1.7150924233532536,1.1053035082886284,134.3476458934666,0.7987084269971435,1.1404897001888883,0.21057933212181243,3.6042610135866565e-05,0.18587875248882263,4.322490693870697e-05,6.326122301199378e-05,612,0.8512188373576438,1.0373951143674902,1.7202191541141312,1.7372235354288845,1.7374828166318335,0.17647058823529413,0.0,0.0,0.877354162412805,0.9091172768249155,1.1795944208978744,1.1849219147069294,1.1875652588030874,425.14629650115967,1
radial,11,4,-60,-9.526279441628825,9.526279441628825,-1.3471114790620886e-15,18.50422418149531,1.6822021983177555,1.1048953075465955,119.34267713506583,0.7994857095317855,1.1456356061935984,0.21714189470789327,0.00010382422542891688,0.18761518540011343,4.326098536262666e-05,6.354164469065373e-05,612,0.8470724667587063,1.0361921823583027,1.709792825866953,1.7657259275505324,1.7659027289668745,0.17647058823529413,0.0,0.0,0.8760309954709625,0.9084124014258281,1.177459638919369,1.1898519219055457,1.195984014807826,456.3540403842926,1
radial,11,5,-75,-10.62518408917975,7.778174593052021,2.8470094961277237,18.44209748998046,1.6765543172709507,1.1054272494726738,104.36490081793035,0.7987789897905743,1.1426381893947117,0.21046224491303703,7.47824907065258e-05,0.185791627868174,4.342531716153037e-05,6.347107722927274e-05,612,0.8523370954824887,1.0388686019479016,1.7124731597291176,1.7488810089491253,1.749122676142258,0.17647058823529413,0.0,0.0,0.8740353400690443,0.9063653611377118,1.166919642578862,1.1730675637925043,1.1814034529785573,453.0235846042633,1
radial,11,6,-90,-11.0,5.499999999999998,5.499999999999997,18.52193705001891,1.6838124590926282,1.1052972559225878,89.34320426991944,0.7997255442660494,1.1500352303131898,0.21683412334313448,8.797530362004104e-05,0.18739418958478637,4.327961805056829e-05,6.232231777351672e-05,612,0.8509803100946274,1.0378888894055183,1.7235829982432926,1.7782753255941297,1.778788079079975,0.17647058823529413,0.0,0.0,0.8773626499311272,0.9096077784881482,1.1652537795356759,1.1716972379184474,1.1761964686490125,419.38215231895447,1
radial,11,7,-105,-10.62518408917975,2.847009496127725,7.778174593052022,19.020244187338,1.7291131079398183,1.1054593814143336,74.33972494488533,0.7988324008016149,1.143922399322716,0.21064969526977212,9.27234747923076e-05,0.18613899804643652,4.3189424144760224e-05,6.24734357775157e-05,612,0.8513214134303181,1.0371489789076422,1.7202016640680888,1.737151842785716,1.7373608238176352,0.17647058823529413,0.0,0.0,0.8762584568578142,0.9082655809073246,1.177265023716059,1.1852879490563277,1.1854919990211223,444.6409864425659,1
radial,11,8,-120,-9.526279441628827,0.0,9.526279441628823,18.64056419291527,1.694596744810479,1.1050862662430267,59.35519259392925,0.7996386363004636,1.14565954695284,0.21723085251632876,8.833886989868586e-05,0.1877510709059826,4.328402317496742e-05,6.244539212788737e-05,612,0.8474956833526354,1.0362469383073545,1.7097939582319277,1.7657441983694333,1.7659583103069412,0.17647058823529413,0.0,0.0,0.875851553622032,0.9078798481013026,1.1786664088659666,1.1898897739446834,1.192204684460948,425.10571098327637,1
radial,11,9,-135,-7.778174593052023,-2.84700949612773,10.62518408917975,18.4436478329336,1.676695257539418,1.1056743203798864,44.359322718502476,0.7989768054375982,1.1423636185938237,0.21058196129106674,3.2077480879100975e-05,0.1859079306232872,4.3129802505968775e-05,6.326416766251227e-05,612,0.8536987002299093,1.0397214233076446,1.7125243323725232,1.7489512102877653,1.7492275403033022,0.17647058823529413,0.0,0.0,0.8769502489451352,0.9086998658787453,1.168400214682139,1.1721434427469193,1.17447256371971,444.7431197166443,1
radial,11,10,-150,-5.499999999999999,-5.500000000000003,11.0,18.43582539249608,1.6759841265905528,1.105037789007124,29.337470540641373,0.7995421411730312,1.1499504465495978,0.2168602790609359,3.3375673983995463e-05,0.18724760685650302,4.309296625445522e-05,6.397557458693485e-05,612,0.8511421529027078,1.0378576086621198,1.7233717222932168,1.77819924199565,1.77838242242499,0.17647058823529413,0.0,0.0,0.8765354949999834,0.90895838701625,1.1638350061920653,1.1714910642641665,1.174780174797303,444.3540713787079,1
radial,11,11,-165,-2.8470094961277312,-7.778174593052023,10.625184089179752,18.94087818116605,1.721898016469641,1.1052971270258003,14.341906167207828,0.7987122131265855,1.140414416033901,0.2106314604355491,1.9343651300337515e-05,0.18602757216356067,4.328965101263967e-05,6.360804614409166e-05,612,0.8506033638820377,1.0367257348490662,1.7199368601432117,1.7371482861679066,1.7372503774715138,0.17647058823529413,0.0,0.0,0.8744633391311468,0.9070270829514783,1.1731761417222044,1.18389543575377,1.184546189407855,431.0480008125305,1
radial,11,12,-180,-1.3471114790620886e-15,-9.526279441628827,9.52627944162883,18.55575095909223,1.6868864508265664,1.1049604928610668,-0.6616063422313394,0.7995544503481714,1.1457245463422594,0.21727199414014237,0.0001497286614508406,0.1878233022770102,4.32544548102499e-05,6.365567708195737e-05,612,0.847254092757242,1.0363153516420418,1.7097403939699674,1.765704619473687,1.7658232825558795,0.17647058823529413,0.0,0.0,0.8761808596753882,0.9084351597428514,1.1770688488140697,1.1921750465660401,1.1940814206137556,411.90548753738403,1
radial,12,0,0,0.0,10.392304845413264,-10.392304845413264,20.25134581380361,1.6876121511503008,1.104992840746763,179.27521160365242,0.799577800723198,1.14821695585895,0.21727165028833603,3.6322356034742563e-05,0.1877014222276811,4.325088148822097e-05,6.338720708246837e-05,612,0.8501848520290785,1.0384838999632762,1.7101710571114415,1.765942707328239,1.7661011659613277,0.17647058823529413,0.0,0.0,0.8759211720425507,0.9083984650035244,1.1780053290124552,1.1930834165763753,1.1942525999209723,417.8908488750458,1
radial,12,1,-15,-3.105828541230249,11.59110991546882,-8.485281374238571,20.14596260116948,1.6788302167641234,1.1057199431936247,164.3010785008005,0.7990132303018722,1.145235606712038,0.2106034181432671,3.813040214381169e-05,0.1859949168784933,4.3337858053949205e-05,6.263812244169368e-05,612,0.853261460875276,1.0406838072713558,1.716001192602234,1.7515055771942343,1.751718631606161,0.17647058823529413,0.0,0.0,0.8748415494137665,0.9069328780887337,1.1719930058917623,1.1779638837502542,1.1820808400697802,450.4743938446045,1
radial,12,2,-30,-5.999999999999999,12.0,-6.0000000000000036,20.1821813345312,1.6818484445442667,1.1051525179381876,149.29764706975547,0.799643714711737,1.1528583182708332,0.216972337778753,3.886456288271771e-05,0.18732114526383517,4.3026593608188975e-05,6.402248779116966e-05,612,0.8540063754188904,1.0400502535290925,1.725419550433522,1.7797068334582098,1.7798953981148313,0.17647058823529413,0.0,0.0,0.8754985249171786,0.9076388164855551,1.1636794212787231,1.171616486794661,1.174808815750082,445.6227078437805,1
radial,12,3,-45,-8.485281374238571,11.591109915468818,-3.1058285412302524,20.51148055250096,1.7092900460417466,1.1053112693185676,134.29039248076518,0.7987287717997055,1.1431951216746141,0.21067081553772923,3.6027667642361046e-05,0.18592707912064968,4.323089746176846e-05,6.318773847349305e-05,612,0.8514552593797527,1.0386054168143297,1.7204839204450373,1.7387622940813645,1.7390186214429186,0.17647058823529413,0.0,0.0,0.8773535709166623,0.9091206413590098,1.180843439635876,1.1867413728748646,1.189363211583201,424.55000615119934,1
radial,12,4,-60,-10.392304845413264,10.392304845413264,-1.4695761589768238e-15,20.17920448666026,1.6816003738883551,1.1049815671929561,119.28432602566518,0.7995588549705006,1.1481367256650905,0.2172065982991353,0.00010415813841004781,0.1876180474510356,4.328548543849083e-05,6.365332248648311e-05,612,0.8498122135960979,1.0382551783322382,1.7103468031425275,1.766039631413861,1.7662159500239794,0.17647058823529413,0.0,0.0,0.8760895640344109,0.9084812780774362,1.1776225706276786,1.1911213286476425,1.1972360889301479,479.9595305919647,1
radial,12,5,-75,-11.59110991546882,8.485281374238568,3.1058285412302444,20.0614340805052,1.6717861733754333,1.1054634518280992,104.30826756279156,0.7988181162719858,1.145501615040557,0.2105427751847648,7.404975492298367e-05,0.18582020330027788,4.343069575410523e-05,6.348750459824228e-05,612,0.8528213980711864,1.040360218125824,1.7159048398053909,1.7514340730503757,1.7516771749615252,0.17647058823529413,0.0,0.0,0.8740573790442059,0.9063882264372841,1.1682819157126714,1.1744499654351026,1.182270331851358,453.21337389945984,1
radial,12,6,-90,-12.0,5.999999999999998,5.9999999999999964,20.200499052553,1.6833749210460833,1.105394225745606,89.28474085799327,0.7998026554254499,1.1528834708750193,0.21687607744688683,8.808490195873234e-05,0.18736507954544343,4.3287051647104956e-05,6.237773842884683e-05,612,0.854027948539504,1.0400504429910962,1.7253432067063976,1.7796945118989214,1.7802062613612437,0.17647058823529413,0.0,0.0,0.8774074093621866,0.9096516511530618,1.1641081155383346,1.173376386899053,1.1778942817530116,422.14546513557434,1
radial,12,7,-105,-11.59110991546882,3.1058285412302453,8.48528137423857,20.66647533301369,1.7222062777511409,1.1054677597343319,74.28249282278594,0.798852884567038,1.145430159864652,0.21073923119425955,9.10026704154492e-05,0.1861863745396835,4.319438213220998e-05,6.240008139841675e-05,612,0.8515683711479676,1.0383587788033282,1.7204659659773167,1.7386867862007749,1.7388974833301425,0.17647058823529413,0.0,0.0,0.8762686982318201,0.908278747187618,1.1785189193975991,1.186544218761305,1.187127987072261,446.3623425960541,1
radial,12,8,-120,-10.392304845413264,0.0,10.392304845413262,20.31609570008385,1.6930079750069875,1.1051731024496685,59.29683900295076,0.7997122819437363,1.148162630040645,0.21729601288122963,8.847676332992539e-05,0.1877531884153901,4.330726233367959e-05,6.24747311420735e-05,612,0.8502624081699608,1.038319374392883,1.7103470093697517,1.7660579395199834,1.7662713280413045,0.17647058823529413,0.0,0.0,0.8759084958091639,0.9079498910260115,1.178840420017157,1.1911553996680644,1.1934708459162358,415.03268814086914,1
radial,12,9,-135,-8.485281374238571,-3.1058285412302507,11.59110991546882,20.06238226264821,1.6718651885540174,1.1057098639687726,44.302675469096144,0.7990154025922028,1.1452211612001453,0.2106620952672808,3.225632679001517e-05,0.18593689805671887,4.31338967207339e-05,6.332346285255293e-05,612,0.854175348104454,1.041209218874856,1.7159601496676162,1.7515047679869213,1.7517825036245822,0.17647058823529413,0.0,0.0,0.8769705631793597,0.9087203388090483,1.168542883921548,1.1735283172355169,1.1758453476210164,443.1033272743225,1
radial,12,10,-150,-5.999999999999999,-6.000000000000003,12.0,20.11457181793441,1.676214318161201,1.105134891221325,29.279033047883008,0.7996192923348328,1.1527982691784149,0.21690189907821594,3.326507619285097e-05,0.187217997700479,4.310003564694341e-05,6.400087070751032e-05,612,0.8541524546343052,1.0400126152522915,1.7251355585054475,1.7796186425110396,1.7798025452952044,0.17647058823529413,0.0,0.0,0.8765936262380472,0.9090138322582213,1.162699918656928,1.1732115431478483,1.1764424334120587,463.0997700691223,1
radial,12,11,-165,-3.1058285412302524,-8.485281374238571,11.59110991546882,20.58669570599138,1.7155579754992818,1.1053054865817227,14.284643905646202,0.7987327422488362,1.143121752245892,0.21072138237611054,1.863566302161335e-05,0.18607507115126626,4.329448717120653e-05,6.363439481224593e-05,612,0.8508336190353432,1.0379326612196937,1.720202279466486,1.7386871297720887,1.7387863769386953,0.17647058823529413,0.0,0.0,0.8744624578704717,0.9070289786283099,1.1744737081132286,1.1856683520114366,1.1860843471639109,425.489497423172,1
radial,12,12,-180,-1.4695761589768238e-15,-10.392304845413264,10.392304845413268,20.231010003002,1.6859175002501667,1.1050474180972152,-0.7199710264901639,0.7996281034639866,1.1482267097856789,0.21733680371598252,0.00015000201059589652,0.1878256217848072,4.327781795427363e-05,6.360598250791887e-05,612,0.8500057613042161,1.038377984374704,1.7102935055966646,1.766018321893406,1.7661386218675013,0.17647058823529413,0.0,0.0,0.8762441351017013,0.9085110932161016,1.177252543635601,1.1934427941475687,1.1953582185740286,401.62376499176025,1
radial,13,0,0,0.0,11.258330249197703,-11.258330249197703,21.92044310351439,1.6861879310395684,1.1050760825861394,179.21706175961887,0.7996504065014799,1.1506859864849441,0.21734620775538097,3.6560881530255506e-05,0.18770646769778107,4.3273990928722335e-05,6.347934041264936e-05,612,0.8529326671383975,1.0406156478156052,1.7107153176031682,1.7662531992418566,1.7664129485121285,0.17647058823529413,0.0,0.0,0.875984840922103,0.9084751263177294,1.1781934899516082,1.1943323333959615,1.1954955389373052,415.77110528945923,1
radial,13,1,-15,-3.3646475863327696,12.557035741757888,-9.19238815542512,21.75601854030816,1.6735398877160121,1.1057504224118622,164.2447388947709,0.7990495152612532,1.1480751630247579,0.21069189960238233,3.806429171377811e-05,0.18602670625564044,4.334229033925016e-05,6.267742645381364e-05,612,0.8536942685039524,1.0422089514686455,1.7193697861739634,1.7540215230459273,1.7542380643304878,0.17647058823529413,0.0,0.0,0.8748614345772596,0.9069538903882,1.1728714290163,1.1792646238211684,1.1829825992425795,441.0344605445862,1
radial,13,2,-30,-6.499999999999999,13.0,-6.500000000000004,21.85434217489677,1.6811032442228286,1.10524506723698,149.23942759079816,0.7997192096466272,1.1556594490099936,0.21702380626118628,3.891685358999348e-05,0.18729455418682753,4.303492952027573e-05,6.409186942471733e-05,612,0.8570186493739843,1.0422709988256156,1.72716390107769,1.7811164672353414,1.781305872661402,0.17647058823529413,0.0,0.0,0.8755450229964077,0.9076845791394246,1.1625236635169416,1.17328659800159,1.1764988309736368,444.5807764530182,1
radial,13,3,-45,-9.19238815542512,12.557035741757886,-3.364647586332773,22.14709460569137,1.7036226619762591,1.1053127929731292,134.23344753428637,0.7987462268127649,1.145885246066668,0.21077229504629624,3.601565531357767e-05,0.18597970991028548,4.323710565297091e-05,6.311390123241112e-05,612,0.851645687443101,1.0398546649570204,1.7207501586210099,1.7402746035616452,1.7405280327066515,0.17647058823529413,0.0,0.0,0.877350080252932,0.9091215307084691,1.1820490612340764,1.1885179135916142,1.1911177899578118,420.24677085876465,1
radial,13,4,-60,-11.258330249197702,11.258330249197702,-1.592040838891559e-15,21.84786484374875,1.680604987980673,1.1050644208023521,119.22618790805299,0.7996310958628969,1.1506047983427605,0.2172806766520561,0.00010449059613559913,0.1876233817868939,4.331055426678772e-05,6.376540750435656e-05,612,0.8525496684622746,1.0403906853380884,1.7108908820780675,1.766350065930858,1.766525783934197,0.17647058823529413,0.0,0.0,0.876147132506705,0.9085497078115995,1.1777902465599417,1.1923745701132258,1.1984710656730837,470.1820888519287,1
radial,13,5,-75,-12.557035741757888,9.192388155425116,3.3646475863327647,21.67181807954492,1.667062929195763,1.105493640871124,104.25191812454997,0.7988544643717879,1.1483462639435769,0.21063299654522,7.33258320089812e-05,0.18585263294971577,4.3435903391640927e-05,6.351091001600204e-05,612,0.8532582848701087,1.0418910063884932,1.719272538330369,1.7539513591473634,1.7541957251868416,0.17647058823529413,0.0,0.0,0.8740763720306819,0.9064080850143111,1.1696780253839962,1.1758665682585032,1.1831706395894095,477.100967168808,1
radial,13,6,-90,-13.0,6.499999999999998,6.4999999999999964,21.87258934899703,1.6825068729997714,1.1054862392524447,89.22650915697416,0.799877840735062,1.1556835000545922,0.21692803551333545,8.819213066209137e-05,0.18733924063773735,4.3295109430951095e-05,6.243257028380416e-05,612,0.8570461964247048,1.0422657214293112,1.7270850929861667,1.7811043655027694,1.7816151380591518,0.17647058823529413,0.0,0.0,0.877450151077179,0.909694008840289,1.1629746929288802,1.1750414610205564,1.179578702739119,424.8442771434784,1
radial,13,7,-105,-12.557035741757888,3.364647586332766,9.192388155425117,22.30285339968811,1.7156041076683162,1.10546988157924,74.22556964811473,0.7988704641734466,1.1468786634398866,0.21083875714813854,8.928658584352355e-05,0.1862380700541404,4.319957466654354e-05,6.232647912781945e-05,612,0.851768026107448,1.0396073357326845,1.7207318721560165,1.7401954065264542,1.740407667392397,0.17647058823529413,0.0,0.0,0.8762760552743024,0.908289667757017,1.17976693881041,1.18777223057486,1.1888540937042078,440.98766446113586,1
radial,13,8,-120,-11.258330249197703,0.0,11.2583302491977,21.98526012883604,1.6911738560643106,1.105256528140127,59.238699676857074,0.7997850185311135,1.1506327070400524,0.21737053490878927,8.861393347202719e-05,0.18775777177369227,4.333107185652952e-05,6.2535929171782e-05,612,0.8530277590191677,1.0404642693531077,1.7108906985586227,1.7663683068086793,1.7665810026937105,0.17647058823529413,0.0,0.0,0.8759643276888598,0.9080194129201724,1.1790186286151925,1.1924042179575254,1.1947205478478604,416.4400522708893,1
radial,13,9,-135,-9.19238815542512,-3.364647586332772,12.557035741757888,21.67217548474349,1.6670904219033456,1.105739407549447,44.24631122009352,0.7990512351564254,1.1480599888438814,0.21075193990144284,3.243570952397915e-05,0.1859697137724097,4.313777984181733e-05,6.338251002205433e-05,612,0.8546027814747307,1.0427352506245842,1.719331901274539,1.7540224776007307,1.754301556605677,0.17647058823529413,0.0,0.0,0.8769877916586428,0.9087377265653152,1.1688396712942388,1.1749537770031577,1.1772618436245181,434.0774447917938,1
radial,13,10,-150,-6.499999999999999,-6.500000000000003,13.0,21.78683880379515,1.6759106772150114,1.105227042664693,29.220828000870874,0.7996945197425008,1.15559809616074,0.21695351300107005,3.3154710977484976e-05,0.18719166149823274,4.3107717347174784e-05,6.402795165329569e-05,612,0.8571304669323534,1.0422211173536662,1.7268808672148896,1.7810286663522283,1.781213357981572,0.17647058823529413,0.0,0.0,0.8766497764606325,0.9090678474112458,1.1615656782748829,1.1749134618645112,1.1780958484281887,502.72984170913696,1
radial,13,11,-165,-3.364647586332773,-9.19238815542512,12.55703574175789,22.22266310389265,1.7094356233763577,1.1053075966727057,14.227690937640952,0.7987503743118616,1.1458137861185846,0.21082130881563468,1.7928667179952946e-05,0.18612688118285609,4.329957998832212e-05,6.366221953350754e-05,612,0.851018869236381,1.0391788612854023,1.7204691752788084,1.740199442966069,1.7402961203582878,0.17647058823529413,0.0,0.0,0.8744587758998733,0.9070286604046094,1.1757317218150232,1.1871342783722731,1.187871403275927,438.39430379867554,1
radial,13,12,-180,-1.592040838891559e-15,-11.258330249197703,11.258330249197707,21.89992509701256,1.68460962284712,1.1051309441466814,-0.7781222423509867,0.7997008559500504,1.1506958311016735,0.21741097609765447,0.00015027470302832267,0.18783040856305658,4.330175197313181e-05,6.35566704997536e-05,612,0.8527562923445241,1.0405130597015066,1.7108372724191943,1.766328671514505,1.7664505391956198,0.17647058823529413,0.0,0.0,0.8763063589461456,0.9085865010952437,1.1774404979100963,1.1946939822909508,1.196618282151391,402.6699118614197,1
radial,14,0,0,0.0,12.124355652982143,-12.124355652982143,23.58193395800065,1.6844238541429035,1.1051556011625838,179.15916902706917,0.7997219002890738,1.1531162607687397,0.2174302595136782,3.679967337836742e-05,0.18771437745761932,4.329764854855997e-05,6.356999581058124e-05,612,0.855679884197267,1.0428131640990475,1.7112519386037066,1.7665609808698863,1.7667220492717037,0.17647058823529413,0.0,0.0,0.8760473419354388,0.9085511382169854,1.1783928310975147,1.195565198273475,1.1967221273330566,416.34801864624023,1
radial,14,1,-15,-3.6234666314352904,13.522961568046956,-9.899494936611665,23.35768523096161,1.6684060879258293,1.1057753996372952,164.1886650986798,0.7990833517247378,1.1508951905844151,0.2107898122591836,3.79977399798232e-05,0.18606201818981827,4.334660482056465e-05,6.271589525175666e-05,612,0.854080269480745,1.0437766254167458,1.722678711564895,1.756503500372642,1.7567235402017611,0.17647058823529413,0.0,0.0,0.8748787063895936,0.9069724566745015,1.1737807565726257,1.180595945177557,1.1839149177641173,440.9798390865326,1
radial,14,2,-30,-6.999999999999999,14.0,-7.000000000000004,23.51801374192917,1.6798581244235122,1.105331986457121,149.1815095878273,0.7997923251427215,1.1584033054157066,0.21708547334010603,3.897323380716283e-05,0.18727188689360505,4.3043777228250056e-05,6.416003152861987e-05,612,0.8599908648792072,1.044533508090985,1.7288921412544713,1.782517689846546,1.7827078198333286,0.17647058823529413,0.0,0.0,0.8755892007541083,0.9077284905642605,1.1613441810675087,1.1749335702983503,1.178167943367948,459.1860568523407,1
radial,14,3,-45,-9.899494936611665,13.522961568046956,-3.6234666314352943,23.77355644176244,1.6981111744116029,1.1053086738030358,134.17678860986243,0.7987611713340962,1.1485598345009824,0.21088344624574135,3.6006126198176035e-05,0.18603624349490594,4.324360856081483e-05,6.303973258514044e-05,612,0.8517943410220892,1.0411477545187644,1.7210178624949872,1.7417623272473555,1.7420129400704505,0.17647058823529413,0.0,0.0,0.8773440469968792,0.90912036319248,1.1833266033425722,1.1902547572713316,1.1928335924892666,427.10644125938416,1
radial,14,4,-60,-12.12435565298214,12.12435565298214,-1.7145055188062944e-15,23.50892480112636,1.6792089143661684,1.1051435586162486,119.16830717032833,0.7997022293486915,1.1530341997763092,0.21736424743264762,0.00010482378387683552,0.18763157790549673,4.3336171500848496e-05,6.387806256513321e-05,612,0.8552852848318432,1.0425921104720677,1.7114273721001672,1.766657768389854,1.7668329380763061,0.17647058823529413,0.0,0.0,0.8762035300453829,0.9086175141685267,1.177968991031867,1.1936116807942898,1.1996897552129673,490.98405361175537,1
radial,14,5,-75,-13.522961568046956,9.899494936611664,3.623466631435285,23.27382343786262,1.66241595984733,1.1055183407167612,104.19583424407465,0.798888369192408,1.151171538109077,0.21073262700730377,7.26103790544323e-05,0.18588857169646578,4.3441042554535965e-05,6.355021969990433e-05,612,0.853650158860038,1.0434650860558141,1.722580511519842,1.7564346846132435,1.75668024158982,0.17647058823529413,0.0,0.0,0.8740926349527194,0.9064253199965557,1.1699399609132195,1.1773138231832394,1.1841007576300122,455.5165710449219,1
radial,14,6,-90,-14.0,6.999999999999997,6.9999999999999964,23.53622587977786,1.6811589914127043,1.1055726268408785,89.16857752785266,0.7999506541667023,1.1584261567454675,0.21699022094342738,8.829649999699727e-05,0.18731733601619394,4.330368545983231e-05,6.248595676436546e-05,612,0.8600257693913959,1.0445231640523744,1.7288107397291115,1.7825056546929925,1.783015467303963,0.17647058823529413,0.0,0.0,0.877490498399587,0.9097344295642323,1.1618631088300966,1.1766826972605895,1.181240487021126,426.2806828022003,1
radial,14,7,-105,-13.522961568046956,3.6234666314352864,9.899494936611664,23.93004871240147,1.709289193742962,1.1054663439350985,74.1689340037489,0.7988855204205166,1.148568541318814,0.21094794746581097,8.7577340559145e-05,0.18629368179289008,4.320507659471156e-05,6.225265332076016e-05,612,0.8519248029455698,1.0408995727039203,1.7209992362445834,1.741679591659988,1.7418932752404654,0.17647058823529413,0.0,0.0,0.8762808835776282,0.9082987402491428,1.1814529037584423,1.189478335976279,1.1905411355572446,442.6902279853821,1
radial,14,8,-120,-12.124355652982143,0.0,12.124355652982139,23.64680773617744,1.6890576954412457,1.105336213337055,59.18081788829047,0.7998566314884288,1.1530640116898998,0.21745455373736375,8.875150914200562e-05,0.1877652271773474,4.335542803736408e-05,6.264599139305408e-05,612,0.8557921763988576,1.0426748754563382,1.7114277257527268,1.76667599427711,1.7668880013002872,0.17647058823529413,0.0,0.0,0.8760188766953064,0.9080882326598148,1.1792078737999618,1.1936365984810446,1.1959539200553917,408.22593092918396,1
radial,14,9,-135,-9.899494936611665,-3.6234666314352926,13.522961568046956,23.27360568833087,1.662400406309348,1.1057634658784836,44.19021166446877,0.7990846317613735,1.1508794150290484,0.21085121520261854,3.2616410378535015e-05,0.1860060355681876,4.314155957508366e-05,6.344147025833305e-05,612,0.8549833488024288,1.0443035856547633,1.7226437415675566,1.7565062036500834,1.7567865261388256,0.17647058823529413,0.0,0.0,0.8770022112716711,0.9087523847596547,1.1695759860504473,1.176403116731393,1.1786979007454403,423.3847644329071,1
radial,14,10,-150,-6.999999999999999,-7.0000000000000036,14.0,23.4506404931417,1.6750457495101216,1.1053135810794448,29.162923820988162,0.7997673820805392,1.1583407692756265,0.21701534069170633,3.3045252002218544e-05,0.18716926587435687,4.311590795337929e-05,6.405681213042638e-05,612,0.8600673621715912,1.0444715817263655,1.728609978288232,1.782430144179394,1.7826156225396623,0.17647058823529413,0.0,0.0,0.87670352306195,0.9091199798202656,1.1603769033622466,1.1765950183228195,1.1797224035817482,489.000853061676,1
radial,14,11,-165,-3.6234666314352943,-9.899494936611665,13.522961568046957,23.84946472862766,1.7035331949019756,1.1053040559610239,14.171025255117414,0.7987654910539577,1.1484902082665702,0.21093091226670996,1.7224236118760913e-05,0.18618259894725167,4.330500359491764e-05,6.369141915562373e-05,612,0.8511633392866763,1.0404692417047483,1.7207374999761604,1.7416871524945818,1.7417815102443017,0.17647058823529413,0.0,0.0,0.8744526200975473,0.9070265116250807,1.1770325904095336,1.1888308643485743,1.1896145621769194,438.2901256084442,1
radial,14,12,-180,-1.7145055188062944e-15,-12.124355652982143,12.124355652982146,23.56123316880399,1.6829452263431421,1.105210748826235,-0.8360162335791199,0.7997724979113106,1.1531262006459673,0.21749464067571142,0.00015054488777046732,0.1878380607414773,4.332623312484701e-05,6.355559571303398e-05,612,0.8555062799051576,1.042713907695678,1.7113734344585558,1.7666363377195788,1.766759798943024,0.17647058823529413,0.0,0.0,0.87636736380892,0.9086611982543599,1.1776395758028955,1.195928878079204,1.1978619133405402,401.8656542301178,1
radial,15,0,0,0.0,12.99038105676658,-12.99038105676658,25.23426031365553,1.6822840209103687,1.1052309887030145,179.1015874198771,0.7997920155586817,1.1555008902306148,0.21752396574828162,3.703809118327218e-05,0.187725647077803,4.332183221588553e-05,6.365867283437893e-05,612,0.8584256149529961,1.045068127089276,1.7117830295279188,1.7668668361021636,1.7670292633835845,0.17647058823529413,0.0,0.0,0.8761084814142575,0.9086262943568195,1.1786116434599887,1.1967828842654764,1.197933113377418,422.05929827690125,1
radial,15,1,-15,-3.882285676537811,14.488887394336025,-10.606601717798213,24.95143293953918,1.6634288626359455,1.1057953104495084,164.13284219348589,0.7991150165436794,1.1536946869103433,0.21089690931636398,3.793175910791456e-05,0.18610056515986,4.3350890242194324e-05,6.275369599502874e-05,612,0.8544241086906804,1.045391008867316,1.7259316709094468,1.7589530555406094,1.759176507014623,0.17647058823529413,0.0,0.0,0.8748936124712247,0.9069888744500455,1.1747177598763627,1.1819541597338425,1.1848739967502735,449.1199884414673,1
radial,15,2,-30,-7.499999999999999,15.0,-7.500000000000005,25.17067715369938,1.6780451435799586,1.1054124365137967,149.1239799979171,0.7998624998960763,1.1610780464970802,0.21715760565056882,3.903281305276024e-05,0.18725399266876683,4.3052978842747336e-05,6.422560897613702e-05,612,0.8629105656615595,1.046822979400807,1.7306065239698591,1.7839111982721483,1.7841021911209822,0.17647058823529413,0.0,0.0,0.8756305735357781,0.9077700043174021,1.160144358312206,1.1765470187795881,1.1797994887911598,459.9733371734619,1
radial,15,3,-45,-10.606601717798213,14.488887394336023,-3.882285676537815,25.39141826958821,1.6927612179725473,1.105299421355159,134.1203982343889,0.798773929328978,1.1512183856139584,0.211003981946022,3.5998394615821224e-05,0.18609633771017794,4.325047130531485e-05,6.29652597154312e-05,612,0.8519025013390262,1.0424883842931183,1.721286905765982,1.7432272359959682,1.7434751331423883,0.17647058823529413,0.0,0.0,0.8773357708389666,0.9091174950910086,1.1850211422888324,1.1919557771690268,1.1945137393220542,421.11723160743713,1
radial,15,4,-60,-12.990381056766578,12.990381056766578,-1.83697019872103e-15,25.16083182641673,1.6773887884277818,1.1052185590187311,119.11073736835353,0.7997719781558504,1.1554179739488197,0.2174574665344536,0.00010515510544125296,0.18764312769280628,4.3362307398923064e-05,6.399149764579825e-05,612,0.8580181381379058,1.0448510395602684,1.7119583313191684,1.7669635975401758,1.7671381835663418,0.17647058823529413,0.0,0.0,0.8762585244993286,0.9086844566557736,1.178167131719189,1.1948331589651946,1.2008925463409814,470.6745455265045,1
radial,15,5,-75,-14.488887394336025,10.60660171779821,3.8822856765378053,24.86789834932644,1.6578598899550958,1.1055379777893821,104.14000187007906,0.7989201033067899,1.1539763289779486,0.2108414340129156,7.190410130667405e-05,0.18592774973688309,4.344620075333908e-05,6.358901782606456e-05,612,0.8540013132059256,1.0450863748088282,1.7258326359901892,1.7588856842777305,1.7591323156225305,0.17647058823529413,0.0,0.0,0.8741064400978792,0.9064402659639219,1.1695033499313685,1.1787958235173153,1.1850457160785404,426.8096458911896,1
radial,15,6,-90,-15.0,7.499999999999997,7.499999999999996,25.18889967913347,1.679259978608898,1.1056525517265436,89.11103249008966,0.800020535770188,1.1610996917827445,0.2170628983995686,8.83977013755655e-05,0.1873002085776083,4.331262455687456e-05,6.253679977014507e-05,612,0.8629543124750995,1.0468080328006464,1.7305227034272774,1.78389956286976,1.7844081179936129,0.17647058823529413,0.0,0.0,0.8775279691323609,0.9097723633126293,1.1607864850727003,1.1782873436570915,1.1828667425481476,428.74211263656616,1
radial,15,7,-105,-14.488887394336025,3.882285676537807,10.606601717798211,25.54862020295502,1.703241346863668,1.105457657235082,74.11256812056266,0.798898379114769,1.1512276307700666,0.2110665227163683,8.587573575565201e-05,0.1863528749213421,4.321095405124617e-05,6.217862091865945e-05,612,0.8520408286559192,1.0422393146554085,1.721267997004703,1.7431410512139545,1.7433560606488796,0.17647058823529413,0.0,0.0,0.876283478833396,0.9083063024714874,1.183106188433132,1.1911954332548178,1.1921890662558254,428.06620955467224,1
radial,15,8,-120,-12.99038105676658,0.0,12.990381056766577,25.29918709355873,1.6866124729039151,1.1054117437451136,59.123247396050964,0.7999268504282124,1.155449630568314,0.2175482346896826,8.888875179123835e-05,0.1877760556354403,4.338030594937532e-05,6.275712418717675e-05,612,0.8585547355118444,1.0449428092127755,1.7119593058514606,1.7669818396330694,1.7671931644017445,0.17647058823529413,0.0,0.0,0.8760719296361636,0.9081561299351234,1.179416319400997,1.1948532132361895,1.1971716260398537,414.16278553009033,1
radial,15,9,-135,-10.606601717798213,-3.8822856765378138,14.488887394336025,24.86712691046719,1.6578084606978125,1.1057824712656599,44.13436252865431,0.7991158689693005,1.1536783253699385,0.21095968713177737,3.27979300124407e-05,0.18604559467183834,4.31453240086967e-05,6.350042872372804e-05,612,0.8553214603586926,1.0459181513849114,1.7258989240353553,1.7589575742552856,1.759239072822825,0.17647058823529413,0.0,0.0,0.8770141050430719,0.9087646544094049,1.1710097984964796,1.1778798969633835,1.1801611734275597,442.2414267063141,1
radial,15,10,-150,-7.499999999999999,-7.5000000000000036,15.0,25.10345820411294,1.673563880274196,1.105393659962491,29.105407228547,0.7998373117031291,1.1610145676727024,0.21708764291652335,3.2936639726560826e-05,0.18715165367574557,4.3124455431643376e-05,6.408753521849604e-05,612,0.8629512809071977,1.0467492769127644,1.7303255006590534,1.7838239745433808,1.7840103006593946,0.17647058823529413,0.0,0.0,0.8767542995983997,0.9091696176586846,1.159307845848292,1.1782400001597446,1.1813134718873528,496.30626130104065,1
radial,15,11,-165,-3.882285676537815,-10.606601717798213,14.488887394336027,25.46765744231594,1.6978438294877294,1.1052953736139723,14.114629126296137,0.7987784169895368,1.1511505771935482,0.21104991083899263,1.6522808425803357e-05,0.18624188920230147,4.331082148935939e-05,6.372185236490772e-05,612,0.8512689530703723,1.0418075678559304,1.721007199926268,1.743152002467809,1.7432442718056724,0.17647058823529413,0.0,0.0,0.874444285014235,0.9070228747067939,1.178695126915754,1.1904918432097384,1.191321226575035,434.4177768230438,1
radial,15,12,-180,-1.83697019872103e-15,-12.99038105676658,12.990381056766585,25.21337191327732,1.6808914608851546,1.1052864210443276,-0.893598920369283,0.7998427601938831,1.1555109006298823,0.21758795628979183,0.00015081344768734295,0.18784907096729747,4.335123755721942e-05,6.36466171186087e-05,612,0.8582548564234328,1.0449722051767152,1.711904087778785,1.7669420620022123,1.767067047077925,0.17647058823529413,0.0,0.0,0.8764269398715252,0.9087349565459351,1.1778582795320718,1.1971482335645722,1.199089628218013,396.69982075691223,1
radial,16,0,0,0.0,13.85640646055102,-13.85640646055102,26.87549115782262,1.6797181973639137,1.1053016942446514,179.04438325675108,0.7998603897285316,1.1578312299654967,0.21762753099183377,3.727873274722507e-05,0.18774089741246053,4.334650233957859e-05,6.374469652913751e-05,612,0.8611648308786639,1.047369804241319,1.7123109921232116,1.7671716508874706,1.7673354357541133,0.17647058823529413,0.0,0.0,0.8761679870223571,0.9087002965317481,1.1788597297720214,1.1979852143324232,1.1991291024467625,432.2218005657196,1
radial,16,1,-15,-4.141104721640332,15.454813220625093,-11.313708498984761,26.53763294180062,1.6586020588625388,1.1058105031800687,164.07725841853238,0.7991447345452405,1.1564725104980829,0.211013011709859,3.786640187715181e-05,0.18614215320217298,4.335522672755643e-05,6.282117731712405e-05,612,0.8547407275675406,1.047055851245844,1.7291320122718392,1.7613717967982063,1.7615985807662955,0.17647058823529413,0.0,0.0,0.8749063611660506,0.9070033992129419,1.1756802253402752,1.1833365924113306,1.1858571616239058,450.1326141357422,1
radial,16,2,-30,-7.999999999999999,16.0,-8.000000000000005,26.80951706110939,1.6755948163193368,1.1054854784109327,149.06693606921948,0.7999290969792833,1.163671050799637,0.2172404485051532,3.9095450806260564e-05,0.18724180202268004,4.306233083229829e-05,6.428717940703777e-05,612,0.8657629195319694,1.0491221325320133,1.7323098995279418,1.7852979967216582,1.7854899254518022,0.17647058823529413,0.0,0.0,0.875668587243752,0.9078084844578136,1.1589227153945063,1.1781141324341944,1.1813808712289489,456.7684392929077,1
radial,16,3,-45,-11.313708498984761,15.454813220625091,-4.141104721640336,27.00106855813043,1.687566784883152,1.1052854709929196,134.06426428875565,0.7987847788676634,1.1538601742815797,0.21113366220458443,3.599295243564332e-05,0.18615972241050147,4.3257750566018526e-05,6.289049909392423e-05,612,0.8519738589190817,1.0438800664083798,1.7215572657700802,1.7446705003307141,1.7449160478802312,0.20588235294117646,0.0,0.0,0.8773255147458141,0.9091132370480103,1.186564717931998,1.1936235566546545,1.196160830488228,422.8611340522766,1
radial,16,4,-60,-13.856406460551018,13.856406460551018,-1.959434878635765e-15,26.80164499403661,1.6751028121272882,1.1052888734282356,119.05354537037803,0.7998399825910002,1.1577474665752034,0.21756054560944088,0.00010548667057283418,0.18765866578633708,4.338893722028462e-05,6.410599623567715e-05,612,0.8607437070859153,1.0471568194284984,1.7124860913728994,1.7672683323199405,1.7674423623303193,0.17647058823529413,0.0,0.0,0.876311821902623,0.9087502384295361,1.1783946339447342,1.1960399552964849,1.2020809864251902,454.1240768432617,1
radial,16,5,-75,-15.454813220625093,11.313708498984758,4.141104721640326,26.45442052875636,1.6534012830472724,1.1055529039777277,104.08440905274541,0.7989498934385482,1.1567595493859488,0.21095923408137565,7.121067078092145e-05,0.18596996798994678,4.345145443973868e-05,6.36266972227174e-05,612,0.8543239942797427,1.0467583462095584,1.7290654554232867,1.7613059346723114,1.7615535116931662,0.17647058823529413,0.0,0.0,0.8741179682201113,0.9064531397085167,1.1690606602113418,1.180287025410007,1.186041200179331,452.1642529964447,1
radial,16,6,-90,-16.0,7.999999999999997,7.999999999999996,26.8278026432919,1.6767376652057437,1.1057250861758599,89.05397095632443,0.8000868565723235,1.1636915938182906,0.21714631190045983,8.849493580221078e-05,0.18728878568317994,4.3321728115979504e-05,6.258385044617924e-05,612,0.8658169194817131,1.0491032083873255,1.732223825992466,1.7852881391893336,1.785794063414475,0.17647058823529413,0.0,0.0,0.8775620170254398,0.9098071732840975,1.15975667445307,1.1798396767229702,1.184441232511765,427.9744827747345,1
radial,16,7,-105,-15.454813220625093,4.141104721640327,11.31370849898476,27.15898543483935,1.6974365896774595,1.1054442625310117,74.05645897993826,0.7989093210695966,1.1538698988713243,0.211194234776339,8.418327408382069e-05,0.18641536386409047,4.321726415088419e-05,6.210436634229469e-05,612,0.8521202964269404,1.0436302528806038,1.7215381007530328,1.744582992956065,1.7447975267468756,0.20588235294117646,0.0,0.0,0.8762841235141571,0.908312664187462,1.184722823515092,1.1928771864759364,1.1938071595832664,443.2361443042755,1
radial,16,8,-120,-13.85640646055102,0.0,13.856406460551016,26.9404238444514,1.6837764902782124,1.1054825865476452,59.06605630575436,0.7999953238485646,1.1577809882555659,0.21765176990569068,8.90258084020246e-05,0.1877908681902947,4.340567130815833e-05,6.286974242702299e-05,612,0.8613106712781247,1.0472574614251968,1.7124877986410463,1.7672866124057762,1.7674972700675937,0.17647058823529413,0.0,0.0,0.8761232083699888,0.9082228145202997,1.1796546218437185,1.1960546337594737,1.1983744105658583,439.3033022880554,1
radial,16,9,-135,-11.313708498984761,-4.1411047216403345,15.454813220625093,26.45310186603171,1.6533188666269818,1.105796775249355,44.07875241863695,0.7991451732520132,1.1564555979307578,0.2110771723358468,3.298060834824083e-05,0.18608819351735004,4.314915320192113e-05,6.355947405201137e-05,612,0.8556293817013588,1.04758243402594,1.729097881741858,1.761378160895141,1.7616608097772108,0.17647058823529413,0.0,0.0,0.8770236949865708,0.9087748137682246,1.17128915694204,1.179381383189952,1.1816486617332316,442.18635630607605,1
radial,16,10,-150,-7.999999999999999,-8.000000000000004,16.0,26.74247810540507,1.6714048815878169,1.1054663414591348,29.04837529100196,0.7999036714546026,1.1636069274392156,0.21717065863122118,3.2828030675704955e-05,0.18713975129932464,4.3133165352657695e-05,6.41201153558095e-05,612,0.8657680256236213,1.0490370691581692,1.7320302016452196,1.7852111441266114,1.7853983487170184,0.17647058823529413,0.0,0.0,0.8768014670777629,0.9092160554235793,1.1582876996109972,1.1798338634391219,1.1828556873288498,497.5420198440552,1
radial,16,11,-165,-4.141104721640336,-11.313708498984761,15.454813220625095,27.0776598002374,1.6923537375148374,1.1052819895154546,14.058489477451657,0.7987894318778891,1.153794265322123,0.21117805499522904,1.5826259940868327e-05,0.18630446695145422,4.331709059438237e-05,6.375345166173767e-05,612,0.8513392651813237,1.0431974146881826,1.7212782917530387,1.744592558512071,1.7446859045887075,0.20588235294117646,0.0,0.0,0.8744339967808595,0.9070180230465945,1.1803370895091483,1.1921341671565804,1.1929806796112719,426.800635099411,1
radial,16,12,-180,-1.959434878635765e-15,-13.85640646055102,13.856406460551025,26.854414453388,1.67840090333675,1.1053574051654689,-0.9508039680271277,0.7999112779950139,1.1578413242506644,0.2176911344598759,0.0001510766088730687,0.18786406794933252,4.337672341536656e-05,6.373501224320596e-05,612,0.860996913677779,1.047277136238712,1.7124315021019172,1.767246762772749,1.7673734384609974,0.17647058823529413,0.0,0.0,0.8764847987235138,0.9088074570955498,1.1781065353907478,1.1983523079980332,1.2003019195084499,414.8471300601959,1
radial,17,0,0,0.0,14.722431864335459,-14.722431864335459,28.5034232168674,1.6766719539333765,1.1053670757698675,178.98763264000758,0.7999265978850375,1.1600975551949395,0.21774117995855005,3.751782774128971e-05,0.18776083972389074,4.337162453398429e-05,6.382739199899323e-05,612,0.8638875886485653,1.0497055436303855,1.7128384545944004,1.7674762921243419,1.767641438399471,0.17647058823529413,0.0,0.0,0.8762255480977068,0.9087728128329741,1.1791485156894632,1.1991732370677166,1.2003112445084905,425.8283188343048,1
radial,17,1,-15,-4.399923766742853,16.42073904691416,-12.020815280171309,28.1165261365966,1.6539133021527412,1.1058212860663001,164.02190627208785,0.7991727040073457,1.1592276852393744,0.21113795476130282,3.780186760687976e-05,0.18618661675458975,4.335968548921777e-05,6.291312612753113e-05,612,0.855026361131394,1.0487719187992364,1.7323218971074323,1.763761152551276,1.7639911873434524,0.17647058823529413,0.0,0.0,0.8749171383019272,0.9070162579959303,1.1766658167241544,1.1847409997527087,1.1868622733698078,446.4005136489868,1
radial,17,2,-30,-8.499999999999998,17.0,-8.500000000000005,28.43156767636215,1.6724451574330677,1.1055501169729627,149.0104804341325,0.7999914316844424,1.166169408110419,0.21733420305982776,3.916128070442641e-05,0.18723628558988725,4.3071591429246494e-05,6.434315564767619e-05,612,0.8685315150816812,1.0514120674933822,1.7340053730887681,1.7866791444814063,1.786872030893642,0.17647058823529413,0.0,0.0,0.8757026385944171,0.9078432271086712,1.157678988309478,1.1796159455533872,1.1828973838444923,459.04761505126953,1
radial,17,3,-45,-12.020815280171309,16.42073904691416,-4.399923766742857,28.60291077246981,1.6825241630864594,1.1052672130492909,134.00837405007144,0.7987939684963695,1.1564841604212146,0.21127226521163248,3.598627737589494e-05,0.1862261503944661,4.3265499932453386e-05,6.281547847772776e-05,612,0.8520195891180415,1.04532634737216,1.7218290189456158,1.7460913808276426,1.7463372001445736,0.20588235294117646,0.0,0.0,0.8773135117641735,0.9091078696748423,1.1876406674033786,1.1952603842170435,1.197777161928669,414.3110797405243,1
radial,17,4,-60,-14.722431864335457,14.722431864335457,-2.0818995585505003e-15,28.42917820108434,1.6723046000637847,1.1053538626473944,118.99680633109503,0.7999058187416113,1.1600129574029479,0.21767370321350887,0.000105818315753678,0.1876789028636426,4.341601691529969e-05,6.422194141934356e-05,612,0.8634530439420783,1.0494968155429347,1.7130133445311553,1.7675729563485865,1.7677465039397957,0.17647058823529413,0.0,0.0,0.8763630638798626,0.9088144904051011,1.1786574644031322,1.197234942322594,1.2032613705866297,494.8364591598511,1
radial,17,5,-75,-16.42073904691416,12.020815280171306,4.399923766742846,28.03362863683159,1.6490369786371524,1.1055634297893193,104.0290484700387,0.7989779394007692,1.1595201623038651,0.2110858616590875,7.052891936620816e-05,0.1860150592834297,4.345687381112199e-05,6.366422266764056e-05,612,0.8546168445314934,1.0484821104690938,1.7322585218363757,1.7636968492206753,1.7639452398537843,0.17647058823529413,0.0,0.0,0.8741274568881955,0.9064642416755863,1.1702310334263233,1.1818102673608275,1.1870425535118792,458.831622838974,1
radial,17,6,-90,-17.0,8.499999999999996,8.499999999999995,28.44997793501203,1.673528113824237,1.1057892117723465,88.99749504318541,0.8001489160824081,1.166188786484137,0.2172406686936925,8.859238665736647e-05,0.18728403865367488,4.333075432343498e-05,6.262563820217454e-05,612,0.8685970800859487,1.0513896634752145,1.733916940872403,1.7866708839299263,1.787174302199701,0.17647058823529413,0.0,0.0,0.8775920243154051,0.9098381318497946,1.1587899213155821,1.1813273233052155,1.1859536398715884,432.11186599731445,1
radial,17,7,-105,-16.42073904691416,4.399923766742848,12.020815280171307,28.76150584860004,1.6918532852117671,1.105426542664671,74.00059521379791,0.7989185912308407,1.1564944013264091,0.2113308733488363,8.250145026880446e-05,0.186480916834462,4.322405891020691e-05,6.202991359825969e-05,612,0.8521727483726633,1.045075582549535,1.7218096336323345,1.7460064647293836,1.746219129922218,0.20588235294117646,0.0,0.0,0.8762830400435159,0.908318083574574,1.1863088636410168,1.1945251589125174,1.1953948303920496,442.0700480937958,1
radial,17,8,-120,-14.722431864335459,0.0,14.722431864335455,28.56834752356484,1.6804910307979317,1.1055480943440572,59.00931938527336,0.8000616243754819,1.1600483103964376,0.2177653926874795,8.916208408468393e-05,0.18781038622137522,4.343148719014871e-05,6.298430489663937e-05,612,0.8640504559540093,1.0496061179433662,1.7130158416711878,1.7675912390015651,1.7678012814056359,0.17647058823529413,0.0,0.0,0.8761723780719226,0.9082879400579638,1.1799341706405866,1.1972418073760822,1.1995631523085297,420.7706151008606,1
radial,17,9,-135,-12.020815280171309,-4.399923766742855,16.42073904691416,28.03177450772541,1.6489279122191416,1.1058066828387827,44.02337385077686,0.7991727404156557,1.159210250253752,0.21120350515891492,3.316394817264028e-05,0.18613366296166423,4.315311861633657e-05,6.361868845515711e-05,612,0.8559059604624408,1.0492975820612747,1.732247221759618,1.7637693642127716,1.7640530744676166,0.17647058823529413,0.0,0.0,0.8770311752153144,0.9087831072314653,1.1714770637582244,1.180905177549698,1.1831578763978188,427.09628200531006,1
radial,17,10,-150,-8.499999999999998,-8.500000000000004,17.0,28.36472445009354,1.668513202946679,1.105530628480193,28.9919307055389,0.7999657746332938,1.166104866659984,0.2172645853075804,3.2719963887926096e-05,0.18713453115124007,4.314180444184252e-05,6.418107453917265e-05,612,0.8685020497096334,1.0513161680782146,1.7337270042423563,1.7865926358066533,1.7867807504068893,0.17647058823529413,0.0,0.0,0.8768443304697662,0.9092585122516068,1.157331552005372,1.1813614788072917,1.1843344854191682,502.5813777446747,1
radial,17,11,-165,-4.399923766742857,-12.020815280171309,16.420739046914164,28.67981593866019,1.687047996391776,1.1052642774436428,14.00259551809739,0.7987987736389114,1.1564200428534024,0.2113151313920957,1.5132752001499076e-05,0.18637009802281587,4.3323856634776194e-05,6.378606645398357e-05,612,0.8513832840549632,1.0446418075896386,1.7215505531931496,1.7460130822991953,1.7461079541785829,0.20588235294117646,0.0,0.0,0.8744220460985841,0.9070122735227352,1.1819228978026035,1.1937190204072659,1.1946349626808836,415.24411058425903,1
radial,17,12,-180,-2.0818995585505003e-15,-14.722431864335459,14.722431864335464,28.48215342372702,1.6754207896310012,1.1054230657623103,-1.007555355256468,0.7999776297354753,1.1601077571494494,0.21780439127094922,0.00015133853682704784,0.1878837533745128,4.3402652054128284e-05,6.382005993696066e-05,612,0.863722627605271,1.0496161083053237,1.7129584800666975,1.7675513107451133,1.767679634072649,0.17647058823529413,0.0,0.0,0.876540610865515,0.9088783409666136,1.1783961402017964,1.1995416583703198,1.2014991415673264,407.6241092681885,1
radial,18,0,0,0.0,15.588457268119896,-15.588457268119896,30.11572976349135,1.6730960979717415,1.1054264467447898,178.93141571927333,0.7999901823880807,1.1622897696861243,0.2178651330184723,3.775518582673907e-05,0.1877862392561413,4.339715781463057e-05,6.390603239971244e-05,612,0.8665802952049678,1.0520613905931215,1.7133682503947616,1.7677817243192644,1.767948259755738,0.17647058823529413,0.0,0.0,0.876280829937099,0.9088434789225721,1.179490313043622,1.2003476591677402,1.2014801713433094,425.79528164863586,1
radial,18,1,-15,-4.658742811845373,17.38666487320323,-12.727922061357857,29.68770022844754,1.6493166793581966,1.1058280394168087,163.9668017888551,0.799199153554514,1.1619589347204125,0.21127143867265602,3.773837537943289e-05,0.18623369552871094,4.336432191133366e-05,6.300602952335408e-05,612,0.8552730585224938,1.0505413910433645,1.7355098098616488,1.7661230260101228,1.7663556510711431,0.20588235294117646,0.0,0.0,0.8749261617692496,0.90702769271932,1.177673073424109,1.1861656009165247,1.1878880835986911,438.86700344085693,1
radial,18,2,-30,-8.999999999999998,18.0,-9.000000000000005,30.03420418372073,1.668566899095596,1.1056054500171175,148.95470390645343,0.8000488690491242,1.1685620109364312,0.21743896371962948,3.922928092355337e-05,0.18723830121184046,4.3080507962702805e-05,6.439202182619721e-05,612,0.8712014078190988,1.0536746872045406,1.7356953214345918,1.788055293845851,1.7882492845740277,0.17647058823529413,0.0,0.0,0.8757321667929558,0.9078735622496502,1.1564127126166224,1.1810393000281807,1.1843357747884433,462.3109781742096,1
radial,18,3,-45,-12.727922061357857,17.386664873203227,-4.658742811845379,30.19716947728757,1.677620526515976,1.1052449484934248,133.95272083503218,0.7988016895890298,1.1590895095653313,0.2114196144907586,3.598027348872206e-05,0.1862954404879228,4.3273761719918176e-05,6.274018899794675e-05,612,0.8520401128416757,1.0468281019399022,1.7221019932614174,1.747493091992979,1.7477397291562926,0.20588235294117646,0.0,0.0,0.87729994788557,0.9091016166830097,1.188686889681308,1.1968677747087264,1.1993635107975997,424.7762014865875,1
radial,18,4,-60,-15.588457268119894,15.588457268119894,-2.204364238465236e-15,30.04109995810243,1.6689499976723572,1.105412838754031,118.94060051292168,0.7999690270636661,1.162204400079628,0.21779715441452002,0.00010615209018573783,0.18770460014484178,4.34435106051582e-05,6.433940118404826e-05,612,0.8661331509823614,1.0518571109496553,1.713542890857055,1.767878242345593,1.7680514477868774,0.17647058823529413,0.0,0.0,0.8764118858626353,0.9088768355392569,1.178979035720846,1.1984142275235616,1.2044230985454798,453.78255343437195,1
radial,18,5,-75,-17.38666487320323,12.727922061357852,4.658742811845366,29.60510082096556,1.6447278233869755,1.1055699417978373,103.97393660763949,0.7990044731632568,1.1622568302980238,0.21122100935395838,6.986135016216817e-05,0.18606275794208949,4.346251298491499e-05,6.370122885877971e-05,612,0.854874122857927,1.0502598623764634,1.7354190015873945,1.766059732535399,1.7663088199454833,0.20588235294117646,0.0,0.0,0.8741350999479213,0.9064737829560745,1.1717448064351577,1.1833528508469964,1.1880667095039485,457.6439516544342,1
radial,18,6,-90,-18.0,8.999999999999996,8.999999999999995,30.05277166601453,1.669598425889696,1.1058440305531219,88.94169658400493,0.8002060824665491,1.16858030220172,0.21734606347308022,8.869009903541665e-05,0.18728682653907355,4.333945457728171e-05,6.26608581289554e-05,612,0.8712796555850989,1.0536493648900613,1.7356045073207385,1.7880486452544648,1.7885495058263186,0.17647058823529413,0.0,0.0,0.8776174287654966,0.9098645605360405,1.1579024184261875,1.1827371095104062,1.1873906814817392,423.98777627944946,1
radial,18,7,-105,-17.38666487320323,4.658742811845368,12.727922061357855,30.35643304762313,1.6864685026457296,1.1054048065189856,73.94496942789739,0.7989263854488019,1.1591002188410342,0.21147625452479224,8.083247696934454e-05,0.18654934085258099,4.3231382597993814e-05,6.195525478713774e-05,612,0.8521991804350756,1.0465764392386692,1.7220823763472504,1.747411578850021,1.7476221334355118,0.20588235294117646,0.0,0.0,0.8762804195643286,0.9083227804475007,1.1878662551309338,1.1961439947079693,1.1969543559017026,446.73703694343567,1
radial,18,8,-120,-15.588457268119896,0.0,15.588457268119893,30.18063095081457,1.6767017194896985,1.1056075836434243,58.95311688045451,0.8001252963436126,1.16224147365438,0.2178893219886496,8.929744887120993e-05,0.18783537426621502,4.345771158324977e-05,6.310127111159912e-05,612,0.8667600025658668,1.0519747364412781,1.7135462610609462,1.7678966807713206,1.7681061427249383,0.17647058823529413,0.0,0.0,0.8762190829300991,0.9083511329790057,1.180266916167687,1.198415576589915,1.2007381002657953,420.3270137310028,1
radial,18,9,-135,-12.727922061357857,-4.658742811845376,17.38666487320323,29.60273325898669,1.6445962921659272,1.1058125775350052,43.96824293848297,0.7991988011282153,1.1619409864612542,0.21133838409036046,3.334779211198376e-05,0.18618174424245393,4.31572760917451e-05,6.36780379102261e-05,612,0.8561457200271909,1.051065828866688,1.735367422096819,1.7661325180932657,1.7664171989623374,0.20588235294117646,0.0,0.0,0.877036766588514,0.9087897802000534,1.1716488755009458,1.1824491576583473,1.184687344125554,429.8247685432434,1
radial,18,10,-150,-8.999999999999998,-9.000000000000004,18.0,29.96756005202717,1.6648644473348428,1.1055856031177531,28.93616466986681,0.8000229750466445,1.168497275766745,0.21736951820901546,3.261231965301401e-05,0.18713685738999464,4.315012905580824e-05,6.42540622165086e-05,612,0.8711390949157121,1.0535684797753737,1.7354183409002244,1.7879692153681879,1.7881583073419647,0.17647058823529413,0.0,0.0,0.8768822346301923,0.9092962377793521,1.15645268768329,1.182809451186079,1.1857368091009741,512.2868211269379,1
radial,18,11,-165,-4.658742811845379,-12.727922061357857,17.38666487320323,30.27440349644025,1.6819113053577917,1.1052425564603563,13.946938779178419,0.7988066452027716,1.1590272761266796,0.211460954317557,1.4446218217757942e-05,0.18643858710114253,4.333116710641183e-05,6.381968577075169e-05,612,0.8514024640104492,1.0461420043086025,1.7218241240924457,1.7474150534574684,1.7475115218598738,0.20588235294117646,0.0,0.0,0.8744085543139332,0.9070057950224288,1.1834670584405453,1.195284498127728,1.1962520341210865,407.8634076118469,1
radial,18,12,-180,-2.204364238465236e-15,-15.588457268119896,15.588457268119903,30.09426448922999,1.6719035827349993,1.1054827155831812,-1.0637729791099304,0.8000413578835663,1.1623000636046168,0.2179279508793481,0.00015159889153753834,0.18790889765677268,4.342897998358356e-05,6.390109616627103e-05,612,0.8664183821512855,1.0519751335944765,1.7134877920195464,1.7678566958177906,1.767986671850657,0.17647058823529413,0.0,0.0,0.8765940258520637,0.9089472233712502,1.1787380872150963,1.200717709440245,1.2026832648548789,410.52947878837585,1
radial,19,0,0,0.0,16.454482671904337,-16.454482671904337,31.71015282302986,1.6689554117384136,1.1054791393032115,178.87581045604537,0.8000506910531229,1.1643983333159422,0.21799956089413577,3.798957708482251e-05,0.1878178320138581,4.3423064775931364e-05,6.397993604530364e-05,612,0.8692269650033495,1.0544231417939534,1.7142635274226716,1.7680889031174576,1.7682567876278643,0.17647058823529413,0.0,0.0,0.8763335071530466,0.9089119383183765,1.1798963973612666,1.2015091932087978,1.2026372571735844,424.9841945171356,1
radial,19,1,-15,-4.917561856947894,18.352590699492296,-13.435028842544403,31.25056572798949,1.6447666172626048,1.1058311280029394,163.91196742474935,0.7992242944378487,1.164664955441399,0.2114131253904368,3.7676283085806935e-05,0.18628311853884244,4.3369181761110385e-05,6.309983238633244e-05,612,0.8556263582052784,1.0523661439212306,1.7386413283198305,1.768458052492988,1.76869311444094,0.20588235294117646,0.0,0.0,0.8749336379200928,0.9070379263377993,1.1787004209005636,1.187609733582469,1.1889348056964486,447.79336881637573,1
radial,19,2,-30,-9.499999999999998,19.0,-9.500000000000007,31.61558826094063,1.6639783295231911,1.1056507766666086,148.8996707028512,0.8001008967419003,1.170841441311183,0.21755468534007494,3.929996815298992e-05,0.18724846872408063,4.308885386084082e-05,6.443263332049773e-05,612,0.8737614529717862,1.0558950442342057,1.7373814228422186,1.789427181930349,1.7896222725148938,0.17647058823529413,0.0,0.0,0.8757567167470561,0.9078989366339784,1.155123629981431,1.182374728955149,1.1856867493197367,464.44039273262024,1
radial,19,3,-45,-13.435028842544403,18.352590699492296,-4.917561856947899,31.78366006612446,1.6728242140065506,1.1052190384862741,133.89731322326185,0.7988081629196159,1.1616751077946736,0.21157544582313115,3.597335814239759e-05,0.1863673408108097,4.3282589560997796e-05,6.274127146569145e-05,612,0.852028070592585,1.0483871697674805,1.7223761343590418,1.7488774513123837,1.749124847432404,0.20588235294117646,0.0,0.0,0.8772850321329128,0.9090947295092471,1.1897079001544206,1.1984491550563163,1.2009232879478928,420.3622398376465,1
radial,19,4,-60,-16.454482671904334,16.454482671904334,-2.326828918379971e-15,31.63514484542798,1.665007623443578,1.1054651240779358,118.88500602285464,0.800029148294801,1.164312151953423,0.21793107014118548,0.00010648500464377042,0.18773650171299397,4.347137050752852e-05,6.445875400520355e-05,612,0.8687684275629769,1.0542233720484335,1.7142504968356362,1.768185432023467,1.7683581400358375,0.17647058823529413,0.0,0.0,0.8764579041677215,0.908936875419839,1.1793653081494426,1.1995807726491072,1.2055727122327335,471.47356152534485,1
radial,19,5,-75,-18.352590699492296,13.4350288425444,4.917561856947887,31.16826414818987,1.6404349551678878,1.1055728105707756,103.91909535131676,0.7990297099803438,1.1649683715977126,0.211364337692149,6.920915427369655e-05,0.1861127913355198,4.3468418699050865e-05,6.373771361016073e-05,612,0.8552411838855463,1.0520931805041802,1.7385218976079777,1.7683957929170777,1.7686454600065427,0.20588235294117646,0.0,0.0,0.8741410972215881,0.9064819816434012,1.173277440328152,1.1849143398495368,1.1891106322961924,453.9228415489197,1
radial,19,6,-90,-19.0,9.499999999999996,9.499999999999995,31.6343507048689,1.6649658265720475,1.105888848409025,88.88663943046153,0.8002578479490511,1.1708587439693798,0.21746244885790583,8.879021710635174e-05,0.18729776585320407,4.3347603037519636e-05,6.268850460555684e-05,612,0.8738530878933126,1.055867313794439,1.7372881496479358,1.7894219504934563,1.7899202782279335,0.17647058823529413,0.0,0.0,0.8776377760249062,0.9098858980721134,1.157102028853946,1.1840591015569364,1.1887418593179093,433.3512454032898,1
radial,19,7,-105,-18.352590699492296,4.917561856947889,13.435028842544401,31.94356813237833,1.6812404280199122,1.105379421795709,73.88959056993575,0.7989329303034718,1.1616862658031062,0.21163012104385756,7.917946720979464e-05,0.18662039548621365,4.323928702273486e-05,6.188029892325309e-05,612,0.8521946208033168,1.0481347507924268,1.722356314306547,1.7487992277680868,1.7490076729786386,0.20588235294117646,0.0,0.0,0.8762764891723928,0.9083270129748876,1.1893984566319655,1.1977371806271864,1.1984883991114015,443.43356490135193,1
radial,19,8,-120,-16.454482671904337,0.0,16.45448267190433,31.77502611777863,1.6723697956725594,1.1056603873399928,58.897526464005004,0.8001858879930174,1.1643509775068892,0.2180237277405453,8.943179607615189e-05,0.18786656677441335,4.348430574735486e-05,6.322110943850344e-05,612,0.8694226692794134,1.0543490334200183,1.7142237208610231,1.768203869026155,1.7684127619917145,0.17647058823529413,0.0,0.0,0.8762629760850184,0.9084120284436,1.1806648040831142,1.1995768089830348,1.201900264904854,418.6760847568512,1
radial,19,9,-135,-13.435028842544403,-4.917561856947898,18.352590699492296,31.16540004429561,1.6402842128576636,1.1058148292192809,43.91338177123739,0.7992235703110719,1.1646466156704136,0.2114814708713856,3.353179412238903e-05,0.18623216634499534,4.316167332604041e-05,6.373746542938396e-05,612,0.8564873942426416,1.052888769410257,1.7384438440418142,1.7684688334038459,1.7687544141117741,0.20588235294117646,0.0,0.0,0.8770406774855868,0.9087950588464235,1.1718035854561275,1.1840119823874884,1.1862353281694378,430.08758640289307,1
radial,19,10,-150,-9.499999999999998,-9.500000000000004,19.0,31.54913799843761,1.6604809472861901,1.1056305731694915,28.881141408329157,0.8000747652176176,1.170776643171937,0.21748540356037804,3.250543484527751e-05,0.18714734320925114,4.3157920264464276e-05,6.432666687255294e-05,612,0.8736687191860915,1.0557791639282645,1.7371059080676712,1.7893414584488094,1.7895316072099303,0.17647058823529413,0.0,0.0,0.8769146676432971,0.9093286286592431,1.1556607108315016,1.1841685354691343,1.1870535019341781,500.2059648036957,1
radial,19,11,-165,-4.917561856947899,-13.435028842544403,18.3525906994923,31.86120434805116,1.6769054920026927,1.1052171822575352,13.891528915087429,0.7988132646014184,1.1616147109522799,0.21161526722262425,1.3768900451493678e-05,0.1865096963884712,4.333907274201045e-05,6.385437187243458e-05,612,0.8513919555615199,1.0476998398440485,1.722098876944385,1.7487996584952754,1.7488977911649812,0.20588235294117646,0.0,0.0,0.8743937207467417,0.9069988224771189,1.1849965205691162,1.1968408980325609,1.1978270614958715,406.061959028244,1
radial,19,12,-180,-2.326828918379971e-15,-16.454482671904337,16.45448267190434,31.68848867309641,1.6678151933208636,1.105535686814051,-1.1193788677208565,0.8001020096870647,1.1644087507889238,0.2180619803960919,0.0001518597969820463,0.18794023208315538,4.345566386841624e-05,6.397739535253738e-05,612,0.8690682388497486,1.0543400071106999,1.7142573070498346,1.7681638738279395,1.7682954350221276,0.17647058823529413,0.0,0.0,0.8766446971545631,0.9090137201447855,1.179144784529645,1.2018805837502602,1.2038541825661202,408.59185552597046,1
radial,20,0,0,0.0,17.320508075688775,-17.320508075688775,33.28491066949843,1.6642455334749215,1.1055246211321386,178.8208783725327,0.8001077524778428,1.1664160236790533,0.21814452917003876,3.821901488142741e-05,0.18785619722779642,4.3449317061767104e-05,6.407040118527913e-05,612,0.8718119602348354,1.0567782999089341,1.7197124009737388,1.768398559577342,1.7685677797856352,0.17647058823529413,0.0,0.0,0.8763833176382049,0.9089778988299867,1.180376327460289,1.2026585472748295,1.2037833686688455,419.7646210193634,1
radial,20,1,-15,-5.176380902050415,19.318516525781366,-14.142135623730951,32.8058615418643,1.6402930770932151,1.1058306327642136,163.85737723317587,0.7992481912382542,1.1673452255350247,0.21156303805743226,3.7615559326429626e-05,0.18633491790048454,4.337433167308357e-05,6.319462186751991e-05,612,0.8568259405713395,1.0542452197257843,1.7416964914108133,1.770767282018305,1.7710048272881787,0.20588235294117646,0.0,0.0,0.8749396435345833,0.9070470846147397,1.1797464134033817,1.1890700507894183,1.1899983882341734,463.8157887458801,1
radial,20,2,-30,-9.999999999999998,20.0,-10.000000000000007,33.17485939831821,1.6587429699159106,1.1056856833588342,148.84541138964605,0.8001471865779588,1.1730039101872385,0.21768117921268312,3.937152341498132e-05,0.18726711381095382,4.309645315530847e-05,6.446426860894186e-05,612,0.8762056803829965,1.058062857685337,1.7390642234293872,1.7907949352819286,1.7909911623964128,0.17647058823529413,0.0,0.0,0.8757759996624603,0.9079189835671421,1.1538112668680092,1.1836175700003604,1.1869456020391727,462.7899935245514,1
radial,20,3,-45,-14.142135623730951,19.318516525781362,-5.17638090205042,33.36182333720801,1.6680911668604004,1.105189860061407,133.8421732741948,0.7988136134732539,1.1642397005299872,0.21173944983635465,3.5966997724940576e-05,0.18644158986162968,4.329204344548756e-05,6.281411464170452e-05,612,0.8520036472023391,1.0500055052114372,1.7226513667700443,1.7502455948974265,1.750493603525048,0.20588235294117646,0.0,0.0,0.8772689836614954,0.9090874708544178,1.1907074352915352,1.2000084088628786,1.202460539223063,426.06446981430054,1
radial,20,4,-60,-17.32050807568877,17.32050807568877,-2.4492935982947065e-15,33.20952388833095,1.6604761944165474,1.1055101806122958,118.83008453179876,0.8000858055614796,1.1663290348618303,0.21807550795348948,0.00010681927797077702,0.18777517992057713,4.349956959712476e-05,6.458021714372219e-05,612,0.8713435181902842,1.0565830714341753,1.7196504827747772,1.7684951371104212,1.768667323997642,0.17647058823529413,0.0,0.0,0.8765008131021195,0.9089942956681064,1.179825984663384,1.200735381267662,1.2067111596384121,471.6413428783417,1
radial,20,5,-75,-19.318516525781366,14.142135623730947,5.176380902050407,32.72386032233697,1.6361930161168483,1.1055721067391222,103.8644987300724,0.7990537076188944,1.1676541787741848,0.21151587364114782,6.857296378317808e-05,0.18616519346707405,4.347465338776676e-05,6.377390305762004e-05,612,0.8564551311692067,1.053981139332291,1.7415741379266225,1.7707061295037922,1.77095629156741,0.20588235294117646,0.0,0.0,0.8741455357026225,0.9064889791495617,1.1748268873217744,1.1864928698121788,1.1901722311457352,459.2780065536499,1
radial,20,6,-90,-20.0,9.999999999999996,9.999999999999995,33.19383530328873,1.6596917651644365,1.105923246942688,88.83235478134196,0.800303880971585,1.173020333029925,0.21758963670441384,8.889402796894536e-05,0.18731718378940046,4.335502341731139e-05,6.270796161399112e-05,612,0.8763109856734735,1.0580331212698437,1.7389684621065267,1.7907909736544922,1.7912867640647965,0.17647058823529413,0.0,0.0,0.8776527678499355,0.9099017642273941,1.1560479575867455,1.1852886337982247,1.1900021765392255,426.477401971817,1
radial,20,7,-105,-19.318516525781366,5.1763809020504095,14.14213562373095,33.52236262879151,1.6761181314395757,1.1053507613159335,73.83448026462254,0.7989384477550923,1.1642512854771783,0.21179216394341085,7.754629436726742e-05,0.18669381456512257,4.3247832148986004e-05,6.180490661689388e-05,612,0.8521791271481353,1.049752424714066,1.722631395575385,1.750170424066568,1.7503767698504324,0.20588235294117646,0.0,0.0,0.8762714851807105,0.9083310539320365,1.1909091319155236,1.1993102768227697,1.2000008586113373,478.3602628707886,1
radial,20,8,-120,-17.320508075688775,0.0,17.32050807568877,33.34975561505229,1.6674877807526145,1.1057059761809516,58.84260952740926,0.8002430301271842,1.1663695689166604,0.21816867546409419,8.956531578613325e-05,0.18790454341435248,4.35112405629114e-05,6.334417630429287e-05,612,0.8720223319853793,1.056716405437879,1.7194586957870213,1.768513548278609,1.7687218900728328,0.17647058823529413,0.0,0.0,0.8763037809948745,0.9084703314073355,1.1811373879326597,1.2007264861952913,1.2030504688864712,423.5098226070404,1
radial,20,9,-135,-14.142135623730951,-5.176380902050418,19.318516525781366,32.72049155550662,1.636024577775331,1.1058135069966608,43.85876523697421,0.79924710400664,1.1673264218143091,0.21163278858608206,3.371666523146532e-05,0.18628496257601754,4.3166373664463324e-05,6.379714673565803e-05,612,0.8576729792539547,1.054765482654371,1.7414725107797175,1.7707793889790946,1.771065827219918,0.20588235294117646,0.0,0.0,0.8770429906609789,0.9087990837886337,1.1719440195096964,1.1855917214129517,1.1877999010892515,427.6806094646454,1
radial,20,10,-150,-9.999999999999998,-10.000000000000004,20.0,33.1085868903029,1.6554293445151451,1.1056651182655959,28.826891796564986,0.8001208118824596,1.172939132211758,0.2176120516510078,3.239956844469874e-05,0.18716631605544612,4.316500738000524e-05,6.439855536312753e-05,612,0.8760854213541037,1.0579379590131404,1.7387903985051654,1.7907095286417782,1.7909008153123187,0.17647058823529413,0.0,0.0,0.8769413002965417,0.9093552808108036,1.1549602805964412,1.1854341582144898,1.1882799756168518,495.47768092155457,1
radial,20,11,-165,-5.17638090205042,-14.142135623730951,19.31851652578137,33.43967292910246,1.6719836464551228,1.1051885293654162,13.836387487399882,0.7988188542971747,1.1641811646594888,0.21177775650326644,1.310075289048598e-05,0.18658315704336462,4.334763089612545e-05,6.389026284817262e-05,612,0.8513715171277288,1.049317143765538,1.7223747492526933,1.7501679045457734,1.7502677674291747,0.20588235294117646,0.0,0.0,0.8743778066321524,0.906991651369183,1.1864895875354216,1.1983616960311225,1.1993948912037402,412.5994379520416,1
radial,20,12,-180,-2.4492935982947065e-15,-17.320508075688775,17.32050807568878,33.26304554342703,1.6631522771713516,1.1055814443477616,-1.1743115356668001,0.8001592125467984,1.166426565796928,0.21820655041595377,0.00015212028138961956,0.18797834021019583,4.3482676234135225e-05,6.404849042180997e-05,612,0.8716564775113963,1.0566981758015757,1.7196457285283222,1.7684734752160713,1.7686066122078685,0.17647058823529413,0.0,0.0,0.8766923537643027,0.9090775308280199,1.179625079586585,1.2030315860759477,1.2050136428047125,407.53350734710693,1
radial,22,0,0,0.0,19.052558883257653,-19.052558883257653,36.37154200121973,1.6532519091463513,1.1055927831886785,178.7131679425564,0.8002106469317585,1.1701649059301533,0.21846577052313684,3.865948613017997e-05,0.18795450168920794,4.350281606639315e-05,6.431582676099259e-05,612,0.8767516317311708,1.061434089918124,1.7302977366423364,1.7690271459208433,1.7691988292089478,0.17647058823529413,0.0,0.0,0.8764737601944552,0.9091016527843551,1.1815785875088574,1.2049236507528118,1.2060461376763736,410.35552978515625,1
radial,22,1,-15,-5.694018992255456,21.2503681783595,-15.556349186104047,35.89915465985993,1.6317797572663606,1.1058185284481319,163.7487370081224,0.7992921486542259,1.172625156266589,0.2118884542339502,3.750038195918828e-05,0.18644640443355684,4.338578839492587e-05,6.338805740021494e-05,612,0.8604709300413287,1.058173314821324,1.747613951507352,1.7753123628986769,1.7755545868347338,0.20588235294117646,0.0,0.0,0.8749471890401812,0.907062366062026,1.181880645337848,1.1919609924331522,1.1921673636467367,455.48895359039307,1
radial,22,2,-30,-10.999999999999998,22.0,-11.000000000000007,36.22895477453692,1.6467706715698602,1.1057241639515278,148.73915139370663,0.8002222877700645,1.1769860292941798,0.21796514736256925,3.951447330847106e-05,0.18732947352414317,4.310908259628927e-05,6.450043124284381e-05,612,0.8807520618932552,1.0622286033730057,1.742417092859061,1.7935169263430912,1.793715496189735,0.17647058823529413,0.0,0.0,0.8757985642251239,0.9079427520120087,1.151834604443256,1.1858335250735714,1.189194365594081,468.92984080314636,1
radial,22,3,-45,-15.556349186104047,21.2503681783595,-5.6940189922554625,36.49550635694969,1.6588866525886223,1.1051221084377951,133.73261674633096,0.7988217404897138,1.1693051178372407,0.21209189580965881,3.594616720713949e-05,0.1865971078421123,4.3312948692946204e-05,6.296135423720037e-05,612,0.8538943315001735,1.0534180718630088,1.7232050657833358,1.7529363672996183,1.753185377076946,0.23529411764705882,0.0,0.0,0.8772338596349196,0.9090723515408098,1.1926418139685704,1.2030634602005519,1.2054722157507043,431.7109475135803,1
radial,22,4,-60,-19.05255888325765,19.05255888325765,-2.6942229581241772e-15,36.29540040614319,1.649790927551963,1.1055774662792337,118.72239426836383,0.800187860599513,1.1700763453142295,0.21839562493763223,0.00010749896033800983,0.18787412543164306,4.355693167839308e-05,6.482995377660582e-05,612,0.8762670920946999,1.0612479369591359,1.730232954949212,1.7691236430824868,1.7692951217895863,0.17647058823529413,0.0,0.0,0.876576630438447,0.9091005735499774,1.1809922106311537,1.2030114035401192,1.2089573486822036,469.7652792930603,1
radial,22,5,-75,-21.2503681783595,15.556349186104041,5.694018992255447,35.81780161562692,1.6280818916194055,1.1055596676864037,103.75584586666969,0.7990979157978079,1.1729456691682247,0.2118444757563571,6.734591043541049e-05,0.18627784357361965,4.3488383590273383e-05,6.384687477387283e-05,612,0.8601227160745819,1.0579278458138648,1.7474989909361298,1.775253579495535,1.7755044046025477,0.20588235294117646,0.0,0.0,0.8741498588834342,0.9064997760751804,1.177968847582636,1.1896930760318671,1.1923365565480195,466.48577213287354,1
radial,22,6,-90,-22.0,10.999999999999996,10.999999999999995,36.24833827957694,1.64765173998077,1.105960678388205,88.72604255512965,0.8003784620794988,1.1770007995190488,0.21787509764136137,8.911534403650653e-05,0.1873811285386887,4.3367340500508994e-05,6.27221520501396e-05,612,0.8808846962738655,1.0621954468516057,1.7423189110508837,1.7935151169670571,1.7940057584511477,0.17647058823529413,0.0,0.0,0.8776664420357649,0.9099166917991492,1.1547541191888422,1.1874786426192532,1.1922581379023052,463.5806484222412,1
radial,22,7,-105,-21.2503681783595,5.69401899225545,15.556349186104043,36.65724880573266,1.666238582078757,1.1052840263581312,73.72498632752867,0.798946695850999,1.1693173481575978,0.21214069424350074,7.434415019321283e-05,0.18684771303645967,4.3266963931979994e-05,6.183167413361935e-05,612,0.8540794718869402,1.0531637973151875,1.7231847937314817,1.7528671882645166,1.7530692033452353,0.23529411764705882,0.0,0.0,0.8762585557448296,0.9083389701476684,1.1938740592679646,1.2024130325647058,1.202955260698753,428.745090007782,1
radial,22,8,-120,-19.052558883257653,0.0,19.052558883257646,36.43635461867386,1.6561979372124482,1.105774345871821,58.73492939998901,0.8003460840972217,1.1701202215649582,0.21848988403700406,8.982980618111087e-05,0.1880021091235882,4.356608709417139e-05,6.360082842326521e-05,612,0.8769860602183872,1.0613953259899678,1.7300446157336185,1.7691421125828508,1.7693494432879693,0.17647058823529413,0.0,0.0,0.8763755224830747,0.9085784955914487,1.1823286556854646,1.202994079919704,1.2053177568099929,420.3525424003601,1
radial,22,9,-135,-15.556349186104047,-5.69401899225546,21.2503681783595,35.81343362636092,1.6278833466527691,1.105799803382205,43.75007098253891,0.7992903795348837,1.172605753153136,0.2119610322448103,3.4088398517642276e-05,0.18639843449997162,4.3176959779681236e-05,6.391844466061363e-05,612,0.8612928761995535,1.0586870710263083,1.7474276037630623,1.77532723788215,1.7756151516019156,0.20588235294117646,0.0,0.0,0.8770428933997525,0.9088037479080124,1.1736453164253744,1.1887956761250427,1.1909738391731375,458.3335106372833,1
radial,22,10,-150,-10.999999999999998,-11.000000000000005,22.0,36.16296476469437,1.643771125667926,1.1057028345659143,28.720651287534604,0.8001953922233198,1.1769210669746988,0.21789630730823442,3.219165985820507e-05,0.18722937999262548,4.317674479338989e-05,6.453944864815078e-05,612,0.8805864432561642,1.0620873706101763,1.7421526014337971,1.7934320660278726,1.7936258765756494,0.17647058823529413,0.0,0.0,0.8769769594799649,0.9093910006505639,1.1538264587135205,1.187693292652775,1.1904696564705135,495.9906153678894,1
radial,22,11,-165,-5.6940189922554625,-15.556349186104047,21.250368178359505,36.57395619919095,1.6624525545086797,1.1051217940012186,13.726830163962244,0.7988272355999788,1.1692502217471237,0.21212718258639532,1.1799978708809326e-05,0.1867371050661479,4.3366821940280525e-05,6.396492511080668e-05,612,0.8532711750276178,1.05272814153,1.7230050433401995,1.7528589469984532,1.7529624598352138,0.23529411764705882,0.0,0.0,0.8743429880452229,0.9069771028418839,1.1886135577360062,1.2013432389028915,1.2024635660777754,411.41911149024963,1
radial,22,12,-180,-2.6942229581241772e-15,-19.052558883257653,19.05255888325766,36.34926405737284,1.6522392753351292,1.1056501492871667,-1.2820230118726341,0.8002623844846075,1.1701756903926634,0.21852699260894792,0.00015264653202697064,0.18807613227921957,4.353762970452099e-05,6.417407478491138e-05,612,0.8766027524554123,1.061359569212408,1.730227857763818,1.7691018716827978,1.7692379821254565,0.17647058823529413,0.0,0.0,0.8767780176120943,0.9091963943909153,1.1808286404593349,1.2052998078646309,1.2073003807695,399.4715118408203,1
radial,24,0,0,0.0,20.784609690826528,-20.784609690826528,39.3752278119249,1.6406344921635376,1.1056307182187288,178.6082990579625,0.8002984560099252,1.173539167402972,0.21882717773345753,3.9076112159957215e-05,0.18808136061690292,4.3557732083557224e-05,6.456508567466368e-05,612,0.881354689109248,1.0659966401864225,1.7401074124132057,1.7696705636309389,1.7698422393970008,0.17647058823529413,0.0,0.0,0.8765520480394744,0.9092145361096302,1.183105344535473,1.207147171260548,1.2082709808815644,410.4940357208252,1
radial,24,1,-15,-6.211657082460498,23.18221983093764,-16.970562748477143,38.97412780725157,1.6239219919688155,1.105791661099748,163.64065265000204,0.7993311496937356,1.1777906770928321,0.21224860668994344,3.739110567744328e-05,0.1865689162348748,4.3399168479986075e-05,6.358730425059165e-05,612,0.8659315640235232,1.0623288891802762,1.7533859332596087,1.7797735369990328,1.7800122114914898,0.20588235294117646,0.0,0.0,0.8749489812684796,0.9070740989696631,1.1840553087245362,1.1945146161671965,1.1952752982589503,446.2112469673157,1
radial,24,2,-30,-11.999999999999998,24.0,-12.000000000000007,39.20728538451972,1.633636891021655,1.1057228081763484,148.63555455475216,0.8002750683101879,1.1805559549074125,0.2182877939146107,3.9654767555482196e-05,0.18742250768629687,4.311837572199393e-05,6.450402443176244e-05,612,0.8848867746624917,1.066189276631523,1.7457371483342436,1.796216763655081,1.7964178534575166,0.17647058823529413,0.0,0.0,0.8758008101824922,0.9079458368576964,1.150616979665244,1.1877382754504031,1.1911333388342729,473.6564691066742,1
radial,24,3,-45,-16.970562748477143,23.182219830937637,-6.211657082460505,39.60614870309234,1.6502561959621806,1.1050414362400174,133.623772279136,0.7988260669125167,1.1742822859887372,0.2124779381101906,3.591459730708976e-05,0.18676296768281225,4.333652354777763e-05,6.310828044569807e-05,612,0.8570135861664836,1.0570720619813805,1.7265269893142976,1.7555716054078745,1.7558212882394517,0.23529411764705882,0.0,0.0,0.877194740977023,0.9090566053764997,1.1944792677491605,1.2060252803836138,1.2083922040402852,441.91417360305786,1
radial,24,4,-60,-20.784609690826528,20.784609690826528,-2.9391523179536475e-15,39.29832814126176,1.6374303392192402,1.1056144937859342,118.6175444726397,0.8002747881536918,1.173449132253832,0.218755805544111,0.00010819108286117881,0.18800162085723887,4.361565727840325e-05,6.50885868226408e-05,612,0.8808560970174207,1.0658191158027581,1.7400390967251294,1.7697646328278605,1.7699354882861995,0.17647058823529413,0.0,0.0,0.8766391270881412,0.9091954529276961,1.1824890029316706,1.2052436557770074,1.2111603517350586,461.7080466747284,1
radial,24,5,-75,-23.18221983093764,16.970562748477136,6.211657082460489,38.89343956289174,1.6205599817871559,1.1055325770833435,103.64775093774654,0.7991372326295024,1.1781229810032325,0.212207723242425,6.617571340977873e-05,0.1864014559341346,4.3504145100028654e-05,6.392225955690943e-05,612,0.86561595065901,1.062103406068359,1.7532625593360114,1.779709196655601,1.779960357726327,0.20588235294117646,0.0,0.0,0.8741484713265486,0.9065070019431803,1.181146669981121,1.1928013190570201,1.1952042234693738,489.7997512817383,1
radial,24,6,-90,-24.0,11.999999999999996,11.999999999999993,39.22701384734954,1.6344589103062308,1.105958227364626,88.62239273517369,0.8004307111436498,1.180568965355604,0.21819936897034437,8.935377014560215e-05,0.18747580299921027,4.337636689604093e-05,6.271296445558261e-05,612,0.885046736311955,1.0661533247047958,1.7456419668022594,1.7962168922974457,1.79670201255486,0.17647058823529413,0.0,0.0,0.8776593339880753,0.9099102584176016,1.153964791906355,1.1893579764443267,1.1942071568848027,447.1029577255249,1
radial,24,7,-105,-23.18221983093764,6.211657082460491,16.97056274847714,39.76904851258151,1.6570436880242296,1.105204348695832,73.61620783110563,0.7989511299045402,1.174294975286874,0.2125228364945294,7.123098496559878e-05,0.18701201135232895,4.3288825959544415e-05,6.203876387433696e-05,612,0.8572155575807052,1.056816198895108,1.7264767409353041,1.7555092047942658,1.7557057510033887,0.23529411764705882,0.0,0.0,0.8762416480884712,0.9083466159124935,1.1967281736642643,1.2054094738853245,1.205834331201576,483.5492477416992,1
radial,24,8,-120,-20.784609690826528,0.0,20.784609690826525,39.4400436011995,1.643335150049979,1.1058124948452175,58.63009085876131,0.8004340585684833,1.173496270898649,0.2188512560479406,9.009212821726679e-05,0.18812826515395734,4.362232096472409e-05,6.38715260244187e-05,612,0.8816052667283949,1.0659789076212023,1.7398571340328681,1.7697831251513236,1.7699895861044324,0.17647058823529413,0.0,0.0,0.8764342273844667,0.9086754740542115,1.1838475477901955,1.2052222480701795,1.2075440424627437,414.747585773468,1
radial,24,9,-135,-16.970562748477143,-6.211657082460501,23.18221983093764,38.88809033350116,1.620337097229215,1.1057713988224038,43.64193233575056,0.7993287485963734,1.1777709020630334,0.21232402569930064,3.446386107691411e-05,0.18652292202882897,4.3189488719228975e-05,6.404341003769923e-05,612,0.8667257569756899,1.0628337791118516,1.7532115027209731,1.7797878195856682,1.7800723009543773,0.20588235294117646,0.0,0.0,0.877036799357785,0.9088045627504858,1.1760884837371317,1.1920423555083242,1.1941887823823607,443.81564569473267,1
radial,24,10,-150,-11.999999999999998,-12.000000000000005,24.0,39.14150602939058,1.6308960845579408,1.1057006731010164,28.61707327102407,0.8002476151390834,1.1804903341123105,0.21821921005937156,3.19913618834982e-05,0.18732316682462485,4.318531459457162e-05,6.46762875368445e-05,612,0.8846887962354214,1.0660341261864072,1.7454870522330177,1.7961323156614335,1.7963290211946883,0.17647058823529413,0.0,0.0,0.8769903866796022,0.9094045153353788,1.1529995338427224,1.1896382230330318,1.192355394007596,503.66715955734253,1
radial,24,11,-165,-6.211657082460505,-16.970562748477143,23.18221983093764,39.6851955814822,1.6535498158950916,1.1050420939144194,13.617987373103304,0.798831786249751,1.1742310383244363,0.21251022043710938,1.0549643718781999e-05,0.1869013982489455,4.3388789748340534e-05,6.40408951581785e-05,612,0.8564011210802025,1.0563810797386295,1.7264024336629478,1.7554943216930134,1.755601746368034,0.23529411764705882,0.0,0.0,0.8743041326852202,0.9069623481743138,1.1904465922663443,1.204232457063434,1.2054359504323182,407.8051598072052,1
radial,24,12,-180,-2.9391523179536475e-15,-20.784609690826528,20.784609690826535,39.35253336607816,1.6396888902532567,1.1056886261052117,-1.3868931639132256,0.800350469688334,1.1735501435278692,0.21888758824405533,0.00015317395519146514,0.18820246912336513,4.3593898264876666e-05,6.42781792678477e-05,612,0.8812124373065789,1.0659271591847397,1.7400338488251188,1.769742706897094,1.769881585994803,0.17647058823529413,0.0,0.0,0.8768509277795626,0.9093036531525474,1.1823549159496445,1.2075260152211698,1.2095452671071618,438.6782236099243,1
radial,26,0,0,0.0,22.516660498395407,-22.516660498395407,42.30443849107908,1.6270937881184262,1.1056407408328188,178.50598176207583,0.8003724190002591,1.176577894680923,0.21922598091131942,3.9468672010930466e-05,0.18823410869406654,4.3614323604994126e-05,6.481767069356579e-05,612,0.8856350398706542,1.070483620872671,1.749248611948078,1.7703243353264768,1.7704955054521687,0.17647058823529413,0.0,0.0,0.87661931500169,0.9093177183333687,1.1849180081410462,1.2093312104368021,1.210458005106399,425.1495883464813,1
radial,26,1,-15,-6.729295172665539,25.114071483515776,-18.38477631085024,42.02962422377134,1.6165240086065902,1.1057508966065543,163.5331767268805,0.7993657116599954,1.1828289435822592,0.21264267541717397,3.729082351341509e-05,0.18670206650565083,4.34147507698734e-05,6.379219608577007e-05,612,0.8718128328045892,1.0667104766371782,1.7590079194505506,1.7841496828762977,1.7843839759408886,0.23529411764705882,0.0,0.0,0.8749455693712264,0.9070829982554424,1.1862493268072567,1.1977999600695837,1.198517459367095,448.48702573776245,1
radial,26,2,-30,-12.999999999999998,26.0,-13.000000000000009,42.1245238821878,1.6201739954687615,1.1056848798826215,148.53411910165286,0.8003074233179792,1.1837779461190805,0.21864619229468982,3.979337815527451e-05,0.18754204493766657,4.312491481278369e-05,6.448113500336584e-05,612,0.8886697073623607,1.0699912473003812,1.7490131489247618,1.7988886312115138,1.7990926200269293,0.17647058823529413,0.0,0.0,0.8757846826839818,0.9079305152059568,1.1500185213115068,1.189403011441404,1.1928328604759597,472.11952090263367,1
radial,26,3,-45,-18.38477631085024,25.114071483515772,-6.729295172665546,42.69685146842325,1.6421865949393557,1.1049479596735619,133.51553762732397,0.7988267490694227,1.1791615504360295,0.2128978674633406,3.587291772853899e-05,0.18693967869592532,4.336281545643836e-05,6.325349159589401e-05,612,0.8617987531849531,1.0609652669381007,1.7302167478787693,1.7581568394662646,1.758406748776062,0.23529411764705882,0.0,0.0,0.8771518557809338,0.9090405882561302,1.1962273883169587,1.2088895237400543,1.2112133355111816,435.1197578907013,1
radial,26,4,-60,-22.516660498395403,22.516660498395403,-3.184081677783118e-15,42.22678625934868,1.624107163821103,1.1056235809106771,118.51524490153558,0.8003478318607428,1.1764864356904858,0.21915329254940352,0.00010889153173119526,0.18815499847332412,4.367598152625844e-05,6.535546770926897e-05,612,0.8851229104450767,1.070313924759861,1.74917988050864,1.7704155005037383,1.770585823588649,0.17647058823529413,0.0,0.0,0.8766894719724438,0.9092801674884876,1.1842678413486953,1.2074392247272665,1.2133316396601423,450.55400824546814,1
radial,26,5,-75,-25.114071483515776,18.38477631085023,6.7292951726655295,41.9496042424765,1.6134463170183269,1.1054917262341142,103.54026721642008,0.7991721920189357,1.1831727181851188,0.21260478394622193,6.506522191779631e-05,0.18653563894995803,4.3522206240239616e-05,6.400035539927793e-05,612,0.8715209408903871,1.0665061036995236,1.7588917727184548,1.7840793463883213,1.7843305374764216,0.23529411764705882,0.0,0.0,0.8741420004894077,0.9065114763694797,1.183483589235392,1.1958577642202706,1.1984435484436535,454.9916481971741,1
radial,26,6,-90,-26.0,12.999999999999996,12.999999999999993,42.14454582978351,1.620944070376289,1.1059191653095088,88.52090344499679,0.8004625273481831,1.1837890023725262,0.2185595142265859,8.96039920942437e-05,0.187597037908803,4.3382668915741766e-05,6.26996653338147e-05,612,0.8888571762072203,1.0699529123206934,1.748921980190232,1.798890647884311,1.7993700324098618,0.17647058823529413,0.0,0.0,0.8776333384296952,0.9098847166830655,1.153408240801819,1.1909975691070143,1.1959187652801728,432.4057059288025,1
radial,26,7,-105,-25.114071483515776,6.729295172665532,18.384776310850235,42.86083852239511,1.648493789322889,1.1051118585344835,73.50804350608688,0.798951914232269,1.1791744331453282,0.21293886967775857,6.821524576651982e-05,0.18718720888980514,4.331347001651941e-05,6.224373171661134e-05,612,0.8620200975972012,1.0607075912475992,1.7301642422680144,1.7581006135025328,1.758291812747722,0.23529411764705882,0.0,0.0,0.876220795143316,0.9083541108274144,1.1995013966053576,1.2083197572821476,1.2086044044315212,432.9617335796356,1
radial,26,8,-120,-22.516660498395407,0.0,22.5166604983954,42.3692821663681,1.6295877756295423,1.1058227219729404,58.5278042568316,0.8005081820586476,1.1765367949504062,0.21925002599502783,9.035475585680387e-05,0.1882803513306084,4.3680191008089034e-05,6.415497503570796e-05,612,0.8858942659705442,1.0704843844371525,1.7490054490348534,1.7704340417182787,1.770639712002579,0.17647058823529413,0.0,0.0,0.8764811436248728,0.9087625205524418,1.185654884105806,1.207411548000618,1.209730460790716,415.74199175834656,1
radial,26,9,-135,-18.38477631085024,-6.729295172665544,25.114071483515776,41.94330419625574,1.6132040075482976,1.1057291596207568,43.53440216384493,0.7993627298999584,1.1828087249836474,0.21272095476677216,3.484148540617596e-05,0.1866580484060164,4.320424324446218e-05,6.417225542766529e-05,612,0.8725737868210501,1.0672041486085253,1.758852929310298,1.7841636240116077,1.7844436703053301,0.23529411764705882,0.0,0.0,0.8770253492421334,0.9088023917421185,1.1783115023361415,1.1953145795788784,1.1974287519389952,475.6729464530945,1
radial,26,10,-150,-12.999999999999998,-13.000000000000005,26.0,42.05892344594749,1.6176509017672112,1.1056619023184762,28.515654932962892,0.8002793806947007,1.1837112008657757,0.21857784242157619,3.1796641678539614e-05,0.18744349744346772,4.319127714580044e-05,6.48095861240421e-05,612,0.8884504646438949,1.0698242512883591,1.7487782978490929,1.7988046646422349,1.7990045746738141,0.17647058823529413,0.0,0.0,0.87698388853545,0.909398369430716,1.1524075790362664,1.191340410538172,1.1940063114826993,500.03687500953674,1
radial,26,11,-165,-6.729295172665546,-18.38477631085024,25.11407148351578,42.77646272356782,1.6452485662910699,1.1049495574835446,13.509758013447938,0.7988326684319741,1.1791140359971786,0.21292714378901131,9.360160929971392e-06,0.18707652860976984,4.3413583146843435e-05,6.411635015031203e-05,612,0.8611999015085569,1.0602740398659536,1.7300908230918315,1.758081979879312,1.7581910343399951,0.23529411764705882,0.0,0.0,0.8742614388791022,0.9069476816430219,1.192190530273306,1.2070296338256101,1.2083116315007791,432.51218485832214,1
radial,26,12,-180,-3.184081677783118e-15,-22.516660498395407,22.516660498395414,42.28132440747714,1.626204784902967,1.1056991853249631,-1.4892118900272,0.800424705406973,1.1765890325314015,0.21928557402817925,0.00015369726584652676,0.18835468885703613,4.365174048720807e-05,6.436395736053723e-05,612,0.8854990819142762,1.0704185086907185,1.74918077254936,1.7703934315036525,1.7705348817924749,0.17647058823529413,0.0,0.0,0.8769123106220222,0.9094006191447657,1.184165268815162,1.20971190695961,1.2117502507197209,415.1464538574219,1
radial,28,0,0,0.0,24.248711305964285,-24.248711305964285,45.17001908167853,1.6132149672028047,1.1056257723733334,178.40584435604922,0.8004342296090553,1.1793300921384269,0.21965950351133212,3.984016187559986e-05,0.18840936390743623,4.36729122096036e-05,6.507309976952574e-05,612,0.8896283595647533,1.0749297199186933,1.757836686838409,1.7709840243488513,1.771154600288064,0.17647058823529413,0.0,0.0,0.8766770248862441,0.909412779773715,1.1869639353717492,1.2114757387849076,1.2126087796592375,422.9207079410553,1
radial,28,1,-15,-7.246933262870581,27.04592313609391,-19.79898987322333,45.06228221097928,1.6093672218206887,1.1056970090352145,163.42644720396143,0.7993962073182947,1.1877247901003052,0.2130693522063746,3.719944126341421e-05,0.18684542177934077,4.343273675770184e-05,6.40020244428443e-05,612,0.8776943426377497,1.0712965079558057,1.7645055486312633,1.7884458595231776,1.7886758438303099,0.23529411764705882,0.0,0.0,0.8749373651663174,0.9070895906006272,1.1884391650667994,1.2011017085460187,1.201760132408671,468.91690397262573,1
radial,28,2,-30,-13.999999999999998,28.0,-14.000000000000009,44.99379529869447,1.6069212606676597,1.1056134282271683,148.4343981918342,0.8003211970611941,1.1867095372344096,0.21903804466961949,3.9932294290675233e-05,0.18768427033841617,4.312946297921083e-05,6.44376735402513e-05,612,0.8921475562260457,1.073681225218685,1.7522326830354675,1.8015277136890697,1.8017349318004015,0.17647058823529413,0.029411764705882353,0.0,0.8757521409887334,0.9078991990758684,1.1496046032361702,1.1908912452553038,1.1943565477794191,467.0346312522888,1
radial,28,3,-45,-19.79898987322333,27.04592313609391,-7.246933262870589,45.76530944829914,1.634475337439255,1.1048424523140015,133.40800949225752,0.7988242277661005,1.1839282452941444,0.2133507889382732,3.581625793707154e-05,0.1871270220287705,4.339198336892085e-05,6.339617514908308e-05,612,0.8667551270731895,1.0650892379113115,1.7338209409362595,1.7606992931955243,1.7609468202399123,0.23529411764705882,0.0,0.0,0.8771057232921521,0.9090249713737557,1.1978925088039745,1.2116701684654951,1.2139530910710772,437.82653737068176,1
radial,28,4,-60,-24.24871130596428,24.24871130596428,-3.429011037612589e-15,45.09165199751167,1.610416142768274,1.105607660755177,118.41512308914578,0.8004086963816848,1.1792374256255647,0.21958542437815165,0.00010959632617483837,0.18833086882630692,4.373821100721298e-05,6.562938599146608e-05,612,0.8891029155921578,1.0747668861756932,1.7577685753913215,1.771072520394405,1.7712424621873408,0.17647058823529413,0.0,0.0,0.8767292572289924,0.9093564158175571,1.1862818867428337,1.2095957668088793,1.2154663156900363,476.4102120399475,1
radial,28,5,-75,-27.04592313609391,19.798989873223327,7.24693326287057,44.98293148235928,1.606533267227117,1.1054378644313987,103.43353203831292,0.799203145189281,1.1880800124549051,0.21303432606154665,6.400580866276211e-05,0.1866799305495244,4.3542737375283504e-05,6.417153127333852e-05,612,0.8774304826600127,1.0711143966382075,1.7643946637271664,1.7883690006650945,1.7886207742684082,0.23529411764705882,0.0,0.0,0.874130983188235,0.906513887127763,1.1857026679745137,1.198912897711113,1.2016811146931934,447.8647198677063,1
radial,28,6,-90,-28.0,13.999999999999995,13.999999999999993,45.01405669838173,1.6076448820850617,1.1058465440256522,88.42112816841323,0.8004757554137949,1.1867185003431973,0.21895322558808963,8.986495894800887e-05,0.18774101787566075,4.33869987874395e-05,6.270712750214534e-05,612,0.8923623886817319,1.0736407446089478,1.7521440743089467,1.8015313449015034,1.802005062254433,0.17647058823529413,0.029411764705882353,0.0,0.877590382540628,0.9098424690354914,1.15302000090054,1.192460668660787,1.1974563970062568,457.8209264278412,1
radial,28,7,-105,-27.04592313609391,7.246933262870573,19.798989873223327,45.93030268440602,1.6403679530145008,1.105007323246678,73.40059030837037,0.7989494831751819,1.1839408213683846,0.21338788848725823,6.530523978302654e-05,0.18737308035219127,4.334104662346634e-05,6.244530610811018e-05,612,0.8669998490888182,1.06482973070578,1.7337663462551138,1.7606482668236714,1.7608324090465965,0.23529411764705882,0.0,0.0,0.8761964934094668,0.9083620129878537,1.2013591101699441,1.21114210041294,1.2112931432753027,433.3497281074524,1
radial,28,8,-120,-24.248711305964285,0.0,24.248711305964278,45.23490583398657,1.6155323512138062,1.1058079660507216,58.427698187829044,0.8005701592054367,1.1792909894425447,0.21968350779797594,9.061590341798212e-05,0.1884549754080037,4.3740012868106745e-05,6.444947178638057e-05,612,0.8898897536216176,1.0749464486941858,1.757601872211665,1.771091120447501,1.7712960540922973,0.17647058823529413,0.0,0.0,0.8765178960065088,0.9088413268742963,1.1876980008572422,1.2095620823762963,1.211876203181054,412.6613435745239,1
radial,28,9,-135,-19.79898987322333,-7.246933262870585,27.04592313609391,44.97576618425524,1.6062773637234016,1.1056738538204804,43.42761590358643,0.7993926903249301,1.1877047357404151,0.21315050103016897,3.5221439428899024e-05,0.1868033618993368,4.322141471740632e-05,6.430489245605793e-05,612,0.8784162582051013,1.0717769506802546,1.7643396580457904,1.7884549147652735,1.7887351357195287,0.23529411764705882,0.0,0.0,0.8770090630695256,0.9087979299972831,1.1805321372908228,1.1985866257310036,1.2006684033944621,453.2709057331085,1
radial,28,10,-150,-13.999999999999998,-14.000000000000007,28.0,44.92837066125418,1.6045846664733634,1.1055895806437144,28.41594882466761,0.800292541160474,1.186641388920579,0.21896991387127493,3.160945751874657e-05,0.18758654880736111,4.319537344733976e-05,6.494010239581347e-05,612,0.891914651241506,1.0735039950299066,1.7520135407070754,1.8014442663362016,1.8016476712293976,0.17647058823529413,0.029411764705882353,0.0,0.8769597693552823,0.9093752344198636,1.1519852220766629,1.192864010763252,1.1954848265288718,485.17618227005005,1
radial,28,11,-165,-7.246933262870589,-19.79898987322333,27.045923136093915,45.84543937839532,1.6373371206569758,1.1048449428625324,13.402239466918006,0.7988303087259168,1.1838843324090367,0.21337704015308032,8.242583050949257e-06,0.18726226539049012,4.344134879147441e-05,6.419041602134787e-05,612,0.8661731481728193,1.0643987051528199,1.733693793464988,1.7606263940387992,1.760735357752042,0.23529411764705882,0.0,0.0,0.8742153947649273,0.9069337027967432,1.1938562068234937,1.2097425577296559,1.211102045013205,426.4247987270355,1
radial,28,12,-180,-3.429011037612589e-15,-24.248711305964285,24.248711305964292,45.14649416364248,1.61237479155866,1.1056847530478797,-1.589351258698573,0.800486788683905,1.1793414639855522,0.21971827376064168,0.0001542075724946077,0.1885294091555865,4.3711475744662613e-05,6.443509952728256e-05,612,0.889498124978312,1.0748681953364565,1.7577778883153574,1.771050259710461,1.7711941951453443,0.17647058823529413,0.0,0.0,0.876963731385023,0.9094890195478968,1.1862096509890607,1.2118578548910517,1.213915150692465,410.3727593421936,1
radial,30,0,0,0.0,25.98076211353316,-25.98076211353316,47.9819357102399,1.5993978570079967,1.1055886429738169,178.30754617262917,0.8004855588290903,1.1818405775851955,0.2201253308839047,4.019308001400063e-05,0.18860385561668297,4.373379735611269e-05,6.533101876461526e-05,612,0.8933737690847244,1.0793693819579018,1.7659662970871606,1.771646445042453,1.7718164839612471,0.17647058823529413,0.0,0.0,0.8767265978659323,0.9095012757870857,1.189196510513616,1.2135802514822902,1.2147208463500778,431.9531099796295,1
radial,30,1,-15,-7.764571353075622,28.97777478867205,-21.213203435596427,48.06542821281038,1.6021809404270126,1.1056303567542887,163.32072826592562,0.7994226305438608,1.1924575460799758,0.2135268455447599,3.7117384462558995e-05,0.18699883562055394,4.345319042220983e-05,6.421525789664247e-05,612,0.8837795010448563,1.076060487626812,1.7698929554501235,1.7926630191058135,1.7928938421428458,0.23529411764705882,0.0,0.0,0.8749244320013608,0.907093982184452,1.1905841503658687,1.204361715649684,1.2049612479792786,476.89901971817017,1
radial,30,2,-30,-14.999999999999998,30.0,-15.00000000000001,47.82473653606127,1.5941578845353759,1.105510816339069,148.33606293015706,0.8003178410242638,1.1893946186316324,0.2194616750802054,4.0074548518044987e-05,0.18784625709915043,4.3132744123816235e-05,6.437841418539337e-05,612,0.8953493085099608,1.0772945244109482,1.7553878968911543,1.8041305539515982,1.8043413576843037,0.20588235294117646,0.029411764705882353,0.0,0.875704816262244,0.9078539775020025,1.149293890790249,1.192245523905154,1.195756361298183,459.48949098587036,1
radial,30,3,-45,-21.213203435596427,28.977774788672047,-7.76457135307563,48.80740366781097,1.626913455593699,1.104725282627887,133.30135355763963,0.7988186263897152,1.1885631772702019,0.2138356509067208,3.5738192764759554e-05,0.18732509517420448,4.342416729514524e-05,6.35350974646433e-05,612,0.8716655037544636,1.0694164638835828,1.73735063878516,1.7632035304027367,1.76344656961958,0.23529411764705882,0.0,0.0,0.8770566324974347,0.9090101958034718,1.1994883805899377,1.2143758301543197,1.2166203691392399,436.0909695625305,1
radial,30,4,-60,-25.980762113533157,25.980762113533157,-3.67394039744206e-15,47.90288465620795,1.5967628218735983,1.1055695847432745,118.31683882089119,0.8004590658461765,1.1817467547836025,0.22004977322653063,0.0001103009872139354,0.18852592135494392,4.3802634115283196e-05,6.590937891578419e-05,612,0.8928354853808242,1.0792123953065362,1.7658987539014934,1.7717345743851758,1.7719020089325086,0.17647058823529413,0.0,0.0,0.8767600421905033,0.9094258671373276,1.18848378214018,1.211712715415063,1.2175628081794005,499.11695098876953,1
radial,30,5,-75,-28.97777478867205,21.21320343559642,7.764571353075611,47.98677699175332,1.5995592330584438,1.1053713465439885,103.32780766917672,0.7992300856807844,1.1928240066112288,0.2134945703292098,6.2993187770501e-05,0.18683420264402895,4.356575654342724e-05,6.439961870725034e-05,612,0.8835499938204918,1.0759017056937326,1.7697849839306425,1.792589960630706,1.7928372569173643,0.23529411764705882,0.0,0.0,0.8741157364835955,0.9065146562354214,1.1878452521837501,1.2015187501861864,1.2048778816270467,449.65272855758667,1
radial,30,6,-90,-30.0,14.999999999999995,14.999999999999991,47.84520336170673,1.594840112056891,1.1057427318897333,88.32273729053823,0.8004718501761534,1.1894013312215794,0.2193788232406158,9.013242103186394e-05,0.1879048147119525,4.339007463839861e-05,6.280611251921781e-05,612,0.895591763016088,1.0772523233835654,1.7553007002612764,1.8041355775031733,1.8046037489494746,0.20588235294117646,0.029411764705882353,0.0,0.877532090316114,0.9097856111163134,1.1527527294983517,1.193793621801063,1.1988658509073524,431.0139307975769,1
radial,30,7,-105,-28.97777478867205,7.764571353075614,21.213203435596423,48.97332603036736,1.6324442010122453,1.104891103138926,73.29401352778765,0.7989439504792646,1.1885748820426743,0.21386882023984075,6.250727789533716e-05,0.1875697000491089,4.337169349705692e-05,6.264269176339005e-05,612,0.8719406761357242,1.069155899015821,1.7372942489237841,1.763154350927358,1.7633327629019848,0.23529411764705882,0.0,0.0,0.8761689088626514,0.908370544861869,1.2029785726710749,1.2138870465693783,1.213908981149217,441.81514501571655,1
radial,30,8,-120,-25.98076211353316,0.0,25.980762113533153,48.04688044180166,1.6015626813933888,1.1057710430858378,58.32943199990666,0.8006216517199121,1.18180339859334,0.22014929302564656,9.087729735558569e-05,0.18864886654674673,4.380208713410237e-05,6.475376869754478e-05,612,0.8936320778594107,1.0793995675128476,1.7657396514689077,1.7717509991908555,1.7719552991555423,0.17647058823529413,0.0,0.0,0.876546065326373,0.9089135676505387,1.1899360468004565,1.211677453490214,1.2139887223622645,470.1226842403412,1
radial,30,9,-135,-21.213203435596427,-7.7645713530756275,28.97777478867205,47.9787998553315,1.59929332851105,1.105605846273413,43.321837404338076,0.799418628563406,1.1924380147365183,0.2136108732561629,3.560432871920545e-05,0.18695872613540188,4.324105788509184e-05,6.444091940144808e-05,612,0.8844536845121698,1.076525857075611,1.7697046278931179,1.7926703523299223,1.7929527952006798,0.23529411764705882,0.0,0.0,0.8769881948502574,0.9087915919607721,1.1827092876262018,1.2018175016202934,1.2038677585711024,452.58812165260315,1
radial,30,10,-150,-14.999999999999998,-15.000000000000007,30.0,47.75949527715887,1.5919831759052956,1.105486062026289,28.31762588554138,0.8002885434101552,1.1893249215913015,0.2193937602991161,3.1428473661437985e-05,0.187749395831601,4.319830873045046e-05,6.506847736487602e-05,612,0.895107509689617,1.0771081733807784,1.7551849030096327,1.8040477154022019,1.8042548172900674,0.20588235294117646,0.029411764705882353,0.0,0.8769199206885184,0.9093373927192114,1.1516847879658894,1.1942555207424959,1.1968362471976268,470.3414716720581,1
radial,30,11,-165,-7.76457135307563,-21.213203435596427,28.977774788672054,48.88801889429583,1.629600629809861,1.1047286053161025,13.295597378749642,0.7988248165543709,1.1885228235353216,0.21385883228474498,7.215748892664498e-06,0.18745868501798066,4.3472212587307614e-05,6.42614172216753e-05,612,0.8711059578716358,1.0687278064635564,1.7372224212986047,1.763130445274294,1.7632397677997373,0.23529411764705882,0.0,0.0,0.874166206538247,0.9069207219658959,1.1954657673319855,1.2123885095511149,1.213806974409672,436.7333104610443,1
radial,30,12,-180,-3.67394039744206e-15,-25.98076211353316,25.98076211353317,47.95799604410456,1.5985998681368188,1.105648157106003,-1.6876513601276892,0.8005383892258203,1.18185216524062,0.22018327593974513,0.00015470210487238662,0.18872336084467653,4.377341143949663e-05,6.449487959649976e-05,612,0.8932482810389509,1.0793104020073696,1.765916293591758,1.7717099341994604,1.771856220945858,0.17647058823529413,0.0,0.0,0.8770067004835188,0.9095705400455808,1.1884396152265908,1.2139628835825345,1.2160391192285407,408.77640676498413,1
radial,32,0,0,0.0,27.71281292110204,-27.71281292110204,50.74785834340791,1.5858705732314973,1.1055316638325319,178.21082611934716,0.8005277542047364,1.184143623832303,0.2206213635454008,4.052848612058616e-05,0.18881482087720014,4.379723942694635e-05,6.559122904376657e-05,612,0.8969018319393246,1.0838272628743881,1.771991539014876,1.7740092273000658,1.7743977661463983,0.20588235294117646,0.0,0.0,0.8767692035850814,0.9095845048721297,1.191578423343764,1.2156434159239125,1.2167942711410102,441.1642315387726,1
radial,32,1,-15,-8.282209443280664,30.909626441250186,-22.627416997969522,51.02700186470416,1.594593808272005,1.1055506834421538,163.2164866389194,0.7994444115413808,1.1969908195444958,0.21401263822818894,3.7043339758143777e-05,0.18716279405205702,4.347593302941206e-05,6.442896178028503e-05,612,0.8903287272529146,1.0809466594596355,1.77516549682946,1.796812552401951,1.7970443736953385,0.23529411764705882,0.0,0.0,0.8749063009024244,0.9070956226575948,1.1926148618015142,1.2075119620477202,1.208054529046172,470.84596514701843,1
radial,32,2,-30,-15.999999999999998,32.0,-16.00000000000001,50.62423434567407,1.5820073233023146,1.1053791757049334,148.23887604436783,0.8002986840965044,1.1918674871333392,0.21991567662714862,4.0222740446706575e-05,0.18802559225206564,4.313543552383206e-05,6.430626223199329e-05,612,0.8982968597801292,1.0808600446173844,1.758475340875033,1.8066950009122418,1.806909655491164,0.20588235294117646,0.029411764705882353,0.0,0.8756442367463819,0.9077968191190068,1.1490804728988058,1.1935058213255412,1.1970519292348492,458.91716480255127,1
radial,32,3,-45,-22.627416997969522,30.909626441250182,-8.282209443280673,51.81545059977328,1.619232831242915,1.1045964324928301,133.1958704890134,0.7988097039664304,1.1930381460672193,0.21435088014781095,3.563484251591384e-05,0.1875342395073699,4.345950081697402e-05,6.366846243280025e-05,612,0.8766370173002214,1.0739127998127849,1.7408199449493054,1.7656736826007726,1.7659116286820589,0.23529411764705882,0.0,0.0,0.8770046353404972,0.9089964755244561,1.2010411439959354,1.2170116868547276,1.2192178235646693,431.95626878738403,1
radial,32,4,-60,-27.712812921102035,27.712812921102035,-3.91886975727153e-15,50.66816588913012,1.5833801840353163,1.1055116783581054,118.22013070646163,0.8005003011030262,1.1840487463301974,0.220544257730789,0.0001110028337419722,0.18873739437961165,4.386950060769172e-05,6.619479353597465e-05,612,0.8963506542350009,1.0836749469921807,1.7722619722725554,1.7739171001655005,1.7743325357898643,0.20588235294117646,0.0,0.0,0.8767831113094116,0.9094899119497113,1.1908368089115484,1.2137893178995196,1.219619842248434,484.247759103775,1
radial,32,5,-75,-30.909626441250186,22.627416997969515,8.282209443280651,50.94909426083671,1.5921591956511472,1.1052918876918003,103.22355953898547,0.799252425357844,1.1973686236222454,0.21398301228660635,6.202413906870017e-05,0.1869989458377372,4.359099979529551e-05,6.462756789243672e-05,612,0.8901389631270317,1.0808121059936977,1.775062950213373,1.7967470016482505,1.7969864190795537,0.23529411764705882,0.0,0.0,0.8740962199554441,0.906513768348253,1.1898514612610531,1.2046259343330574,1.207964833682594,445.2720651626587,1
radial,32,6,-90,-32.0,15.999999999999995,15.999999999999991,50.64487609298489,1.5826523779057777,1.1056098538321084,88.22549365979818,0.8004521350074213,1.1918718451676982,0.21983489451678082,9.040468585903491e-05,0.18808601743172212,4.339257133129885e-05,6.290476223646949e-05,612,0.8985669678219381,1.0808165667328453,1.7583894526914647,1.8067011270444233,1.8071638039250704,0.20588235294117646,0.029411764705882353,0.0,0.8774599759459695,0.9097161032241258,1.152574460292701,1.1950279866206253,1.200176543259639,412.0888845920563,1
radial,32,7,-105,-30.909626441250186,8.282209443280655,22.62741699796952,51.98217243633795,1.6244428886355609,1.1047631569585297,73.188615609433,0.7989350562924008,1.1930481928644063,0.21438008065685218,5.982815064644369e-05,0.18777740038961357,4.340554615491258e-05,6.28343474726897e-05,612,0.8769447499373421,1.0736517393807996,1.7407620028523,1.765624402020481,1.7657983721309882,0.23529411764705882,0.0,0.0,0.876137902225133,0.9083795856741639,1.2045526865592753,1.2164742950266139,1.216583337151257,438.8157389163971,1
radial,32,8,-120,-27.71281292110204,0.0,27.71281292110203,50.81288903454554,1.5879027823295482,1.1057142789466787,58.2327440515199,0.8006640176572607,1.1841084187768782,0.22064528202917982,9.113850671976243e-05,0.18885925589322416,4.386666956469665e-05,6.506619683830977e-05,612,0.8971531569013578,1.083868644992371,1.7722948364022535,1.7738148263087894,1.7741272235104066,0.2042483660130719,0.0,0.0,0.8765669451550931,0.9089806055721775,1.1923195516268843,1.2137487261336024,1.2160534244607724,484.4750654697418,1
radial,32,9,-135,-22.627416997969522,-8.282209443280669,30.909626441250186,50.94038595958634,1.591887061237073,1.105524880870227,43.21753126071031,0.7994399752721262,1.196972345772366,0.21409955592393937,3.598849095646599e-05,0.18712462576313546,4.3262975147193226e-05,6.45792719382751e-05,612,0.890945110148427,1.0813957494692843,1.7749763469546245,1.7968194824206563,1.7971030549231746,0.23529411764705882,0.0,0.0,0.8769625985218348,0.9087833501543249,1.1847698153777848,1.204937902337387,1.2069591540692306,457.0158200263977,1
radial,32,10,-150,-15.999999999999998,-16.000000000000007,32.0,50.55918434964188,1.5799745109263088,1.1053534838202574,28.22044898842819,0.8002687212007542,1.1917961907648689,0.2198479782335131,3.1254270967841876e-05,0.18792962559131998,4.320074737681636e-05,6.519522811069373e-05,612,0.8980491367942887,1.0806652846157807,1.7582887844543884,1.8066172074841738,1.8068237700393466,0.20588235294117646,0.029411764705882353,0.0,0.8768660609479626,0.9092869476692943,1.151473578569569,1.1955476188189915,1.1980918200337642,479.02619647979736,1
radial,32,11,-165,-8.282209443280673,-22.627416997969522,30.90962644125019,51.89649210977594,1.6217653784304982,1.104600514863513,13.190133804271863,0.7988159392686299,1.1930011505821303,0.21437092967024524,6.305399967932477e-06,0.18766611864065136,4.350628771002582e-05,6.432691183814451e-05,612,0.8761022303891189,1.073226831146947,1.7406907511552088,1.7655997211685384,1.7657097271181195,0.23529411764705882,0.0,0.0,0.8741138166753152,0.9069087669132558,1.1970197530599798,1.21495596562051,1.2164572794279431,432.03043818473816,1
radial,32,12,-180,-3.91886975727153e-15,-27.71281292110204,27.71281292110205,50.72350671422172,1.5851095848194288,1.1055917099597576,-1.7843734836236265,0.8005808558827169,1.1841554123954654,0.22067848418736483,0.00015517691440141744,0.18893378265421587,4.383780938789158e-05,6.454584206064043e-05,612,0.8967798311715571,1.0837696103529546,1.7722417380926847,1.773937884924339,1.7742911924631277,0.20588235294117646,0.0,0.0,0.8770424588959328,0.9096465783808376,1.1908201882443283,1.2160273844693923,1.218122624254208,417.4057664871216,1
radial,34,0,0,0.0,29.444863728670917,-29.444863728670917,53.47363904130712,1.5727540894502094,1.1054566236034475,178.11548535614284,0.8005618526510414,1.1862657303134978,0.22114590839750367,4.084651146566787e-05,0.18904010212765424,4.386345602755456e-05,6.585364361695129e-05,612,0.900236525776396,1.0883201247332452,1.7726498717830106,1.781408259414928,1.7818027054038765,0.20588235294117646,0.0,0.0,0.8768057611102017,0.9096635072065146,1.1940817550896266,1.2176646445610022,1.2188284909016625,439.3859369754791,1
radial,34,1,-15,-8.799847533485705,32.84147809382832,-24.041630560342618,53.92878459973882,1.58614072352173,1.1054571023644262,163.1144209143011,0.7994603209282263,1.2012658281439215,0.2145229832221313,3.6973203846102975e-05,0.1873383811530025,4.350042253285216e-05,6.463819988487136e-05,612,0.8970844279044335,1.0858641192260161,1.7803720311580764,1.800902521036386,1.8011345675146322,0.23529411764705882,0.029411764705882353,0.0,0.8748818953414332,0.9070931548821485,1.1944305694317794,1.210451565546863,1.2109405221147413,467.3517642021179,1
radial,34,2,-30,-16.999999999999996,34.0,-17.00000000000001,53.39726296140384,1.5705077341589364,1.1052206607593096,148.14266315119627,0.8002650939231244,1.1941564592331115,0.22039877384206255,4.037694449245248e-05,0.18822018199902488,4.3138178896719676e-05,6.430620832378599e-05,612,0.9010112482193168,1.084404791945757,1.7614949881672994,1.809219925183208,1.8094385869867462,0.20588235294117646,0.029411764705882353,0.0,0.8755719077990787,0.9077296392823507,1.148933586822911,1.1946916166139514,1.1982718486605444,477.0754783153534,1
radial,34,3,-45,-24.041630560342618,32.84147809382832,-8.799847533485714,54.77686655767931,1.6110843105199797,1.1044556019521243,133.09204581914784,0.7987968618451943,1.1973098182441932,0.21489396906426603,3.550414973221149e-05,0.187755062948362,4.349809768772836e-05,6.379307791233636e-05,612,0.8818399699167698,1.0785168953432538,1.75301072919311,1.76811625956489,1.7683484953728368,0.23529411764705882,0.0,0.0,0.8769495683712614,0.9089837969325777,1.2025752970571746,1.2195914022081447,1.2217606508857912,426.97263073921204,1
radial,34,4,-60,-29.444863728670914,29.444863728670914,-4.1637991171010006e-15,53.39334643823323,1.5703925423009775,1.1054357381958533,118.1247999382049,0.8005334469954037,1.1861699572334283,0.22106719820212312,0.00011170242417001028,0.18896313065227777,4.393901503350348e-05,6.648518548565442e-05,612,0.8996712417301868,1.0881710555852833,1.7729222032416678,1.7813145653767863,1.7817422530960165,0.20588235294117646,0.0,0.0,0.8767994734428258,0.9095496567778241,1.193311638484985,1.2158244165754826,1.221637939090818,479.9428985118866,1
radial,34,5,-75,-32.84147809382832,24.04163056034261,8.799847533485693,53.85167397805861,1.5838727640605472,1.1051985870756573,103.12148481307948,0.7992689271556156,1.201655336219559,0.2144959183918451,6.110282060527796e-05,0.18717523697353028,4.361779082342952e-05,6.48498250982835e-05,612,0.8969350231759537,1.0857547191372061,1.7802680581128258,1.8008418042967265,1.801075321027869,0.23529411764705882,0.029411764705882353,0.0,0.8740719920147301,0.9065106574330155,1.1916432354687052,1.2075247487149168,1.2108443365888097,443.92763781547546,1
radial,34,6,-90,-34.0,16.999999999999993,16.99999999999999,53.41804427519401,1.571118949270412,1.1054500739671815,88.12922321568621,0.8004179826967787,1.1941584511900112,0.2203201517131765,9.068210999159535e-05,0.18828252486651617,4.3395133685251265e-05,6.300316217104463e-05,612,0.9013086243363507,1.0843604869949366,1.7614103656307885,1.8092269153710585,1.8096841701988338,0.20588235294117646,0.029411764705882353,0.0,0.8773755913693176,0.9096359124710834,1.152459500786363,1.1961881980129327,1.201415011630685,414.1935613155365,1
radial,34,7,-105,-32.84147809382832,8.799847533485696,24.041630560342615,54.94424774725306,1.6160072866839135,1.1046231776841047,73.08488251352861,0.7989221957862304,1.1973175967768073,0.21491915798650402,5.727729525781286e-05,0.18799678446040508,4.344271994861971e-05,6.30177862383484e-05,612,0.8821815632098035,1.0782560630833444,1.7528965743648506,1.7680662223517403,1.7682358239490288,0.23529411764705882,0.0,0.0,0.8761030099934412,0.9083886067813706,1.2061096497361414,1.2190371327716079,1.2192020351936055,445.66917610168457,1
radial,34,8,-120,-29.444863728670917,0.0,29.44486372867091,53.53877567741272,1.57466987286508,1.1056394630461663,58.13743587770343,0.8006982923828526,1.1862323924809441,0.22116976966004376,9.13979934665971e-05,0.18908397870630642,4.393396904481677e-05,6.538619042888504e-05,612,0.900477408144218,1.0883705667863617,1.7729542309439041,1.7812224049785534,1.7815248487777342,0.20588235294117646,0.0,0.0,0.8765815857043958,0.9090435787469068,1.1948253398839606,1.2157787046993112,1.2180744596333555,460.84920597076416,1
radial,34,9,-135,-24.041630560342618,-8.79984753348571,32.84147809382832,53.84230452017354,1.58359719176981,1.1054300753750859,43.11539545160622,0.7994555012474338,1.201248979735515,0.21461278372287826,3.6372736599562666e-05,0.1873021325873891,4.3286594494499105e-05,6.471789555537642e-05,612,0.8976416122223225,1.0862964668241633,1.780154096739758,1.8009130004947869,1.801192960506518,0.23529411764705882,0.029411764705882353,0.0,0.8769316794289103,0.9087726202825235,1.1865793644279479,1.2078471147218888,1.2098420070394007,445.2272126674652,1
radial,34,10,-150,-16.999999999999996,-17.000000000000007,34.0,53.3324165914575,1.5686004879840443,1.1051939930777372,28.124243822389882,0.8002344377346474,1.1940835712738387,0.220331297332022,3.10852885984348e-05,0.18812514316710052,4.320332169001415e-05,6.532068355763972e-05,612,0.9007591528258564,1.0842020532732495,1.7613211118915535,1.8091487202051162,1.8093533621791278,0.20588235294117646,0.029411764705882353,0.0,0.8767998593913935,0.9092259374116324,1.1513275823604594,1.1967636947463467,1.1992742935620684,483.0127079486847,1
radial,34,11,-165,-8.799847533485714,-24.041630560342618,32.84147809382833,54.85825958382643,1.6134782230537186,1.104460356955925,13.08633523284924,0.7988030674200164,1.1972758949062436,0.2149108250320211,5.555798834670895e-06,0.18788517811346594,4.3543653938544536e-05,6.438281268044164e-05,612,0.8813319230181155,1.0778340680874716,1.7530026976933413,1.7680408232365774,1.7681516976151797,0.23529411764705882,0.0,0.0,0.8740577712699695,0.9068974285458571,1.1985589117385718,1.2174718877524595,1.2190487067829505,434.78073835372925,1
radial,34,12,-180,-4.1637991171010006e-15,-29.444863728670917,29.444863728670928,53.44887331011196,1.5720256855915284,1.1055171999603384,-1.8797162468486082,0.8006152250990249,1.186277722481818,0.22120220456074116,0.00015563186154157028,0.1891585161845789,4.390488687036938e-05,6.458978139212346e-05,612,0.9001165286119155,1.0882624214269732,1.7728989439642282,1.7813391885275607,1.7816986331283005,0.20588235294117646,0.0,0.0,0.8770719811040515,0.9097182495087438,1.1933232948473913,1.2180507295127028,1.220164551020987,417.3911757469177,1
radial,36,0,0,0.0,31.176914536239792,-31.176914536239792,56.16395680751224,1.5601099113197845,1.1053650565195168,178.02136409414896,0.8005887437367255,1.1889398443541779,0.22169749434254368,4.114762475601761e-05,0.18927786072922828,4.393262556484145e-05,6.611820907878063e-05,612,0.903399531901551,1.0928615060194917,1.773304659500953,1.788500060109888,1.7888995863001356,0.20588235294117646,0.0,0.0,0.8768370455338805,0.9097391650667953,1.1966849740789547,1.2196448193560159,1.2208214337215582,443.4662868976593,1
radial,36,1,-15,-9.317485623690747,34.77332974640646,-25.455844122715714,56.75102811923883,1.5764174477566342,1.1053486647251998,163.0152854839266,0.7994689027356741,1.2052212637581854,0.21505305538331476,3.691271500182985e-05,0.18752660260792373,4.352579648503365e-05,6.483704905610563e-05,612,0.9036614331048705,1.090704531881498,1.7855323875023021,1.8049393095102055,1.8051709031317107,0.20588235294117646,0.029411764705882353,0.0,0.8748499094263364,0.9070848051012197,1.1959222603011146,1.2130729721542282,1.2135138516098913,468.57398295402527,1
radial,36,2,-30,-17.999999999999996,36.0,-18.00000000000001,56.14747418834563,1.5596520607873787,1.1050373267302764,148.04729436653432,0.8002183878816237,1.1962850345737697,0.22090981885870498,4.053664712773954e-05,0.18842821941656004,4.314157111480409e-05,6.441116109632747e-05,612,0.9035124571054157,1.0879523726775666,1.7644484380738754,1.811705054418108,1.8119277667500255,0.20588235294117646,0.029411764705882353,0.0,0.8754892756581765,0.9076542666402788,1.149179832136584,1.1958190143968292,1.1994261569199092,475.4926846027374,1
radial,36,3,-45,-25.455844122715714,34.77332974640645,-9.317485623690757,57.67501659054084,1.6020837941816901,1.1043021966334199,132.99051784323015,0.7987791238319903,1.2013217241032161,0.21546142404255236,3.53492100778842e-05,0.1879884650576373,4.3540004966707404e-05,6.390516686141042e-05,612,0.8872788942399235,1.0831430785751242,1.7654679604514947,1.7705337880623977,1.7707643092313523,0.23529411764705882,0.0,0.0,0.8768910010569786,0.9089718116977871,1.2041276918351684,1.2221279109967649,1.2242614613562048,424.11068987846375,1
radial,36,4,-60,-31.17691453623979,31.17691453623979,-4.408728476930472e-15,56.08310112221261,1.5578639200614615,1.1053432935170802,118.03068685717221,0.8005593913707755,1.18902371032272,0.2216171351265896,0.00011239698009564696,0.18920129816431683,4.401133834725128e-05,6.678028092519024e-05,612,0.9028179572460284,1.0927139596160858,1.7735790491574646,1.7884051351741843,1.7888440134673511,0.20588235294117646,0.0,0.0,0.8768099848492606,0.9096060331009876,1.1958867828834938,1.2178177273823754,1.2236148754682505,475.49277663230896,1
radial,36,5,-75,-34.77332974640646,25.455844122715703,9.317485623690732,56.67470784885648,1.5742974402460133,1.1050904800143664,103.02233961105239,0.7992781258606262,1.2056220833623361,0.21502847525968535,6.024261207902798e-05,0.1873640976065161,4.36451115450248e-05,6.505960214117118e-05,612,0.9035537809564363,1.0906204051027857,1.7854247463710116,1.8048827200570052,1.805110495016651,0.20588235294117646,0.029411764705882353,0.0,0.8740424307967112,0.9065044015948974,1.193114727984338,1.2101088072464559,1.2134104646810036,459.4497640132904,1
radial,36,6,-90,-36.0,17.999999999999993,17.99999999999999,56.16837467873431,1.560232629964842,1.1052654496110776,88.0337957442128,0.8003707114718535,1.196284597598245,0.22083344193421062,9.096198461406717e-05,0.1884925272283237,4.3398360564249654e-05,6.310131025667265e-05,612,0.9038359736857964,1.087907715046548,1.7643649262076042,1.8117126015574279,1.812164482191549,0.20588235294117646,0.029411764705882353,0.0,0.8772804207373232,0.9095469053457815,1.1523905056446768,1.1972909902417415,1.202597835818014,441.72796177864075,1
radial,36,7,-105,-34.77332974640646,9.317485623690736,25.45584412271571,57.84296571452532,1.6067490476257034,1.1044705651529962,72.98345087954056,0.7989043893897531,1.2013271628569275,0.21548256603770197,5.487203798744467e-05,0.18822874999684094,4.348326173908926e-05,6.319008851661106e-05,612,0.8876566080143662,1.0828832050397945,1.7653663320888335,1.7704870732181304,1.7706522742040902,0.23529411764705882,0.0,0.0,0.876063399744018,0.9083965860054319,1.2076826961551979,1.2215968564628459,1.2217769823742397,443.8196818828583,1
radial,36,8,-120,-31.176914536239792,0.0,31.176914536239785,56.22921973519416,1.56192277042206,1.1055481227768569,58.043347719026464,0.8007253602223221,1.1891277559508358,0.22172128352549564,9.165555114595504e-05,0.18932119373270723,4.40041625691243e-05,6.571336965255246e-05,612,0.9036264175264912,1.092918947111008,1.7736101221140372,1.788322630731477,1.7886145902262116,0.20588235294117646,0.0,0.0,0.8765908839653058,0.9091034635649163,1.1974348728077189,1.2177678421653206,1.2200564763451378,475.79527592658997,1
radial,36,9,-135,-25.455844122715714,-9.317485623690752,34.77332974640646,56.66471937481503,1.5740199826337509,1.105320480312227,43.01618760315597,0.7994637457012094,1.2052060068620503,0.2151457063634566,3.675404171818154e-05,0.18749226903454233,4.331101208407962e-05,6.485406213100062e-05,612,0.9041573015835996,1.091120068567864,1.7853143857965195,1.8049483020781076,1.8052290553914523,0.20588235294117646,0.029411764705882353,0.0,0.8768946668033828,0.9087584671123041,1.188070328152112,1.2104392285267922,1.2124137096700658,437.063241481781,1
radial,36,10,-150,-17.999999999999996,-18.000000000000007,36.0,56.08284764138126,1.557856878927257,1.1050096514310497,28.02888052415284,0.8001870156439893,1.196210501048196,0.22084257316701422,3.091947763903425e-05,0.1883341351425112,4.320662431812353e-05,6.544511858928467e-05,612,0.9032568678051208,1.0877419932163575,1.7642845857273675,1.8116408008600904,1.8118432297882763,0.20588235294117646,0.029411764705882353,0.0,0.876722893972427,0.9091562863376645,1.1512294575782205,1.197920770924705,1.200400298029944,481.5774300098419,1
radial,36,11,-165,-9.317485623690757,-25.455844122715714,34.77332974640646,57.75669395545489,1.604352609873747,1.1043075178854145,12.98484000797454,0.7987852135724625,1.2012903279041904,0.2154750432405847,5.028645063069837e-06,0.1881167811096735,4.3584312945662326e-05,6.442418988011252e-05,612,0.8868000549013038,1.0824635700101206,1.765477550294427,1.7704615086018378,1.7705726911562771,0.23529411764705882,0.0,0.0,0.8739972972623393,0.9068858720218219,1.2001153021651956,1.2199492715527451,1.2215954817189498,438.4973602294922,1
radial,36,12,-180,-4.408728476930472e-15,-31.176914536239792,31.176914536239806,56.13877465353298,1.5594104070425827,1.1054261612823624,-1.9738393769997582,0.8006423863903473,1.1889449003888595,0.2217529664776404,0.00015606574695986215,0.1893957234284018,4.3974822215003984e-05,6.462810946528095e-05,612,0.9032799061699026,1.0928022642004236,1.773552523458459,1.7884328389288098,1.7887979777913694,0.20588235294117646,0.0,0.0,0.877096095065214,0.9097865031525211,1.1959259693980075,1.2200323866599714,1.2221641441447,424.39388632774353,1
radial,38,0,0,0.0,32.908965343808674,-32.908965343808674,58.82260836180219,1.5479633779421629,1.105258327361474,177.92833246095512,0.8006092139639895,1.1932590678307085,0.22227476979024433,4.14301749481953e-05,0.18952647086296084,4.4004888310175656e-05,6.638487421005071e-05,612,0.9064090011887891,1.0974623740509006,1.7739545905905916,1.795315130585035,1.7957190211170921,0.20588235294117646,0.0,0.0,0.8768637217016637,0.9098122335519461,1.1993697450496987,1.2215845777300207,1.2227716316524802,472.6001124382019,1
radial,38,1,-15,-9.835123713895788,36.70518139898459,-26.870057685088806,59.48257466057124,1.5653309121202958,1.105225102887107,162.91950914671256,0.7994692501711411,1.2088264086116582,0.21559841342791947,3.687033945743578e-05,0.18772756931644805,4.355122777276425e-05,6.502099606483212e-05,612,0.9098869946957561,1.0953926433628378,1.7906554864436277,1.8089256519405337,1.809157057148305,0.20588235294117646,0.029411764705882353,0.0,0.8748095586415625,0.9070693305247044,1.197024204947515,1.2153112857702397,1.215710259230927,476.70152521133423,1
radial,38,2,-30,-18.999999999999996,38.0,-19.000000000000014,58.87704837392508,1.5493960098401336,1.104831321302397,147.95268726846982,0.800159946761895,1.1982716506987945,0.22144764226855687,4.069441783372993e-05,0.18864810500698093,4.314615093221183e-05,6.451576760400808e-05,612,0.9058195151512385,1.0915233876603312,1.7673396852734198,1.8141511438532556,1.8143779397386983,0.20588235294117646,0.029411764705882353,0.0,0.875397758509895,0.9075724489660055,1.150877225117364,1.1968986314724026,1.200546628243547,475.88175916671753,1
radial,38,3,-45,-26.870057685088806,36.70518139898459,-9.835123713895799,60.49481349545751,1.5919687761962502,1.1041356946624046,132.89186694336652,0.7987554810056091,1.205024268800819,0.2160492625835001,3.518019498252918e-05,0.18823509252392628,4.358517507083255e-05,6.400168472159564e-05,612,0.8926720458761025,1.087702513221931,1.7728400720509916,1.777524492711591,1.7779671671273065,0.2647058823529412,0.0,0.0,0.8768284354063689,0.9089599664526936,1.2057321336788374,1.2246358362839374,1.2267337205752793,434.5385353565216,1
radial,38,4,-60,-32.90896534380867,32.90896534380867,-4.653657836759942e-15,58.74121993851725,1.5458215773294013,1.1052357245613125,117.93766173802001,0.800578934261056,1.1933397126581817,0.22219273108627033,0.00011308843205401103,0.1894502710411047,4.408661473517931e-05,6.707984861318246e-05,612,0.9058076605625833,1.0973144893101847,1.7742309833386312,1.7952190160861587,1.7956683913678848,0.20588235294117646,0.0,0.0,0.8768154088212554,0.9096598722981186,1.1985431220937006,1.2197690251113862,1.2255506885566139,485.7728123664856,1
radial,38,5,-75,-36.70518139898459,26.8700576850888,9.835123713895774,59.40699874073096,1.563342072124499,1.104967263462532,102.92655387851157,0.7992790903041577,1.2092377237283187,0.21557624754971075,5.945714808492387e-05,0.1875656528677673,4.3672016826075375e-05,6.525188303417763e-05,612,0.9098189194828096,1.0953328760244048,1.7905570343448278,1.808873537190168,1.8090955466653407,0.20588235294117646,0.029411764705882353,0.0,0.8740071299062862,0.906494232004464,1.194199888599227,1.2123107789050394,1.2155991412642253,459.5934615135193,1
radial,38,6,-90,-38.0,18.999999999999993,18.99999999999999,58.89805501486309,1.5499488161806076,1.1050581383573317,87.9391286599764,0.800311708192205,1.1982687727692658,0.22137358812994268,9.1244110726137e-05,0.1887144118226333,4.340279692456965e-05,6.319910869569516e-05,612,0.9061681089218505,1.091479021643002,1.767257187278817,1.814159015778864,1.8146056518860494,0.20588235294117646,0.029411764705882353,0.0,0.8771759696782079,0.9094509186955377,1.1523614219620542,1.1983436442927609,1.2037296996870075,454.81731057167053,1
radial,38,7,-105,-36.70518139898459,9.835123713895777,26.870057685088803,60.66331524473296,1.5964030327561307,1.1043048061268235,72.88489786122531,0.7988806341752464,1.2050280122067982,0.2160663231048026,5.26266764734107e-05,0.18847391537728717,4.352712933424349e-05,6.334868364296474e-05,612,0.8930863953583983,1.0874444939242676,1.7727869570385137,1.7771483516448512,1.777748540589736,0.2647058823529412,0.0,0.0,0.876018235758575,0.9084023858382213,1.2093088525865745,1.2241249202124724,1.2243266346631245,475.70771050453186,1
radial,38,8,-120,-32.908965343808674,0.0,32.90896534380866,58.88802584022292,1.5496848905321823,1.1054416205353774,57.95034941578999,0.8007460061305737,1.1934465527605342,0.22229847350333307,9.191405815097326e-05,0.18956926856074613,4.407739532424841e-05,6.604716911053074e-05,612,0.9066180941500918,1.0975248070631756,1.7742610078698458,1.7951454342045272,1.7954264911977456,0.20588235294117646,0.0,0.0,0.8765956126900213,0.9091610920206865,1.200125584832784,1.2197145704455181,1.2219955489458139,477.9930102825165,1
radial,38,9,-135,-26.870057685088806,-9.835123713895795,36.70518139898459,59.39638098291375,1.5630626574450985,1.1051958088978093,42.92033939793756,0.7994637849867975,1.208812488253351,0.21569386570247806,3.713311394777642e-05,0.187695147450834,4.333537969189988e-05,6.498537821745588e-05,612,0.910319197065374,1.0957913417504124,1.7904472362392743,1.8089319799222225,1.8092150279765613,0.20588235294117646,0.029411764705882353,0.0,0.8768510947852737,0.9087401490876259,1.1891795652286385,1.2126481590517573,1.2146068660644016,447.72820711135864,1
radial,38,10,-150,-18.999999999999996,-19.000000000000007,38.0,58.81267787824221,1.5477020494274267,1.1048026032042875,27.934276052198275,0.8001278349853107,1.1981954571629754,0.22138064614696532,3.0758447230085315e-05,0.18855499657225538,4.321119103018194e-05,6.556862466860666e-05,612,0.9055612781019359,1.0913056462609598,1.7671858858721545,1.8140936167032722,1.814293818822315,0.20588235294117646,0.029411764705882353,0.0,0.8766367090365552,0.9090798428033817,1.1511692026395859,1.1990289967827776,1.2014790570809384,488.45906114578247,1
radial,38,11,-165,-9.835123713895799,-26.870057685088806,36.7051813989846,60.57671393431235,1.5941240509029566,1.104141476008994,12.886228178399412,0.7987613687427388,1.2049949679489627,0.21605960196728716,4.7790221988304995e-06,0.18836156481150973,4.3628179157135826e-05,6.444706263004064e-05,612,0.8922238183879891,1.087026693511697,1.772730177060311,1.7773543529401596,1.7779251180015678,0.2647058823529412,0.0,0.0,0.8739315862732496,0.9068731023913308,1.2017192137946504,1.2224005761855428,1.2241145566285658,426.9355957508087,1
radial,38,12,-180,-4.653657836759942e-15,-32.908965343808674,32.90896534380868,58.79700726669961,1.5472896649131476,1.1053199589188551,-2.0668727233206883,0.8006631265338218,1.193262885653967,0.22232941959610522,0.00015648009722959332,0.18964377945744232,4.4047755776392004e-05,6.46619815487628e-05,612,0.9062881084122498,1.0974000268951014,1.774201155305602,1.7952494552796134,1.7956198482510868,0.20588235294117646,0.0,0.0,0.8771155139630514,0.909852153682121,1.198608182755636,1.2219714485322843,1.224121072834316,430.858704328537,1
radial,40,0,0,0.0,34.64101615137755,-34.64101615137755,61.45242698442937,1.5363106746107342,1.105137616480882,177.83629508086787,0.8006239181003311,1.1975125145900125,0.22287639792676595,4.1695516633596404e-05,0.1897844751780629,4.4080360214613005e-05,6.665369451232183e-05,612,0.9092718315901068,1.1021302849288075,1.777132457002195,1.801878100922105,1.8022857262765102,0.20588235294117646,0.029411764705882353,0.0,0.8768863621405687,0.9098833683892252,1.2021185583296183,1.2234809453417619,1.224680793886349,466.1765847206116,1
radial,40,1,-15,-10.35276180410083,38.63703305156273,-28.284271247461902,62.12582567944857,1.5531456419862142,1.1050871669595619,162.8270078200617,0.7994614555916674,1.2120968237587069,0.21615624753963525,3.6853210095660806e-05,0.18794012485080544,4.357630685863864e-05,6.518880448451573e-05,612,0.9157257004724743,1.099911721409543,1.7957546390337593,1.8128647383935659,1.8130935535429473,0.20588235294117646,0.029411764705882353,0.0,0.8747610572872142,0.9070467110661389,1.197740456015192,1.2171699733040444,1.2175331895052202,490.35500264167786,1
radial,40,2,-30,-19.999999999999996,40.0,-20.000000000000014,61.58703706555377,1.5396759266388442,1.104604840646023,147.8587968177748,0.800091173740177,1.2014786454458886,0.22201099953688433,4.0856062021261604e-05,0.188878383430327,4.3152393548142374e-05,6.461953928682684e-05,612,0.9079506596703534,1.095135355456783,1.770173576753349,1.816562347223734,1.8167901851763086,0.20588235294117646,0.029411764705882353,0.0,0.8752988018650721,0.9074859163219898,1.152555034082175,1.1979342199352019,1.201616067169098,479.1162700653076,1
radial,40,3,-45,-28.284271247461902,38.637033051562724,-10.35276180410084,63.23013093299782,1.5807532733249454,1.103956309022514,132.79633249860024,0.7987255391943235,1.2084039944645284,0.21665404034702898,3.4998680261986375e-05,0.18849455428212908,4.36335160128933e-05,6.408201424975344e-05,612,0.8978569417255001,1.0921458448149495,1.7752314592455798,1.788246217904803,1.788714400195074,0.2647058823529412,0.0,0.0,0.8767617131875113,0.9089479113119067,1.207405602968913,1.2271273977439339,1.2291902434811532,430.97848558425903,1
radial,40,4,-60,-34.64101615137754,34.64101615137754,-4.898587196589413e-15,61.37054852639072,1.534263713159768,1.1051142110880159,117.84562844033557,0.800592733621776,1.1975905056281988,0.22279267081478746,0.00011377674616034354,0.18970860763408512,4.416494253900006e-05,6.738369791460723e-05,612,0.9086518958996157,1.1019807865525482,1.777088621519919,1.8017810418884472,1.802240200565587,0.20588235294117646,0.029411764705882353,0.0,0.8768163777973709,0.9097118483207173,1.2012648422899337,1.2216777785033925,1.2274445618251664,490.7763123512268,1
radial,40,5,-75,-38.63703305156273,28.284271247461895,10.352761804100814,62.05091783633638,1.5512729459084096,1.1048297037999382,102.83404461134819,0.7992719250885096,1.2125176997010523,0.21613642752627976,5.8740509447390025e-05,0.18777874093611038,4.3698097872897565e-05,6.542536735959533e-05,612,0.9156958609907784,1.0998752287457636,1.7956562674592704,1.8128147491806634,1.8130310251693738,0.20588235294117646,0.029411764705882353,0.0,0.873966274737305,0.9064801054082409,1.194905748069141,1.2141360535793693,1.217414211573311,454.12298369407654,1
radial,40,6,-90,-40.0,19.999999999999993,19.99999999999999,61.60815599689396,1.540203899922349,1.1048303394134764,87.84517648600828,0.8002423771819145,1.2012159807396248,0.22193933847872613,9.152345680322696e-05,0.18894671179231745,4.340892628816728e-05,6.329654373683888e-05,612,0.9083235049287154,1.0950920813342964,1.7700918352631267,1.8165672476325367,1.8170086944012531,0.20588235294117646,0.029411764705882353,0.0,0.8770637315161175,0.909349728660474,1.1523646920231578,1.1993528855875573,1.2048185232744868,459.87139773368835,1
radial,40,7,-105,-38.63703305156273,10.352761804100819,28.2842712474619,63.39924520248377,1.5849811300620942,1.1041261026197595,72.78946020727588,0.798850530636337,1.208406613981281,0.2166670025134358,5.053164156898932e-05,0.1887318904747168,4.3574226017442724e-05,6.349382991952001e-05,612,0.8983090631183372,1.0918905682324582,1.775185455238323,1.7878570807670886,1.7884793818340838,0.2647058823529412,0.0,0.0,0.8759671898426209,0.9084053791349123,1.2110003378668759,1.2266388408418392,1.2268541579499541,464.1283583641052,1
radial,40,8,-120,-34.64101615137755,0.0,34.64101615137754,61.51801614961664,1.5379504037404161,1.10532112824989,57.8583459269701,0.8007608776803964,1.1977000181799302,0.22289999676489858,9.217082516428436e-05,0.18982674442137104,4.415377528689758e-05,6.638730323910399e-05,612,0.9094630323738055,1.1021962469186743,1.777044269358593,1.8017029664163713,1.8019860834615926,0.20588235294117646,0.029411764705882353,0.0,0.876596430349757,0.9092171628789996,1.2028831911684055,1.2216195420059248,1.2238930900699923,482.7241721153259,1
radial,40,9,-135,-28.284271247461902,-10.352761804100837,38.63703305156273,62.03968158759037,1.5509920396897594,1.1050568495942807,42.82776704266617,0.7994557380841044,1.2120838773709688,0.21625444609415653,3.750893784038593e-05,0.18790961386032998,4.335928504257505e-05,6.511081227806866e-05,612,0.9160963591705946,1.1002943675226695,1.7955632429966693,1.8128659842945054,1.8131515670206708,0.20588235294117646,0.029411764705882353,0.0,0.8768011904840598,0.9087176332616972,1.189909865164212,1.214478223216826,1.2164256771467519,457.9147641658783,1
radial,40,10,-150,-19.999999999999996,-20.000000000000007,40.0,61.52294905250535,1.5380737263126338,1.1045750493817208,27.84038607666941,0.8000583018954077,1.2012658289154001,0.22194426829437988,3.059865841659703e-05,0.18878627395604705,4.321749615456159e-05,6.56911897452365e-05,612,0.9076909684320381,1.09491070874865,1.7700309461843857,1.8165085872689402,1.8167068295712707,0.20588235294117646,0.029411764705882353,0.0,0.8765428034505117,0.9089983649464882,1.1511414318182323,1.2000929957164221,1.2025154164540224,494.0601577758789,1
radial,40,11,-165,-10.35276180410084,-28.284271247461902,38.63703305156274,63.31225217627057,1.5828063044067642,1.1039624384496418,12.790737381198783,0.7987311360903427,1.208376491279191,0.2166610677116713,4.823434464683029e-06,0.188619149803084,4.3675130267962674e-05,6.445026411347452e-05,612,0.8974404916921719,1.0914741960969014,1.7751211593650467,1.7880820974778966,1.7886708125286575,0.2647058823529412,0.0,0.0,0.873860294270827,0.9068585143349082,1.2034006519317753,1.2248497273386811,1.2266016996092113,411.1472201347351,1
radial,40,12,-180,-4.898587196589413e-15,-34.64101615137755,34.64101615137756,61.42640422666992,1.535660105666748,1.1051997735915702,-2.158911650898283,0.8006781007379533,1.1975151250703595,0.2229302286329157,0.00015687294618875502,0.18990122768052434,4.412380450968217e-05,6.469243041013411e-05,612,0.9091478573085712,1.102063169924693,1.7771262920710875,1.8018138088836684,1.8021889302973262,0.20588235294117646,0.029411764705882353,0.0,0.8771308526720943,0.9099159088737521,1.2013567999803536,1.2238688813660175,1.2260367365655955,450.7427909374237,1
radial,42,0,0,0.0,36.373066958946424,-36.373066958946424,64.05527620714844,1.5251256239797246,1.105003968905885,177.74519030811794,0.8006334156884816,1.2017068072055797,0.22350106347213392,4.1941770849677726e-05,0.19005060979888788,4.415911406322766e-05,6.692460070489e-05,612,0.9120219428318874,1.1068724808740942,1.783961092783726,1.8082087580363653,1.808619521463915,0.20588235294117646,0.029411764705882353,0.0,0.8769054283130464,0.909953085200416,1.204919576337292,1.2253350440700648,1.2265468992106638,470.1639997959137,1
radial,42,1,-15,-10.870399894305871,40.56888470414087,-29.698484809834998,64.69099340768994,1.5402617478021416,1.1049361465831578,162.73740114285738,0.7994462547706463,1.215072342611671,0.21672530067071397,3.686234734552342e-05,0.18816257239890946,4.360106958365826e-05,6.534163691091527e-05,612,0.9212264834217727,1.1042879326013841,1.800812136790522,1.8167607791580334,1.8169786793446576,0.20588235294117646,0.08823529411764706,0.0,0.8747053068392404,0.9070178677485035,1.1981203887562004,1.2186937165997997,1.2190272439509382,493.7471733093262,1
radial,42,2,-30,-20.999999999999996,42.0,-21.000000000000014,64.27785485009967,1.5304251154785635,1.104359904046309,147.7656020171806,0.8000133403195255,1.2059070547614565,0.22259862656555862,4.10171067479881e-05,0.189117739324468,4.316073379678528e-05,6.472252842660833e-05,612,0.9099242797905138,1.0988029052858426,1.772955246900359,1.8189394933605727,1.8191663778567728,0.23529411764705882,0.029411764705882353,0.0,0.8751937012325796,0.9073962137498702,1.1536664645812673,1.198928793081418,1.2026459125632607,481.57013750076294,1
radial,42,3,-45,-29.698484809834998,40.568884704140864,-10.870399894305883,65.88567494537739,1.5687065463185093,1.1037650517627366,132.70374082924465,0.798689702440754,1.2114870290116635,0.21727367182288423,3.480483871980693e-05,0.18876545837482864,4.368496565066059e-05,6.414843675222034e-05,612,0.9028077858130795,1.0964741393682915,1.7776100751563209,1.798196096664682,1.7986886208348274,0.2647058823529412,0.0,0.0,0.876691144024588,0.9089357246940162,1.2091507745796186,1.2296057547207495,1.2316330771670858,440.30341625213623,1
radial,42,4,-60,-36.373066958946424,36.373066958946424,-5.143516556418883e-15,63.97293250911272,1.5231650597407789,1.104979806613908,117.75452582402137,0.800601357658618,1.2017821651646474,0.22341565385297713,0.00011446358222927451,0.18997504909511773,4.424640208052873e-05,6.769165124718668e-05,612,0.9113774202858169,1.1067191358036377,1.783915965519403,1.8081105554280112,1.8085788601136163,0.20588235294117646,0.029411764705882353,0.0,0.8768134438101144,0.9097625437275754,1.2040370674043293,1.2235431793638512,1.2292965168620105,494.70324754714966,1
radial,42,5,-75,-40.56888470414087,29.698484809834987,10.870399894305855,64.61665859054325,1.5384918712034108,1.104679063001185,102.74443221257935,0.7992573461038671,1.215502218715726,0.2167077587328778,5.809070288627203e-05,0.1880016761771664,4.372342579761683e-05,6.558212213457807e-05,612,0.9212324814937424,1.1042732444170755,1.8007298925920687,1.8167047788336732,1.816915223134173,0.20588235294117646,0.08823529411764706,0.0,0.8739203923856937,0.906462493815268,1.195267275069637,1.2156185498223282,1.2189114914765713,465.21401834487915,1
radial,42,6,-90,-42.0,20.999999999999993,20.99999999999999,64.29908018148151,1.5309304805114645,1.1045840763408268,87.75191867432001,0.8001639925205126,1.2056412514417183,0.22252942476572338,9.180355449379603e-05,0.1891881147501979,4.341718526522917e-05,6.339347568190003e-05,612,0.9103210680478339,1.0987616802246774,1.7728740745235416,1.8189387809180575,1.8193755443801327,0.23529411764705882,0.029411764705882353,0.0,0.8769450677136111,0.9092449481154584,1.1524961124643383,1.200322213204136,1.2058680168524956,453.12002182006836,1
radial,42,7,-105,-40.56888470414087,10.870399894305859,29.698484809834994,66.0554852704709,1.5727496492969262,1.1039354734064857,72.69696297336057,0.7988144868898032,1.2114888033982742,0.21728251529273587,4.856732545607313e-05,0.18900128193752183,4.362447155104035e-05,6.362729083177103e-05,612,0.9032979613856295,1.0962222167587596,1.7775706165359526,1.7977966066117272,1.7984376002848446,0.2647058823529412,0.0,0.0,0.8759106934066709,0.9084057980443858,1.212760908749811,1.2291387966761733,1.2293686018797758,462.7773323059082,1
radial,42,8,-120,-36.373066958946424,0.0,36.37306695894642,64.12104753689351,1.5266916080212742,1.1051876928853244,57.767276037400215,0.8007705352640621,1.2018945495743059,0.22352453525407828,9.24219582552053e-05,0.19009235434339902,4.423338552048313e-05,6.673356111953274e-05,612,0.9121893562868427,1.106939926177158,1.7838760721970854,1.8080186933710496,1.8083207881169479,0.20588235294117646,0.029411764705882353,0.0,0.8765939168911504,0.9092722745254141,1.2056947504867708,1.223482848033424,1.2257503724795766,507.7794222831726,1
radial,42,9,-135,-29.698484809834998,-10.870399894305878,40.56888470414087,64.60482398270639,1.5382100948263426,1.1049048349312343,42.73809066774424,0.7994403014980251,1.2150601396343923,0.21682620327973412,3.788485561601997e-05,0.18813397600495207,4.3382768290161924e-05,6.523047586657725e-05,612,0.9215380373381544,1.1046551482092815,1.80064921778841,1.8167490481066548,1.817036638165491,0.20588235294117646,0.08823529411764706,0.0,0.8767455985188328,0.9086914410472318,1.1903075889960115,1.2159745317124826,1.2179153682108077,461.76103353500366,1
radial,42,10,-150,-20.999999999999996,-21.00000000000001,42.0,64.21408099331668,1.5289066903170638,1.1043290100290353,27.747189245830178,0.7999796889261375,1.2056896835244522,0.2225321780233166,3.0439661664080535e-05,0.18902664241387895,4.322596890268094e-05,6.581273628868902e-05,612,0.9096646741453425,1.0985719552598643,1.7728299144742834,1.8188824703147237,1.8190834716493913,0.23529411764705882,0.029411764705882353,0.0,0.8764425499195375,0.9089134513590749,1.1516150510731271,1.2011162728699087,1.2035127476934888,503.06261920928955,1
radial,42,11,-165,-10.870399894305883,-29.698484809834998,40.56888470414087,65.96804424822795,1.5706677201959036,1.103771426173808,12.698192362619466,0.7986949249354985,1.21146133001757,0.21727734892816405,5.128082716835086e-06,0.18888813649704897,4.372509849871545e-05,6.443662364716884e-05,612,0.9024233681227882,1.0958072419127722,1.777497479871519,1.7980412622969186,1.7986436910189296,0.2647058823529412,0.0,0.0,0.8737838121829588,0.9068422725848883,1.205133656128784,1.2272722055739596,1.22909127154521,396.88591861724854,1
radial,42,12,-180,-5.143516556418883e-15,-36.373066958946424,36.37306695894644,64.02882831599905,1.5244959122856916,1.1050666500508637,-2.250017741990759,0.8006878683085543,1.2017084457775695,0.22355407858555365,0.00015724775116164093,0.19016680403495415,4.4203042314795165e-05,6.472000314976986e-05,612,0.9118931218494409,1.1067989532601628,1.7839549701780832,1.8081458820095717,1.808525046224102,0.20588235294117646,0.029411764705882353,0.0,0.8771426119616719,0.9099783287927349,1.204156626852675,1.225722979522744,1.2279087259972195,446.42291021347046,1
radial,44,0,0,0.0,38.105117766515306,-38.105117766515306,66.63168711463787,1.514356525332679,1.1048585153718786,177.6550029397726,0.8006382846737226,1.205844821858681,0.22414720135173033,4.2169890443921474e-05,0.19032358509232503,4.4241180319869014e-05,6.719748094075014e-05,612,0.9146448793427936,1.1116880121744903,1.7906035473882465,1.8143237861414232,1.8147371018476426,0.20588235294117646,0.029411764705882353,0.0,0.876921372116063,0.9100218584140086,1.2077594806513112,1.2271457220031787,1.2283698214743504,482.0611093044281,1
radial,44,1,-15,-11.388037984510913,42.500736356719,-31.112698372208094,67.18924753608447,1.5270283530928288,1.1047732431081403,162.650270963006,0.7994244533767573,1.2177942772637669,0.21730513077154956,3.6894328681834865e-05,0.1883933402765925,4.3625784945435714e-05,6.548147081585202e-05,612,0.9264477763043988,1.1085565035842027,1.805806173783925,1.8206035654180697,1.8208105821341403,0.20588235294117646,0.08823529411764706,0.0,0.8746433040553907,0.9069839709396798,1.198217222295165,1.2199348871073232,1.2202438125217796,480.7754192352295,1
radial,44,2,-30,-21.999999999999996,44.0,-22.000000000000014,66.94907206581571,1.52156981967763,1.1040985139260933,147.67311168713917,0.799927685264493,1.2102773759377607,0.22320914106072567,4.117769278009844e-05,0.18936493287427755,4.317154149526916e-05,6.482430431842871e-05,612,0.9117550540554925,1.1025375664288388,1.7756896021197899,1.821281946388482,1.8215082906152567,0.23529411764705882,0.029411764705882353,0.0,0.8750836930106403,0.9073047745948315,1.154107488084069,1.1998808515813277,1.2036309939794076,477.4762887954712,1
radial,44,3,-45,-31.112698372208094,42.500736356719,-11.388037984510925,68.47088609895005,1.5561565022488646,1.1035632076753743,132.61373755927823,0.7986487407065006,1.2143139606959479,0.21790710298873048,3.4592324555238726e-05,0.18904612158122436,4.3739528023875806e-05,6.420400574365623e-05,612,0.9075557354834061,1.1007130858901164,1.7799736333069598,1.8074884895598713,1.8080029004538012,0.2647058823529412,0.029411764705882353,0.0,0.8766172934256969,0.9089237991938123,1.21095721466189,1.232071614181183,1.2340647156560363,450.1772210597992,1
radial,44,4,-60,-38.1051177665153,38.1051177665153,-5.3884459162483544e-15,66.5488912693277,1.5124748015756295,1.1048336489071788,117.66433889335741,0.8006053918025207,1.2059175947138088,0.22406012892879468,0.00011515280621016683,0.190248316743482,4.4331013535574435e-05,6.800375209080408e-05,612,0.9139847744749289,1.1115298485501768,1.7905568889852979,1.8142246554183419,1.81470139364562,0.20588235294117646,0.029411764705882353,0.0,0.8768071326518044,0.9098124710946133,1.2068429546757855,1.2253694672610727,1.231112180306231,515.0020287036896,1
radial,44,5,-75,-42.500736356719,31.112698372208083,11.388037984510895,67.11542285297615,1.5253505193858217,1.1045165539887045,102.65729739069324,0.7992361679692013,1.2182327015334122,0.21728980271663317,5.749190872093752e-05,0.1882328899061622,4.374832683839258e-05,6.572327964568392e-05,612,0.9264882538803542,1.108562380001761,1.8057365386945423,1.820541685552343,1.8207463371535533,0.20588235294117646,0.08823529411764706,0.0,0.8738701369316237,0.9064421513811286,1.1953579163067805,1.216830642194699,1.220121742296959,473.34485816955566,1
radial,44,6,-90,-44.0,21.999999999999993,21.99999999999999,66.9704346146124,1.5220553321502819,1.104321382061504,87.659362628501,0.8000778155609394,1.2100081319291063,0.2231424665582207,9.208130603126458e-05,0.18943737070544187,4.342795773749934e-05,6.348945990097862e-05,612,0.9121762699957359,1.102499678141377,1.7756089050328072,1.8212767959454201,1.8217081041021865,0.23529411764705882,0.029411764705882353,0.0,0.8768212831474392,0.9091380876612548,1.155148503352786,1.201265448326322,1.206867664740235,446.0692722797394,1
radial,44,7,-105,-42.500736356719,11.3880379845109,31.112698372208087,68.64144361789285,1.5600328094975646,1.1037342070368696,72.6070531118678,0.7987732755543719,1.214314782680299,0.21791180807647698,4.671632880420838e-05,0.18928041451278502,4.367786772778459e-05,6.375186371333304e-05,612,0.9080808312712697,1.1004645513379532,1.779942659746094,1.8070911214651513,1.8077366727111057,0.2647058823529412,0.029411764705882353,0.0,0.8758495303897494,0.9084043761748773,1.214581897115138,1.2316257643731656,1.2318718017097112,462.0598659515381,1
radial,44,8,-120,-38.105117766515306,0.0,38.10511776651529,66.6976591331124,1.515855889388918,1.1050424367557787,57.677124215582296,0.800775551255413,1.2060329126171205,0.2241705275681327,9.267440918044906e-05,0.19036481410311024,4.431625343144118e-05,6.708531199083907e-05,612,0.9147926624869944,1.1117557745359274,1.790521463497547,1.8141189145972576,1.81443936633757,0.20588235294117646,0.029411764705882353,0.0,0.8765886135966311,0.9093269341885295,1.2085437671463415,1.2253013838991549,1.2275616665999494,497.87074160575867,1
radial,44,9,-135,-31.112698372208094,-11.38803798451092,42.500736356719,67.10302411757203,1.525068729944819,1.1047409912903574,42.65089047909518,0.7994183016683442,1.217782750438559,0.21740871131696526,3.826165594529815e-05,0.18836665586435017,4.340611939411253e-05,6.534503883243231e-05,612,0.9267037823691098,1.1089092914923293,1.8057042739258096,1.820580120371692,1.8208685627215642,0.20588235294117646,0.08823529411764706,0.0,0.8766850773314098,0.9086623510931716,1.190426380820399,1.2171890547471076,1.219126522415089,477.70156264305115,1
radial,44,10,-150,-21.999999999999996,-22.00000000000001,44.0,66.88567502903084,1.5201289779325189,1.1040665060515211,27.654693247637205,0.7998932497545218,1.210055691195054,0.2231430015948775,3.0282821839081576e-05,0.1892748551100512,4.323698898468646e-05,6.593305572679775e-05,612,0.9114982419968655,1.1023012323174857,1.7755790811946646,1.821220566872189,1.8214257917841126,0.23529411764705882,0.029411764705882353,0.0,0.8763372551822689,0.9088265877003188,1.1538339804781228,1.2021013183169842,1.2044733663082416,488.9144871234894,1
radial,44,11,-165,-11.388037984510925,-31.112698372208094,42.50073635671901,68.55353712388956,1.5580349346338536,1.1035697215450018,12.608238502952219,0.7986535037070441,1.214289988437229,0.21790739393534708,5.639383841020558e-06,0.18916685319197576,4.3778102508871203e-05,6.440959403098117e-05,612,0.907202163937265,1.1000514253718514,1.7798679630351182,1.8073438414209513,1.8079567993017407,0.2647058823529412,0.029411764705882353,0.0,0.8737028012676057,0.9068249304810274,1.2069236735432685,1.22968556491736,1.2315675200891485,397.3526699542999,1
radial,44,12,-180,-5.3884459162483544e-15,-38.105117766515306,38.10511776651532,66.6048170920667,1.5137458430015158,1.1049217169415044,-2.340206388498075,0.8006930061037608,1.2058455759840054,0.22419940741662134,0.00015760388424542406,0.190439219887409,4.4285503402860765e-05,6.474525525849108e-05,612,0.9145092444437256,1.1116065260602028,1.7905975132895673,1.814262248393755,1.8146448944335427,0.20588235294117646,0.029411764705882353,0.0,0.877151284851732,0.9100399332723783,1.206994672493739,1.2275330521301053,1.2297358045220539,448.3178217411041,1
radial,46,0,0,0.0,39.83716857408418,-39.83716857408418,69.1808543783077,1.5039316169197325,1.1047024393736269,177.5657664205118,0.8006390816598006,1.209921623275658,0.2248129080802268,4.2379185073541245e-05,0.1906020717166925,4.432653813116882e-05,6.747181845804085e-05,612,0.9182115419630777,1.116577290231932,1.797072110193197,1.8202373374554655,1.8206521585499151,0.23529411764705882,0.029411764705882353,0.0,0.8769345875319599,0.91009007793813,1.21063471500525,1.2289230261640949,1.2301383523778615,501.6653575897217,1
radial,46,1,-15,-11.905676074715954,44.43258800929714,-32.526911934581186,69.62947180900659,1.5136841697610128,1.1045994232614025,162.5652836746912,0.7993967245019901,1.220294756764218,0.2178955206986343,3.6943914928534764e-05,0.18863124532018205,4.3650785597023026e-05,6.561005536149217e-05,612,0.9314362049089407,1.1127450419338982,1.8108037402129935,1.8243919207420505,1.8245878927709225,0.20588235294117646,0.08823529411764706,0.0,0.8745759035293911,0.9069460994619405,1.1980711578601277,1.2209350508645485,1.2212228584880134,489.0750460624695,1
radial,46,2,-30,-22.999999999999996,46.0,-23.000000000000014,69.59950122266147,1.5130326352752494,1.1038226308471344,147.58136321346677,0.7998353868288041,1.2145899454368483,0.22384098801732455,4.133744575121121e-05,0.1896187328935119,4.318515872053677e-05,6.492501958799527e-05,612,0.9134540936708162,1.106346643905811,1.778385520736096,1.8235875847271765,1.8238177400842013,0.23529411764705882,0.029411764705882353,0.0,0.8749699179354116,0.9072128972664462,1.1576454929449644,1.2008060098367117,1.2045938433515069,483.34769892692566,1
radial,46,3,-45,-32.526911934581186,44.432588009297135,-11.905676074715966,70.9953424109521,1.5433770089337415,1.1033519686121882,132.5259619888712,0.79860344807314,1.2169231545364496,0.21855383490389704,3.436078207596337e-05,0.1893350634106085,4.3797268010540045e-05,6.425187277241973e-05,612,0.9121364703997914,1.1048931732595237,1.782325174511656,1.8162222561689227,1.8167564060646073,0.2647058823529412,0.029411764705882353,0.0,0.8765407597856668,0.90891265554711,1.2128139491881245,1.2345244460354907,1.236482894057744,448.5262289047241,1
radial,46,4,-60,-39.837168574084174,39.837168574084174,-5.633375276077825e-15,69.09763562273766,1.5021225135377752,1.104676914622993,117.57510034912384,0.8006053920262758,1.2099917240308928,0.2247242173252945,0.0001158408916826957,0.1905270927493991,4.4418753460420514e-05,6.831900127545772e-05,612,0.9175290387259764,1.1164126953838491,1.797023239692304,1.8201372886669231,1.820621343060714,0.23529411764705882,0.029411764705882353,0.0,0.8767979742403638,0.9098621018018201,1.209680369683895,1.2271475036144888,1.2328767618585337,498.15434527397156,1
radial,46,5,-75,-44.43258800929714,32.52691193458118,11.905676074715936,69.55606561487738,1.512088382932117,1.1043431351046673,102.57230742540575,0.7992090594111179,1.2207411079004873,0.21788235273606632,5.6939119286848857e-05,0.18847119940827897,4.37731937459039e-05,6.585156018824474e-05,612,0.9315100641211868,1.1127702215938255,1.810715247367144,1.8243239275957719,1.8245227412700729,0.20588235294117646,0.08823529411764706,0.0,0.8738160606678105,0.9064197999734505,1.195207184277992,1.2178018661323435,1.2210962702386523,473.38405323028564,1
radial,46,6,-90,-46.0,22.999999999999993,22.999999999999986,69.62095645754641,1.513499053424922,1.1040442097066339,87.5675488281151,0.7999850148299662,1.2143169050156777,0.2237768822785488,9.235897856763732e-05,0.1896932388941899,4.344158718825846e-05,6.35845923126064e-05,612,0.9139007492868709,1.1063132774862328,1.778415390743741,1.8235831171016617,1.8240083073934008,0.23529411764705882,0.029411764705882353,0.0,0.8766935818615529,0.9090305299407095,1.1588020176626999,1.2021622401074945,1.2078481477648457,444.7337386608124,1
radial,46,7,-105,-44.43258800929714,11.905676074715942,32.526911934581186,71.16666645709942,1.5471014447195528,1.103523498828238,72.51937077455621,0.7987276918360167,1.2169229504765293,0.21855437449884182,4.49619803294413e-05,0.18956780618074892,4.37344724016351e-05,6.387129109597228e-05,612,0.9126898342338019,1.1046475971582608,1.7822974153150577,1.8158298932274521,1.8164758938345718,0.2647058823529412,0.029411764705882353,0.0,0.8757844877898922,0.9084019521549725,1.2164354604673604,1.234109692195665,1.2343719060284848,456.5035092830658,1
radial,46,8,-120,-39.83716857408418,0.0,39.83716857408417,69.24703837457828,1.505370399447354,1.104886532629401,57.587924021732526,0.8007764757269716,1.2101099132692958,0.22483607812226591,9.292464553010869e-05,0.19064279690285468,4.440236524987832e-05,6.744201385807412e-05,612,0.9183242145542396,1.116643941740976,1.7969925810740146,1.82001809947428,1.8203559168449794,0.23529411764705882,0.029411764705882353,0.0,0.8765810466394962,0.9093816154372422,1.211418097041712,1.2270760035446884,1.2293285814105046,478.30470514297485,1
radial,46,9,-135,-32.526911934581186,-11.905676074715961,44.43258800929714,69.54314580748793,1.5118075175540855,1.104566254171935,42.56583381658063,0.7993903893685803,1.2202838399035099,0.2180017546238128,3.86395861689145e-05,0.18860646014646923,4.3429681717848405e-05,6.545518334540199e-05,612,0.9316414652266346,1.1130844348623075,1.8107000345150657,1.8243627766898731,1.8246457483439367,0.20588235294117646,0.08823529411764706,0.0,0.8766202662942064,0.9086311013608,1.19030805611109,1.218162399309836,1.2200977053643443,462.941513299942,1
radial,46,10,-150,-22.999999999999996,-23.00000000000001,46.0,69.5364890548855,1.511662805540989,1.1037894964493544,27.562937468677156,0.7998001602402297,1.214364086804303,0.22377517604705624,3.0128101770664846e-05,0.1895296828063952,4.3250890994362716e-05,6.605165827893801e-05,612,0.9132034268399116,1.1061058756053723,1.7782902459173735,1.8235307248667958,1.8237357502102567,0.23529411764705882,0.029411764705882353,0.0,0.8762281245683972,0.9087391147828713,1.1575263820714832,1.2030564206079026,1.205395175671399,467.18521666526794,1
radial,46,11,-165,-11.905676074715966,-32.526911934581186,44.43258800929715,71.07824816573691,1.5451793079508023,1.1033585342141032,12.520516640318874,0.7986076751665806,1.2169010650347434,0.2185506795072619,6.301277235715869e-06,0.1894538042514692,4.383421596386731e-05,6.437275773528442e-05,612,0.9118108669306324,1.104236970751381,1.782221942096878,1.816088379732669,1.8167090081780335,0.2647058823529412,0.029411764705882353,0.0,0.8736180074032126,0.906807209963324,1.2087577521583037,1.2320848941028042,1.2340341407994206,429.01136922836304,1
radial,46,12,-180,-5.633375276077825e-15,-39.83716857408418,39.837168574084195,69.153554408005,1.5033381393044565,1.1047661570134444,-2.4294436637244563,0.8006940693809206,1.209921582573222,0.2248643075194141,0.0001579421519125903,0.19071714327956646,4.4371169425443455e-05,6.47688631830554e-05,612,0.9180583766664889,1.116486413366678,1.7970660335654824,1.8201769140125337,1.820562232975793,0.23529411764705882,0.029411764705882353,0.0,0.877157335413993,0.9101011780282556,1.2098582495290982,1.2292988689840285,1.2315183340263247,442.18531370162964,1
radial,48,0,0,0.0,41.569219381653056,-41.569219381653056,71.70434007260228,1.4938404181792142,1.104535608890996,177.47743881109508,0.8006356452595703,1.2139249290621856,0.22549766521176678,4.2573324166890495e-05,0.19088584040840012,4.441548657481208e-05,6.774850023885938e-05,612,0.9230362643476618,1.1215342793469043,1.8033772091881173,1.8259614227719434,1.8263766270584831,0.23529411764705882,0.058823529411764705,0.0,0.8769452826532235,0.9101582772230314,1.2135020549355695,1.2306583932419157,1.2318951792996249,483.06686305999756,1
radial,48,1,-15,-12.423314164920995,46.36443966187528,-33.941125496954285,72.01825821662678,1.500380379513058,1.1044154194877789,162.48219018066806,0.799363585427258,1.2225980321968528,0.21849633526091627,3.700279437142222e-05,0.18887539516596105,4.36764501225351e-05,6.572886065669227e-05,612,0.9362276845097826,1.1168729315603805,1.8157299408838667,1.828123883690245,1.8283090091838357,0.23529411764705882,0.08823529411764706,0.0,0.8745038176547605,0.906905222808752,1.1977145990291924,1.221723252614464,1.2219936047957245,486.907044172287,1
radial,48,2,-30,-23.999999999999996,48.0,-24.000000000000014,72.22652442275927,1.5047192588074847,1.1035341848266633,147.49044862031207,0.7997375195847766,1.2188367471665649,0.22449214214199326,4.149838579715491e-05,0.18987784703691743,4.320185719970754e-05,6.502354874224236e-05,612,0.9150413882008438,1.110231449220607,1.7826555581410255,1.8258627284872524,1.826096568010024,0.23529411764705882,0.029411764705882353,0.0,0.8748534454964272,0.907121754379173,1.1613666610130458,1.2016941903011007,1.2055139897682736,471.82605361938477,1
radial,48,3,-45,-33.941125496954285,46.364439661875274,-12.42331416492101,73.46645805022942,1.5305512093797795,1.1031322251556468,132.44013490608268,0.7985544251747317,1.2193427942673087,0.2192135172236374,3.4106921032148506e-05,0.18963117736631532,4.385829114480665e-05,6.42943372524356e-05,612,0.91656546290198,1.1090357674108051,1.7846635360687602,1.8244670296083723,1.8250175044442976,0.27124183006535946,0.029411764705882353,0.0,0.8764620592612244,0.9089028091081683,1.2147120957039665,1.236963849511257,1.238887556180584,447.32867074012756,1
radial,48,4,-60,-41.569219381653056,41.569219381653056,-5.878304635907295e-15,71.62076061119356,1.492099179399866,1.1045094813505236,117.48676704637789,0.8006012084860198,1.2139921997248424,0.22540742696239827,0.00011653083258530114,0.19081116658793143,4.45099614037236e-05,6.863756695948685e-05,612,0.9223310716782652,1.121361905692164,1.8033263788378253,1.8258591147527854,1.8263505943858873,0.23529411764705882,0.058823529411764705,0.0,0.8767861565883679,0.9099118781092597,1.2125221206759496,1.228897896506484,1.2346144581696474,501.0024311542511,1
radial,48,5,-75,-46.36443966187528,33.94112549695427,12.423314164920978,71.94521938836574,1.4988587372576196,1.1041595385709224,102.48921188911945,0.7991765381720254,1.2230517221065396,0.21848527746970126,5.6424592076879475e-05,0.18871573045182516,4.3798430225203956e-05,6.59681096798661e-05,612,0.936333336853763,1.1169161109971077,1.8156269249957766,1.828050044230291,1.8282430356330492,0.23529411764705882,0.08823529411764706,0.0,0.8737586610535143,0.9063961513455102,1.1948549145103502,1.2185709176335975,1.2218560158671747,444.48474049568176,1
radial,48,6,-90,-48.0,23.999999999999993,23.999999999999986,72.2480262776677,1.5051672141180772,1.103754491717727,87.47656953189653,0.7998866667886156,1.2185596774846563,0.2244306465077483,9.263493828693046e-05,0.18995443054254468,4.345834596074218e-05,6.367804381079601e-05,612,0.9155139374022567,1.1102037039733808,1.782687977971353,1.8258585662377262,1.8262779879907804,0.23529411764705882,0.029411764705882353,0.0,0.8765630495637207,0.9089234744799185,1.162529119237949,1.2030296189645842,1.2087995503044782,434.2972753047943,1
radial,48,7,-105,-46.36443966187528,12.423314164920981,33.94112549695428,73.63856429082969,1.5341367560589518,1.1033042506418793,72.43363677713117,0.7986783453482085,1.2193415335955293,0.21920986999122788,4.329754892890821e-05,0.18986236547911398,4.379437411033178e-05,6.398527128578007e-05,612,0.917137988654468,1.108792300998678,1.7846256562710823,1.8240824681079701,1.824726391870458,0.26633986928104575,0.029411764705882353,0.0,0.8757163423864965,0.9083993565434794,1.2183446916217928,1.2365676377585793,1.2368472223764722,442.1853246688843,1
radial,48,8,-120,-41.569219381653056,0.0,41.56921938165305,71.77078477750588,1.4952246828647058,1.1047198637003883,57.49963240036124,0.8007731554390486,1.2141131007605674,0.22552065197800156,9.31700857580747e-05,0.1909260631974955,4.449201494452383e-05,6.780346183450582e-05,612,0.9231196224271988,1.121598083650496,1.803300225176199,1.8257280999901644,1.8260820850637216,0.23529411764705882,0.058823529411764705,0.0,0.876571418245382,0.9094367858024911,1.2142991864063266,1.2288232272361452,1.2310700574613826,493.2085916996002,1
radial,48,9,-135,-33.941125496954285,-12.423314164921003,46.36443966187528,71.93182711471788,1.4985797315566225,1.104381377364541,42.48267057238083,0.7993570955312573,1.22258762580936,0.21860518713761093,3.901630704128271e-05,0.18885249906089907,4.3453829161678884e-05,6.556182078069144e-05,612,0.9363883198039447,1.1172002313484817,1.8156145728299062,1.8280895143905678,1.8283669480050675,0.23529411764705882,0.08823529411764706,0.0,0.8765517508485854,0.9085984378234212,1.1899730014843295,1.21893014962861,1.2208704841497573,469.2941062450409,1
radial,48,10,-150,-23.999999999999996,-24.00000000000001,48.0,72.16391108180433,1.503414814204257,1.103499906897104,27.47201398477284,0.7997014926840936,1.2186068084884891,0.22442668057032897,2.9973671462142336e-05,0.189789839704095,4.326793921790369e-05,6.616831988042222e-05,612,0.9147952977784833,1.1099864936412238,1.7825533744285675,1.8258092586710368,1.8260151997627414,0.23529411764705882,0.029411764705882353,0.0,0.8761162310228943,0.9086521720547437,1.1612973173432262,1.2039762156622467,1.2062930137540662,469.81403040885925,1
radial,48,11,-165,-12.42331416492101,-33.941125496954285,46.36443966187528,73.54961617324813,1.5322836702760025,1.1031387725441726,12.434746445680513,0.7985580567821675,1.2193228733533996,0.2192068801320097,7.0691887018731855e-06,0.18974791655796983,4.389355900176939e-05,6.432882119804919e-05,612,0.9162644253277756,1.1083851260109354,1.7845574185478437,1.8243449655495843,1.8249688174621113,0.26633986928104575,0.029411764705882353,0.0,0.873530050721568,0.9067897825012258,1.2106310509216958,1.2344728996351015,1.2364876818379438,436.3773729801178,1
radial,48,12,-180,-5.878304635907295e-15,-41.569219381653056,41.56921938165307,71.67658978818493,1.4932622872538526,1.1045998479281467,-2.5177711268158185,0.80069090173453,1.2139242267163448,0.22554824887897004,0.00015826563359870355,0.1910003380308036,4.446035732495336e-05,6.4793234695651e-05,612,0.9228720836065732,1.1214328053108875,1.8033711527330465,1.8259018193531003,1.8262890000713774,0.23529411764705882,0.058823529411764705,0.0,0.8771609534506986,0.9101625862452121,1.2127277304211292,1.2310378619371498,1.2332740714982315,437.1694977283478,1
radial,50,0,0,0.0,43.30127018922194,-43.30127018922194,74.20187602488899,1.4840375204977798,1.1043578924805748,177.39004760860882,0.800627734354889,1.217833518509252,0.22620049188015268,4.275445719274956e-05,0.19117456354567305,4.45083400814016e-05,6.802720650113372e-05,612,0.9278593106824397,1.1265442241918047,1.8095287344315616,1.831508836748396,1.8319235005020342,0.23529411764705882,0.058823529411764705,0.0,0.8769536072770759,0.9102269988430581,1.2163447637115028,1.232387567955487,1.2336496267377348,467.5243089199066,1
radial,50,1,-15,-12.940952255126037,48.29629131445341,-35.35533905932738,74.36107451844315,1.487221490368863,1.1042218416533536,162.40078297810106,0.7993254810258239,1.2247250348148602,0.21910753605012992,3.7069077355458675e-05,0.18912506699957135,4.3703164959223234e-05,6.584003366032081e-05,612,0.9408531957170746,1.1209564314342684,1.820554535422641,1.8317922390023265,1.8319722406043926,0.23529411764705882,0.08823529411764706,0.0,0.8744276466528652,0.906862212956637,1.1971561604174588,1.2223338344101202,1.2225965824591645,493.02496099472046,1
radial,50,2,-30,-24.999999999999996,50.0,-25.000000000000018,74.82504458562674,1.4965008917125349,1.1032352283824436,147.40055517381396,0.7996350770780887,1.222996770506607,0.22515959959093224,4.166380564975496e-05,0.19014069767182581,4.3221832926584785e-05,6.511958510327879e-05,612,0.9165001633954069,1.1141802610442475,1.7874298189684719,1.8281114907029483,1.8283465773224747,0.23529411764705882,0.029411764705882353,0.0,0.8747352188882529,0.9070323006249367,1.1651049282597572,1.2025697136557967,1.206426016128359,496.2471032142639,1
radial,50,3,-45,-35.35533905932738,48.29629131445341,-12.940952255126051,75.88984936879963,1.5177969873759927,1.1029046843395947,132.35604502256004,0.7985021461823423,1.2215937492348619,0.21988583825145577,3.383606486604115e-05,0.189933610910788,4.3922722827253094e-05,6.433227902571724e-05,612,0.9208479300771706,1.1131546162979025,1.7869821777671946,1.8322710867613974,1.8328348061198163,0.29411764705882354,0.029411764705882353,0.0,0.8763816757323248,0.9088947833852513,1.2166278449114594,1.2394004940488441,1.241296749143132,466.8424823284149,1
radial,50,4,-60,-43.30127018922193,43.30127018922193,-6.123233995736766e-15,74.11799462647181,1.4823598925294363,1.1043312190244954,117.39936669500591,0.8005926032516463,1.2178978121037038,0.2261087889241322,0.00011722189564955864,0.19110021647162237,4.460500563051408e-05,6.895887797704145e-05,612,0.9271381575006289,1.126363214523711,1.8094761173513736,1.8314065038441802,1.831902265424363,0.23529411764705882,0.058823529411764705,0.0,0.8767719116724841,0.909962310318534,1.2153396778070265,1.2306446292561146,1.236348675131943,488.25577545166016,1
radial,50,5,-75,-48.29629131445341,35.35533905932737,12.940952255126017,74.28832724073877,1.4857665448147754,1.1039663698254254,102.40780422534043,0.7991390451733851,1.2251852608347695,0.21909853418165345,5.5944167133603606e-05,0.18896576025618494,4.382445443742125e-05,6.607561287094672e-05,612,0.940988583678853,1.121016232680838,1.820475046528796,1.8317181941268328,1.8319053285438078,0.23529411764705882,0.08823529411764706,0.0,0.8736983479532692,0.9063718392203886,1.19430477142435,1.2191413220970888,1.2224454674811722,448.3808147907257,1
radial,50,6,-90,-50.0,24.999999999999993,24.999999999999986,74.84649687146604,1.4969299374293208,1.1034542886485534,87.38661385883023,0.7997837678263395,1.2227154532925755,0.22510073711756515,9.291019910730827e-05,0.19021934715360456,4.3478432991710675e-05,6.376890776202014e-05,612,0.9170001393322829,1.1141591939091877,1.7873597806416623,1.8281049700872973,1.828518663551084,0.23529411764705882,0.029411764705882353,0.0,0.876430707253176,0.9088179850217581,1.1662978138932858,1.2038764972083726,1.2097314680312676,433.4925444126129,1
radial,50,7,-105,-48.29629131445341,12.940952255126023,35.35533905932737,76.06276704571661,1.5212553409143323,1.1030771749802992,72.34963889126436,0.7986257169726595,1.2215915245176068,0.21987800010281555,4.171429987484172e-05,0.1901632506157587,4.385769310085615e-05,6.409657421932402e-05,612,0.9214314942172177,1.112912362568682,1.7869321144358745,1.8318963947422746,1.8325413180820982,0.29411764705882354,0.029411764705882353,0.0,0.8756456365892749,0.9083972561616692,1.2202645428574093,1.2390105599834977,1.2393073233039884,443.91624665260315,1
radial,50,8,-120,-43.30127018922194,0.0,43.301270189221924,74.26861805668376,1.4853723611336753,1.1045422803406564,57.41227748847809,0.8007653364830575,1.2180209916309646,0.22622327105713258,9.34121671105544e-05,0.1912142818231911,4.45855509408376e-05,6.816841029643069e-05,612,0.9279121586469151,1.1266037276934109,1.8094542330279177,1.8312618502384983,1.831631031675558,0.23529411764705882,0.058823529411764705,0.0,0.8765599535107614,0.9094930001156133,1.2171544065418587,1.2305665042378309,1.232807144022125,498.0170555114746,1
radial,50,9,-135,-35.35533905932738,-12.940952255126046,48.29629131445341,74.27448600176848,1.4854897200353696,1.104186944656723,42.40119562754993,0.799318843515862,1.2247149893978078,0.21921895460434543,3.9390962187588665e-05,0.18910403276045995,4.347895695224021e-05,6.566533304047876e-05,612,0.9409762096344824,1.1212728063214445,1.820468082998635,1.8317581140595955,1.8320301869186073,0.23529411764705882,0.08823529411764706,0.0,0.8764800008259022,0.9085650234487977,1.1894609166276917,1.2195077583489753,1.221450212789598,467.0143578052521,1
radial,50,10,-150,-24.999999999999996,-25.00000000000001,50.0,74.76281806591085,1.495256361318217,1.1031997980237231,27.382110698211044,0.7995982466773145,1.222763285935059,0.22509451133157,2.9818097224843195e-05,0.19005373276939555,4.328832560678949e-05,6.628209154974474e-05,612,0.9162669402789161,1.1139320013031413,1.7872652291520057,1.828055380863938,1.8282656766570349,0.23529411764705882,0.029411764705882353,0.0,0.8760025998051708,0.9085667683643024,1.1651101653522844,1.2048755374077351,1.2071712340610914,473.5643525123596,1
radial,50,11,-165,-12.940952255126051,-35.35533905932738,48.29629131445342,75.97323863694973,1.5194647727389947,1.1029111536688343,12.350716321459833,0.7985051317085413,1.2215759328764764,0.2198756949755083,7.904933844967605e-06,0.19004834473254864,4.395625475128756e-05,6.447666274450885e-05,612,0.9205698333473681,1.112509718847123,1.786873127338505,1.8321619133521352,1.8327848799884656,0.29411764705882354,0.029411764705882353,0.0,0.8734394564927437,0.9067732437071696,1.212538814637713,1.2368516913540952,1.2389238790182557,423.48908615112305,1
radial,50,12,-180,-6.123233995736766e-15,-43.30127018922194,43.30127018922195,74.1736625274237,1.483473250548474,1.104422657476692,-2.6051614186914196,0.800683260729299,1.217832357840909,0.22625024668013433,0.00015857327289931034,0.19128847654454711,4.455340382983336e-05,6.482180858703418e-05,612,0.927684316941389,1.1264311602539896,1.8095227949102453,1.8314475122774516,1.831838266737535,0.23529411764705882,0.058823529411764705,0.0,0.877162346852064,0.9102247623820073,1.2155746708014021,1.2327727636891188,1.2350259003959942,436.6887125968933,1
