design,current_peak_A,mechanical_angle_deg,electrical_angle_deg,phase_A_A,phase_B_A,phase_C_A,torque_Nm,torque_per_A_Nm_per_A,gap_fundamental_peak_T,gap_fundamental_phase_deg,gap_rms_T,gap_peak_abs_T,gap_thd,gap_harmonic_30_peak_T,gap_harmonic_45_peak_T,external_leakage_rms_T,external_leakage_peak_T,stator_steel_sample_count,stator_B_mean_T,stator_B_rms_T,stator_B_p95_T,stator_B_p99_T,stator_B_max_T,stator_fraction_gt_1p6,stator_fraction_gt_1p8,stator_fraction_gt_2p0,rotor_yoke_B_mean_T,rotor_yoke_B_rms_T,rotor_yoke_B_p95_T,rotor_yoke_B_p99_T,rotor_yoke_B_max_T,elapsed_s,attempt
halbach_3seg,0,0,0,0.0,0.0,-0.0,0.0279389291489771,,1.120831541275443,179.9683212870161,0.8142009485815799,1.365501829125782,0.2353484297137339,9.666453213095715e-05,0.18822125552997687,1.8134302966941102e-05,2.7428089483403945e-05,612,0.8478100704996789,1.0475146825985608,1.6564544899435854,1.706488303566862,1.706756744121399,0.20588235294117646,0.0,0.0,0.4382123650347868,0.4810799727715589,0.728558564780257,0.7455373812736044,0.7611776170684295,421.6858398914337,1
halbach_3seg,0,1,-15,-0.0,0.0,-0.0,0.151471861592213,,1.1205391517141032,165.000858310853,0.8143177496556603,1.4184420390955637,0.23715546976407129,1.884618652591824e-05,0.18916965268205813,1.8170529912985813e-05,2.7579690677920077e-05,612,0.8758705755588856,1.0531045678382456,1.6851407577084199,1.6857077607839943,1.685956654928083,0.17647058823529413,0.0,0.0,0.4387346711762804,0.4804874338770855,0.706769114345358,0.7092177980631178,0.7145186332327985,385.829133272171,1
halbach_3seg,0,2,-30,-0.0,0.0,-0.0,-0.1091769550008179,,1.1206633078580017,149.97624836368425,0.814094858178837,1.3656472214871134,0.23543721366001671,7.916396235431607e-05,0.1882717612299112,1.815060348541192e-05,2.7575181483360372e-05,612,0.8479520176402463,1.047731040158627,1.6564560416623413,1.7064480597631677,1.7068022974051202,0.20588235294117646,0.0,0.0,0.43702343329056026,0.48023064131802423,0.7342411877051754,0.7413793428544704,0.7415215482759496,411.1801128387451,1
halbach_3seg,0,3,-45,-0.0,0.0,-0.0,0.1717423345381428,,1.1209628051950546,134.99507957878717,0.8146768749049895,1.4206961442049149,0.23743548810276174,5.5854409541908494e-05,0.189464291626858,1.8044417225393705e-05,2.6940294340522153e-05,612,0.8766294806427923,1.0534114055623545,1.685095356478683,1.6857490886415007,1.6859063635576563,0.17647058823529413,0.0,0.0,0.4395143472130916,0.4812689903563016,0.7083123099670247,0.7129375323144844,0.715954659761174,428.3390130996704,1
halbach_3seg,0,4,-60,-0.0,0.0,-0.0,-0.04733850458312565,,1.120911212208423,119.98692257191644,0.814218817365187,1.3658019328058757,0.2351280014038897,3.4986439276237876e-05,0.1882271333919393,1.8084715224500015e-05,2.7309467558543503e-05,612,0.8480746102219974,1.047450767697247,1.6564291389512311,1.7065263820517296,1.7068011309509268,0.20588235294117646,0.0,0.0,0.437134733355343,0.47899424211812064,0.7267012196736566,0.7474083225515693,0.7525493972924915,444.8360221385956,1
halbach_3seg,0,5,-75,-0.0,0.0,0.0,0.1132371624249099,,1.1206762535037755,104.99817879644665,0.8143954002099542,1.4187427830420327,0.2370352367747558,9.536967413289115e-05,0.18898414814629283,1.81859633905733e-05,2.796876252485947e-05,612,0.8764765779994312,1.0533195120246497,1.6853422208006015,1.6858179150240282,1.6860610283004351,0.17647058823529413,0.0,0.0,0.43969185227625757,0.4810637651828612,0.7035508678655011,0.7104989224249474,0.7166085810216396,473.3575484752655,1
halbach_3seg,0,6,-90,-0.0,0.0,0.0,-0.05288123015381363,,1.1208417828931307,89.97313505573665,0.8141960399046816,1.3655064372404355,0.2352804106604,0.00010710534636217638,0.18824759673784786,1.8112776917502438e-05,2.7792709557030672e-05,612,0.8481004524981288,1.047552003155909,1.656438579369369,1.7064747280217842,1.7067441640573673,0.20588235294117646,0.0,0.0,0.4377248680880796,0.4804738315727056,0.7285854344276371,0.7496751527418244,0.7555396849192786,463.4697468280792,1
halbach_3seg,0,7,-105,-0.0,0.0,0.0,0.1318375824840744,,1.1204795563973373,75.00419836322442,0.814275853858644,1.4180328706687007,0.23716320367387064,7.846412141971812e-05,0.1890855933720546,1.813843566696788e-05,2.776989027269105e-05,612,0.8762047850194152,1.0531409834684298,1.6853076664121367,1.6857938531470742,1.6859633318168696,0.17647058823529413,0.0,0.0,0.43885466160903824,0.48062933019037785,0.7069021142676934,0.7104786567642901,0.7140466892027951,471.60524129867554,1
halbach_3seg,0,8,-120,-0.0,0.0,0.0,-0.09260965554409378,,1.120476286573927,59.97461262694682,0.8139486311445833,1.3659208507665035,0.2353801028191054,3.290340991463349e-05,0.1882821500290111,1.8117368228231428e-05,2.8833553628097024e-05,612,0.8475740090286012,1.0473212507530254,1.6564226210386728,1.706412457840691,1.7067513019431368,0.20588235294117646,0.0,0.0,0.43725840987333103,0.4800167549417702,0.7313505599930535,0.7404127945224708,0.7415514967892876,486.31169176101685,1
halbach_3seg,0,9,-135,-0.0,-0.0,0.0,0.1679185123321481,,1.1209439494199578,44.997611037751795,0.8146541594504975,1.4203779797786744,0.23738627912386068,5.445280092058923e-05,0.18945158339129936,1.8080892480923115e-05,2.7683714314361844e-05,612,0.8765949316125201,1.0534004521358895,1.6850200836919322,1.6857001319367644,1.6859116377307097,0.17647058823529413,0.0,0.0,0.439186934632547,0.48047972227710706,0.7044986363694852,0.7102756322733863,0.7113436736176357,483.9665083885193,1
halbach_3seg,0,10,-150,-0.0,-0.0,0.0,-0.04390089894795097,,1.1207839980647396,29.986475262762635,0.8141369061447055,1.3658079853554457,0.2351858698000174,0.00012953502312886548,0.18819935065971194,1.8156886783790466e-05,2.759636085602518e-05,612,0.8478064550283908,1.0474687623855228,1.6565010705782037,1.7065410663213505,1.7068882302918083,0.20588235294117646,0.0,0.0,0.4373391264020239,0.4792736345781269,0.7269204814170384,0.7475210653238445,0.7525222010870045,498.21571683883667,1
halbach_3seg,0,11,-165,-0.0,-0.0,0.0,0.110150518251611,,1.1205878472016129,14.999916706463106,0.8143515336335202,1.4185793300482634,0.23714669835338795,0.00014322121313728038,0.1891975208935755,1.8163131446250974e-05,2.767484535428516e-05,612,0.876333596470188,1.0533934888111536,1.6850683122015586,1.6857331340681516,1.686023606181896,0.17647058823529413,0.0,0.0,0.4394808795928184,0.48093214714939453,0.7047790647362051,0.7099288003228111,0.7145663771097817,445.54387617111206,1
halbach_3seg,0,12,-180,-0.0,-0.0,0.0,-0.07356771839669794,,1.1207244414576079,-0.025605577008822426,0.8141385266845327,1.365354637936306,0.2354331411093449,6.191855179674649e-05,0.1883288155019364,1.8113879959436078e-05,2.7910826260606086e-05,612,0.848040898011603,1.047704961691515,1.6564249059080973,1.7064649729136017,1.7067364294229603,0.20588235294117646,0.0,0.0,0.4385693901469425,0.48135247206507253,0.7326308201959683,0.7487082228152444,0.7610676002654675,432.9864385128021,1
halbach_3seg,1,0,0,0.0,0.8660254037844387,-0.8660254037844387,1.86372696022914,1.86372696022914,1.1209454405832577,179.91041343367618,0.8142816046689129,1.3636000582979622,0.23533695639994123,9.678905821093409e-05,0.18823841261805996,1.8136180782497127e-05,2.7423421965875725e-05,612,0.8498755393942392,1.0485727734253238,1.6572209681308945,1.7069076787228716,1.7071743351894997,0.20588235294117646,0.0,0.0,0.4382624412524431,0.4811299508760746,0.7299683087724864,0.74464588550703,0.7603068638238972,445.12931180000305,1
halbach_3seg,1,1,-15,-0.25881904510252074,0.9659258262890683,-0.7071067811865476,1.852829560338479,1.852829560338479,1.1206578914908716,164.94716464255896,0.8144026592752411,1.4160658433052993,0.23714791777117342,1.876930121132776e-05,0.18918787921807714,1.8172535359451196e-05,2.755931970596272e-05,612,0.8768269991218532,1.0542196557953358,1.684481484839842,1.6887310771603965,1.6889769492491484,0.17647058823529413,0.0,0.0,0.438794326160395,0.480553973285364,0.7075114199300614,0.7098884683278239,0.7162237053093078,411.5406575202942,1
halbach_3seg,1,2,-30,-0.49999999999999994,1.0,-0.5000000000000003,1.711713654083026,1.711713654083026,1.1207955947629908,149.9187655493916,0.8141918924939119,1.3642295993287952,0.2354423659459047,7.910445476824835e-05,0.18830946620464334,1.815317419052349e-05,2.7588895628431554e-05,612,0.8504333952412614,1.0490636531100173,1.6587296740680284,1.7082086902847826,1.70855946127666,0.1830065359477124,0.0,0.0,0.4371002579082016,0.4803105861098553,0.7340014729115315,0.7430824116902006,0.7432225459378654,422.11108589172363,1
halbach_3seg,1,3,-45,-0.7071067811865476,0.9659258262890682,-0.258819045102521,1.860807733535301,1.860807733535301,1.1210788841710397,134.9414717731739,0.8147589758730818,1.422699180285302,0.23742314027900996,5.557692391932823e-05,0.1894844822179556,1.8046184861785706e-05,2.694280870748803e-05,612,0.8776556856938581,1.0545131095712164,1.6858955053759208,1.6874296635453254,1.68769325612863,0.17647058823529413,0.0,0.0,0.43957479625738216,0.48132343926979365,0.7080117762837139,0.7135088989161157,0.7148273936367537,437.04927158355713,1
halbach_3seg,1,4,-60,-0.8660254037844386,0.8660254037844386,-1.2246467991473532e-16,1.788391379654442,1.788391379654442,1.121024443703877,119.92904798384802,0.8142987346905647,1.3650588958960654,0.23511514286373036,3.483273789550924e-05,0.1882426445468427,1.808664870376379e-05,2.7300273120739376e-05,612,0.850137284262821,1.0485114140729253,1.6571955677106662,1.706945829728772,1.7072187952102402,0.20588235294117646,0.0,0.0,0.43718682715425783,0.47904542125944916,0.7280607651817756,0.746515811338922,0.7516784328463644,435.2228322029114,1
halbach_3seg,1,5,-75,-0.9659258262890683,0.7071067811865474,0.25881904510252035,1.81480906417526,1.81480906417526,1.1207956299321282,104.9444815076203,0.8144809567823409,1.4177237614826737,0.23702870310602936,9.550773899628727e-05,0.1890027860226535,1.818800700539108e-05,2.794586317603838e-05,612,0.8774355368334447,1.0544363162240047,1.6845305892100433,1.6887635529942489,1.6890818300766335,0.17647058823529413,0.0,0.0,0.4397556082473563,0.48113373472468046,0.7036447596036863,0.7108460959975691,0.7175172913776754,469.97180819511414,1
halbach_3seg,1,6,-90,-1.0,0.49999999999999983,0.4999999999999997,1.768173365327476,1.768173365327476,1.1209742048353188,89.91565345108219,0.8142930865584314,1.3641049812970685,0.23528511157307636,0.0001070688064060065,0.1882859458931363,1.81154472110418e-05,2.7819520051699196e-05,612,0.8505845803865048,1.0488842822097015,1.6587127293328086,1.7082358744394406,1.7085020528507733,0.1781045751633987,0.0,0.0,0.43780551955777963,0.4805565026258493,0.7275105151636196,0.7514009187499059,0.7572202887190994,461.87179827690125,1
halbach_3seg,1,7,-105,-0.9659258262890683,0.25881904510252046,0.7071067811865475,1.822261669456347,1.822261669456347,1.120595754897407,74.95057450366028,0.8143578015359321,1.419062072263674,0.2371495517775297,7.848853317190667e-05,0.18910638867356583,1.8140309742236413e-05,2.7770631153906265e-05,612,0.8772149331722566,1.0542437169543486,1.6860043444571966,1.6875108761602389,1.6877011979349896,0.17647058823529413,0.0,0.0,0.4389129141692105,0.48068324969657084,0.7064833249633461,0.7104454041722097,0.7137664854177034,445.62626028060913,1
halbach_3seg,1,8,-120,-0.8660254037844387,0.0,0.8660254037844385,1.743652524502837,1.743652524502837,1.1205903490544664,59.91670551677855,0.814029340241892,1.3639889001243248,0.23536826318009782,3.294817379367088e-05,0.18829806600471236,1.8119410353913664e-05,2.8846370605162716e-05,612,0.8496355354127317,1.048382495574183,1.657188805705612,1.7068339675251243,1.7071685786896866,0.20751633986928106,0.0,0.0,0.437306952771478,0.48006330490979143,0.732687782669187,0.7403341142773747,0.7406841283509494,475.1112689971924,1
halbach_3seg,1,9,-135,-0.7071067811865476,-0.2588190451025209,0.9659258262890683,1.868585955120994,1.868585955120994,1.1210629813808415,44.943918767693866,0.8147397083755746,1.4224698385374626,0.23738104441384553,5.4615817113696826e-05,0.18946947827000016,1.808285358945387e-05,2.772515303047161e-05,612,0.8775490307112217,1.0545155382523792,1.6842515362983497,1.6886777410579528,1.688931997597837,0.17647058823529413,0.0,0.0,0.4392548490721642,0.4805520495873534,0.70475596767923,0.7106403268938583,0.71166859518983,459.8428134918213,1
halbach_3seg,1,10,-150,-0.49999999999999994,-0.5000000000000002,1.0,1.77713734455973,1.77713734455973,1.120915579295302,29.929003744859415,0.8142331705960314,1.364316063475974,0.23518963871329587,0.00012940219157334283,0.18823667932960694,1.8159210943566878e-05,2.7592839269569514e-05,612,0.850267842878912,1.0487901087875626,1.6587747473848042,1.7083035104385305,1.708645681268968,0.1781045751633987,0.0,0.0,0.4374174465115535,0.479356086774557,0.72784344152516,0.7492348349651392,0.7542429542265742,514.1354124546051,1
halbach_3seg,1,11,-165,-0.258819045102521,-0.7071067811865476,0.9659258262890684,1.800272430679938,1.800272430679938,1.1207041395871775,14.946299082000172,0.8144334762143459,1.4177198511064608,0.23713264762755548,0.00014330611108308335,0.18921813801827755,1.8165071044992476e-05,2.7682770890651725e-05,612,0.8773442283670415,1.0544907012182738,1.6858076099460788,1.6875264306490567,1.6878105842134954,0.17647058823529413,0.0,0.0,0.4395421691284636,0.48098802410484204,0.7051096771817366,0.7091387211961602,0.7134496250485043,447.15334606170654,1
halbach_3seg,1,12,-180,-1.2246467991473532e-16,-0.8660254037844387,0.866025403784439,1.762494588734592,1.762494588734592,1.120838210569421,-0.08352653825423179,0.8142190729992076,1.3636483634204015,0.2354215783991898,6.22101192901742e-05,0.18834582839285272,1.8115721516455457e-05,2.7930663420898453e-05,612,0.8501088898165301,1.0487640554249136,1.6571912812588456,1.7068843352536058,1.7071539604871402,0.2107843137254902,0.0,0.0,0.4386227746042618,0.48140330054688896,0.7329384863023158,0.7478451024320533,0.7601968082503446,432.8529567718506,1
halbach_3seg,2,0,0,0.0,1.7320508075688774,-1.7320508075688774,3.700144004506188,1.850072002253094,1.1210556120185327,179.8525237375308,0.814360499883056,1.3656653712711666,0.2353307008047805,9.692004711634265e-05,0.18825303061616155,1.813804810786647e-05,2.7417961878587277e-05,612,0.8524363612457776,1.0497047042191539,1.6579698275892285,1.7073199963377679,1.7075849281647673,0.20588235294117646,0.0,0.0,0.43831369348815485,0.481181948727126,0.7313383909759847,0.743761087461844,0.7594440539839418,459.6978442668915,1
halbach_3seg,2,1,-15,-0.5176380902050415,1.9318516525781366,-1.4142135623730951,3.546457692944442,1.773228846472221,1.1207664039253855,164.8937580439656,0.8144804244753168,1.4176854005837813,0.2371419419087131,1.868910882092519e-05,0.1891998452608513,1.8174404827891335e-05,2.753682283629526e-05,612,0.877733829503592,1.0553243558148926,1.6836352386118858,1.691709785233463,1.6919461752298848,0.17647058823529413,0.0,0.0,0.43885032086858883,0.480618039860082,0.7085878020133507,0.7106974065172766,0.7179633332550978,424.85253739356995,1
halbach_3seg,2,2,-30,-0.9999999999999999,2.0,-1.0000000000000007,3.534158611949407,1.7670793059747034,1.1209242694656465,149.86126300213337,0.8142872823377652,1.366618518040202,0.23545290949799766,7.9046236727603e-05,0.18834489341737828,1.815572987145786e-05,2.7601536362320832e-05,612,0.8534565963896148,1.050470349537004,1.6609759827759394,1.7099551811332814,1.7103026022429024,0.20588235294117646,0.0,0.0,0.4371780221416041,0.4803921097707386,0.7337743632795418,0.7447891465792326,0.7449258540350098,427.9048273563385,1
halbach_3seg,2,3,-45,-1.4142135623730951,1.9318516525781364,-0.517638090205042,3.542989558382018,1.771494779191009,1.121181264150924,134.88811958782068,0.8148309873737807,1.4246890930777583,0.2374100650354715,5.529204498588698e-05,0.1894957162569313,1.804771123468698e-05,2.6942385865829212e-05,612,0.8785749721180187,1.055559283538044,1.6864439747568722,1.6891847165547167,1.6894400394283677,0.17647058823529413,0.0,0.0,0.4396288073865051,0.48137142878039396,0.7077303533641058,0.7134758991834678,0.7141984179512008,433.75613141059875,1
halbach_3seg,2,4,-60,-1.7320508075688772,1.7320508075688772,-2.4492935982947064e-16,3.624731100876922,1.812365550438461,1.1211339673655947,119.87119248619399,0.8143769094219035,1.367135599335785,0.23510752627613177,3.46786917990609e-05,0.1882556410177974,1.808857036776227e-05,2.7290855128977117e-05,612,0.8526999530598339,1.0496461793594831,1.6579443847117852,1.7073582244720422,1.7076294671751775,0.20588235294117646,0.0,0.0,0.437239913350109,0.4790986330890901,0.7294260134587042,0.7456309186847643,0.7508155221566578,428.82104420661926,1
halbach_3seg,2,5,-75,-1.9318516525781366,1.4142135623730947,0.5176380902050407,3.508645752836905,1.7543228764184524,1.1209047450425251,104.89107165772666,0.8145593430154008,1.4200975581930058,0.23702373815849856,9.564677234564742e-05,0.1890151322939293,1.8189917933639772e-05,2.7920923230805672e-05,612,0.8783461369122336,1.055542590002724,1.6836842667408334,1.6917401893958757,1.6920514538354028,0.17647058823529413,0.0,0.0,0.4398160763055791,0.48120131195120797,0.7040459547051604,0.7120722275822106,0.7183842654057531,474.91814708709717,1
halbach_3seg,2,6,-90,-2.0,0.9999999999999997,0.9999999999999994,3.590791278272425,1.7953956391362125,1.1211029951291687,89.8581513475196,0.814388469758265,1.366079602631061,0.23529517918248533,0.00010703329424060767,0.18832200364260612,1.8118106432651106e-05,2.7845204260311175e-05,612,0.8536008465733861,1.0502901894988195,1.660960657932267,1.709982900346979,1.7102458883355327,0.20588235294117646,0.0,0.0,0.43788699519874946,0.48064067963593826,0.7269225843538524,0.7531294639794262,0.7589038717912109,459.56652569770813,1
halbach_3seg,2,7,-105,-1.9318516525781366,0.5176380902050409,1.414213562373095,3.505768382188457,1.7528841910942285,1.1206982245312356,74.89720675869185,0.8144296424058338,1.421071428557445,0.23713519200733912,7.851012491700292e-05,0.18911822768393358,1.8141957488457896e-05,2.7768283186105143e-05,612,0.878119756605997,1.0552908603200268,1.6865524853095752,1.6892647207272973,1.689448557754049,0.17647058823529413,0.0,0.0,0.438964812233956,0.4807305804749676,0.7061124195146137,0.7107777316208994,0.7134724252543493,439.2337996959686,1
halbach_3seg,2,8,-120,-1.7320508075688774,0.0,1.732050807568877,3.580535382198195,1.7902676910990976,1.120700702134686,59.85881729943757,0.8141083082650914,1.3660585689067073,0.23536167755053225,3.2999729646375526e-05,0.1883114663312821,1.812144065188677e-05,2.8858741638942747e-05,612,0.8522002782780801,1.049518056162696,1.6579374843174268,1.7072486164930631,1.7075789742079033,0.20588235294117646,0.0,0.0,0.43735650604656157,0.48011185792442856,0.734027985325505,0.7394843525521184,0.7408414744879034,480.5979835987091,1
halbach_3seg,2,9,-135,-1.4142135623730951,-0.5176380902050418,1.9318516525781366,3.561539175538282,1.780769587769141,1.1211717944742994,44.89051404288874,0.8148181171082862,1.424546244534869,0.23737737501060954,5.478154186077122e-05,0.18948110823019443,1.808468224657545e-05,2.7765688052558138e-05,612,0.8784551062876963,1.0556205548598923,1.683405133662442,1.6916555774576103,1.691901318860989,0.17647058823529413,0.0,0.0,0.43931926635536356,0.4806220521538108,0.7057673274516055,0.7121611770994853,0.712533382939212,463.5056653022766,1
halbach_3seg,2,10,-150,-0.9999999999999999,-1.0000000000000004,2.0,3.599732287589089,1.7998661437945445,1.1210435367988316,29.871512214699234,0.8143277790854351,1.3664164257496378,0.23519878621466347,0.00012925846890212943,0.18827172412543935,1.8161519848245537e-05,2.7602605880682987e-05,612,0.8532636573586169,1.0501851647992217,1.661022194047056,1.7100518472640394,1.7103890346166184,0.20588235294117646,0.0,0.0,0.4374966320768092,0.4794400925314881,0.7268389964040031,0.7509518087789757,0.7559676535674988,514.7479553222656,1
halbach_3seg,2,11,-165,-0.517638090205042,-1.4142135623730951,1.9318516525781368,3.483490509071292,1.741745254535646,1.1208067025334307,14.892937113742132,0.8145053142862527,1.4199898868184901,0.23711790372226116,0.00014338449314352483,0.1892298001138226,1.8166790442581054e-05,2.768901745935962e-05,612,0.8782485986363947,1.0555323019141194,1.6863556140891258,1.689279434473085,1.6895574101167763,0.17647058823529413,0.0,0.0,0.43959706320518477,0.481037154379059,0.7053256260499475,0.7096878116942565,0.7122673560137359,461.51693773269653,1
halbach_3seg,2,12,-180,-2.4492935982947064e-16,-1.7320508075688774,1.732050807568878,3.599191398876815,1.7995956994384075,1.120948264614286,-0.14142980921688567,0.8142978674596626,1.3657130902955337,0.23541523085927338,6.250022338717067e-05,0.1883603024266641,1.8117557761431513e-05,2.7950177927917166e-05,612,0.8526705801729588,1.0498969796405,1.657939992035799,1.7072965901168187,1.7075644531862477,0.20588235294117646,0.0,0.0,0.4386772039842643,0.48145608886942426,0.7332399385192878,0.7469886308069125,0.7593336282364277,438.2829329967499,1
halbach_3seg,3,0,0,0.0,2.598076211353316,-2.598076211353316,5.538329165255507,1.8461097217518356,1.1211620926150396,179.7946157859292,0.8144376557513834,1.3677077629244734,0.23532963212543193,9.705771930805195e-05,0.18826506442420643,1.8139904412539414e-05,2.7411758127158733e-05,612,0.8551673904320536,1.050911939853803,1.658702103453788,1.707725722441792,1.7079889998423252,0.20588235294117646,0.0,0.0,0.4383660834262792,0.4812358793641651,0.7326433930707263,0.7428829759572324,0.7585855621878078,449.5015113353729,1
halbach_3seg,3,1,-15,-0.7764571353075622,2.897777478867205,-2.121320343559643,5.233775267201319,1.7445917557337731,1.120865235123439,164.84058659291875,0.8145514704823386,1.4197333319167034,0.23713769675738958,1.860645707499297e-05,0.18920588557527773,1.817614995184773e-05,2.7512422801697756e-05,612,0.878592478763757,1.05642357288855,1.6827806191908428,1.6946410494605177,1.6948682586990025,0.17647058823529413,0.0,0.0,0.4389029741139726,0.480680022950926,0.7100012893368324,0.7119331594881095,0.7197302448794154,429.48310947418213,1
halbach_3seg,3,2,-30,-1.4999999999999998,3.0,-1.5000000000000009,5.359204588072218,1.7864015293574058,1.1210493109224173,149.80370734679818,0.8143810023767913,1.3689759456683581,0.23546878657971496,7.898956335184138e-05,0.18837794705863978,1.8158270174527642e-05,2.7612899674552013e-05,612,0.8566428628441641,1.0519515488862923,1.66319548713241,1.711688179779203,1.712032493257189,0.20588235294117646,0.0,0.0,0.4372567302528338,0.48047521672188864,0.7335888217375154,0.7465114729154058,0.746653304672411,453.6248598098755,1
halbach_3seg,3,3,-45,-2.121320343559643,2.8977774788672046,-0.7764571353075631,5.220510461113102,1.7401701537043675,1.1212706233425296,134.8349424107689,0.8148934411530261,1.4266664471311752,0.2373964741331874,5.5000472832122985e-05,0.18949841403024248,1.804901154468991e-05,2.693968725425967e-05,612,0.8793930933699268,1.056556750789378,1.6869789003077678,1.690903808488215,1.6911511999233049,0.17647058823529413,0.0,0.0,0.43967680453227154,0.48141348251696175,0.7073639521047418,0.7122175561119515,0.7151614187954081,442.0759835243225,1
halbach_3seg,3,4,-60,-2.598076211353316,2.598076211353316,-3.6739403974420594e-16,5.462858345956507,1.8209527819855023,1.1212398175896512,119.8133185314041,0.8144533614490722,1.3691882469542898,0.2351051224331259,3.4524309630822985e-05,0.18826607879379023,1.809048000109724e-05,2.72813427685109e-05,612,0.8554360652181155,1.0508565492861064,1.6586765980636788,1.7077639770949506,1.7080335550151367,0.20588235294117646,0.0,0.0,0.43729396820236544,0.479153815780499,0.7307902076214096,0.744751614515466,0.7499584401934152,441.2269251346588,1
halbach_3seg,3,5,-75,-2.897777478867205,2.121320343559642,0.7764571353075611,5.196147007459263,1.732049002486421,1.1210041679588498,104.83789810860753,0.8146309990985704,1.4224521692550367,0.23702048698044312,9.578413919660618e-05,0.18902151087138142,1.819170856772388e-05,2.7894149992098502e-05,612,0.8792092790777243,1.0566432886801638,1.6828296266980123,1.6946706717285294,1.694974092006778,0.17647058823529413,0.0,0.0,0.43987357307968755,0.48126690876077227,0.7048152607714043,0.7130072030380358,0.7192105877001823,471.11775159835815,1
halbach_3seg,3,6,-90,-3.0,1.4999999999999996,1.4999999999999991,5.415992051352139,1.8053306837840462,1.121228106293893,89.80059620460683,0.8144821453686661,1.368437546855166,0.23531055797608222,0.00010699861579297943,0.18835566833026823,1.812075304287686e-05,2.7869591157797363e-05,612,0.8567760092847903,1.0517700043777123,1.6631834383020283,1.7117162984623553,1.7119761587811968,0.20588235294117646,0.0,0.0,0.437969242915328,0.4807263182806167,0.7273707292729341,0.7548586869800992,0.7605881619321997,508.1333591938019,1
halbach_3seg,3,7,-105,-2.897777478867205,0.7764571353075613,2.1213203435596424,5.184578441702834,1.7281928139009448,1.1207876369105414,74.8440147078797,0.8144919022227539,1.4230744572430694,0.23712033000328278,7.852715856166586e-05,0.18912152397974244,1.814339071997721e-05,2.776323923634389e-05,612,0.8789253431082262,1.056289254938471,1.6870871274367822,1.690982734519084,1.6911601986063438,0.17647058823529413,0.0,0.0,0.43901075859208366,0.4807719151464848,0.7064750748722366,0.7110312447374744,0.7131979574105234,449.8209443092346,1
halbach_3seg,3,8,-120,-2.598076211353316,0.0,2.5980762113533156,5.419217147402638,1.8064057158008795,1.1208073859462016,59.800910426369775,0.8141855585695941,1.3681043283465617,0.2353603128019122,3.3057709225030096e-05,0.1883223058123906,1.812345827081756e-05,2.8870474530760155e-05,612,0.8549379513291201,1.0507293572865417,1.658669584996962,1.7076566945481584,1.7079828063569307,0.20588235294117646,0.0,0.0,0.43740707298406234,0.48016236637050275,0.7351096229249355,0.7390748934360113,0.741148704719609,484.6836669445038,1
halbach_3seg,3,9,-135,-2.121320343559643,-0.7764571353075627,2.897777478867205,5.248192606938016,1.7493975356460052,1.1212709473949285,44.83734500006639,0.8148898209353371,1.4266079406177794,0.2373754301738739,5.4950313088311835e-05,0.18948681297312123,1.8086390499490057e-05,2.7805273815425363e-05,612,0.8793137668076004,1.0567203508032275,1.6825504056649188,1.6945860761995468,1.6948234848034753,0.17647058823529413,0.0,0.0,0.43938050893260716,0.48069012190345667,0.7061709642832918,0.7134751323553952,0.7140876128618504,462.6140630245209,1
halbach_3seg,3,10,-150,-1.4999999999999998,-1.5000000000000007,3.0,5.424925480359478,1.8083084934531595,1.1211678248386407,29.813967446848043,0.8144206893578798,1.3687820484242854,0.23521326020070088,0.00012910438437835025,0.188304389827508,1.816381696854374e-05,2.762682730138996e-05,612,0.8564223639509047,1.0516542709622465,1.6632444833372528,1.7117865543871544,1.7121188244242262,0.20588235294117646,0.0,0.0,0.4375765630191648,0.47952558472473633,0.7272748782296947,0.7526211358304493,0.7577416488231167,468.00920844078064,1
halbach_3seg,3,11,-165,-0.7764571353075631,-2.121320343559643,2.897777478867205,5.162021562871801,1.7206738542906004,1.120896201059942,14.839750564585687,0.8145675686343478,1.4222436446673217,0.2371026712865862,0.00014345756373372636,0.18923292067501565,1.81683018611306e-05,2.7693543146431816e-05,612,0.8790526443167864,1.0565251149784183,1.6868900910362117,1.6909923072935429,1.691268549915021,0.17647058823529413,0.0,0.0,0.4396459488761625,0.4810800635574066,0.7051846125063165,0.7102169390505466,0.7110184343801111,459.33989906311035,1
halbach_3seg,3,12,-180,-3.6739403974420594e-16,-2.598076211353316,2.598076211353317,5.437678786736544,1.812559595578848,1.1210546415124782,-0.1993523614456218,0.814374932232321,1.3677548700527609,0.23541406767116227,6.278872329118721e-05,0.18837219307146286,1.8119388597607587e-05,2.796923512017871e-05,612,0.855402440309137,1.0511052037762565,1.6586720980623857,1.7077022024024318,1.7079683601625848,0.20588235294117646,0.0,0.0,0.4387326508464622,0.4815107649194859,0.733631248288819,0.7461380253791208,0.7584755992841892,445.65292620658875,1
halbach_3seg,4,0,0,0.0,3.464101615137755,-3.464101615137755,7.376040309528139,1.8440100773820347,1.1212648712572084,179.73675540227705,0.8145130485123909,1.3697250631324795,0.2353336625702189,9.72008003718203e-05,0.1882744206759541,1.8141746828970673e-05,2.741666674051678e-05,612,0.8578807764806948,1.0521929337928142,1.6594188929693903,1.7081252104373195,1.708386867381681,0.20588235294117646,0.0,0.0,0.4384194801610061,0.48129164650573764,0.7338455818496521,0.742653611391267,0.7576804060547536,476.6355962753296,1
halbach_3seg,4,1,-15,-1.035276180410083,3.8637033051562732,-2.8284271247461903,6.916102315985285,1.7290255789963211,1.1209549235732665,164.7876018721258,0.8146162170249437,1.4217673813518619,0.23713533712463578,1.8521891949447947e-05,0.18920632040525584,1.8177781671851164e-05,2.7486321475019884e-05,612,0.8794028340936442,1.0575221499990186,1.681916597305625,1.697528041508346,1.6977467535764623,0.17647058823529413,0.0,0.0,0.43895259246783724,0.4807402734198486,0.7102286280159416,0.7137561837897123,0.7215159530677032,439.51663184165955,1
halbach_3seg,4,2,-30,-1.9999999999999998,4.0,-2.0000000000000013,7.184081084567789,1.7960202711419473,1.1211705746235845,149.7461807422274,0.8144729261185756,1.3712994711344555,0.23548987615249117,7.893264026774106e-05,0.18840848025347104,1.816079270612531e-05,2.7623101811545085e-05,612,0.8598086911736144,1.053503959472708,1.6653911557844934,1.7134079821636718,1.71374903606124,0.20588235294117646,0.0,0.0,0.4373362393816409,0.48055977434480907,0.7333964657207422,0.748216240735441,0.748355821506007,461.29035210609436,1
halbach_3seg,4,3,-45,-2.8284271247461903,3.863703305156273,-1.035276180410084,6.895362897603381,1.7238407244008453,1.1213476443234416,134.78186777497936,0.814946876980267,1.4286317790927001,0.2373826057695729,5.4702410236230395e-05,0.18949298255251712,1.805010156136452e-05,2.6967415270922614e-05,612,0.8801152641342354,1.057512737968917,1.6874987155031826,1.6925911485215697,1.692830982071006,0.17647058823529413,0.0,0.0,0.4397192321220364,0.48145017957025593,0.707040370998598,0.7124389004714978,0.7161119493211537,450.397545337677,1
halbach_3seg,4,4,-60,-3.4641016151377544,3.4641016151377544,-4.898587196589413e-16,7.30048496412929,1.8251212410323225,1.1213419888275888,119.75549328138665,0.8145280720827159,1.3712148057495488,0.2351078492075704,3.437010901997576e-05,0.18827387288438446,1.8092376732351636e-05,2.7271631852984167e-05,612,0.8581550263207727,1.052141014550161,1.6593933702053627,1.7081636185243558,1.7084315266135999,0.20588235294117646,0.0,0.0,0.43734893376702566,0.4792108784398963,0.7308240517634554,0.7438751982524276,0.7491043823865298,447.67472100257874,1
halbach_3seg,4,5,-75,-3.8637033051562732,2.8284271247461894,1.0352761804100814,6.878629949007718,1.7196574872519295,1.1210944246855374,104.78491261681657,0.814696334871014,1.4247879393208063,0.23701910002254223,9.592149509026011e-05,0.1890222387001381,1.8193389834344737e-05,2.7865742021118064e-05,612,0.8800241541447898,1.057743209605714,1.681965663789068,1.6975573943684563,1.6978533112458956,0.17647058823529413,0.0,0.0,0.4399283756947239,0.4813308625315412,0.7053828321454765,0.7130659587683451,0.7199950676364534,461.4865720272064,1
halbach_3seg,4,6,-90,-4.0,1.9999999999999993,1.999999999999999,7.240991520879399,1.8102478802198498,1.1213494357417024,89.74307061468467,0.8145740156344757,1.3707613256161741,0.23533111743074003,0.00010696334517931295,0.188386789100199,1.812338511629906e-05,2.7892695268641735e-05,612,0.8599303872774815,1.0533208234324023,1.6653823055408756,1.7134366187614658,1.7136934087049243,0.20588235294117646,0.0,0.0,0.4380521620374423,0.4808133348909267,0.7283190674536725,0.7565856905341566,0.7622703278964719,473.3873405456543,1
halbach_3seg,4,7,-105,-3.8637033051562732,1.0352761804100818,2.82842712474619,6.860684652966955,1.7151711632417388,1.120864673492722,74.79092599190199,0.8145451191422854,1.4253214069070421,0.23710520007033914,7.85392419485714e-05,0.18911668559839698,1.8144624197998462e-05,2.7755799806872073e-05,612,0.8796371394106116,1.0572461833703195,1.6876069202165118,1.6926690049767823,1.6928401872322043,0.17647058823529413,0.0,0.0,0.4390511947597834,0.48080784879248545,0.7067922483908181,0.7112138704821646,0.7129313376350241,461.5724239349365,1
halbach_3seg,4,8,-120,-3.464101615137755,0.0,3.464101615137754,7.257406819484414,1.8143517048711035,1.1209103994401475,59.74305221386507,0.8142610748618512,1.3701242157413276,0.2353640819842108,3.3120930406557626e-05,0.18833049613678698,1.8125462688240718e-05,2.8881670510690546e-05,612,0.8576584385790305,1.0520148375661658,1.6593862580202206,1.70805865181723,1.7083805212904846,0.20588235294117646,0.0,0.0,0.43745858246144376,0.48021473484309823,0.7342357646497695,0.7386847447754772,0.7414590217258167,474.81702518463135,1
halbach_3seg,4,9,-135,-2.8284271247461903,-1.0352761804100836,3.8637033051562732,6.92986276778068,1.73246569194517,1.1213609717595048,44.78436328795405,0.8149552356839104,1.4286556015922964,0.23737537036856818,5.512364462494802e-05,0.18948691345163884,1.8087988837924423e-05,2.7843914970484504e-05,612,0.8801239933875965,1.0578196709965428,1.6816862591731425,1.6974728928557699,1.6977021019928271,0.17647058823529413,0.0,0.0,0.4394388680289547,0.4807565962156322,0.7057788449823085,0.7144747661076375,0.7158997610590185,470.9076581001282,1
halbach_3seg,4,10,-150,-1.9999999999999998,-2.000000000000001,4.0,7.24994579207161,1.8124864480179026,1.1212883491126382,29.756451519258516,0.8145118111023277,1.3711150693877556,0.2352329379848003,0.00012893944994426496,0.1883345373958678,1.816609178347413e-05,2.7649905349568754e-05,612,0.8595603105280184,1.0531944984124564,1.6654427969944525,1.7135081823487512,1.713835567526093,0.20588235294117646,0.0,0.0,0.4376573141249261,0.47961254539090853,0.7284280695871843,0.7543387958828871,0.7594632189480267,473.7195978164673,1
halbach_3seg,4,11,-165,-1.035276180410084,-2.8284271247461903,3.8637033051562737,6.837863416018398,1.7094658540045995,1.1209733361660115,14.78666689014477,0.8146207909925539,1.424481474777836,0.2370871812077436,0.00014352628301800106,0.18922790458334895,1.8169619040855708e-05,2.769634978440457e-05,612,0.8797616132481033,1.0574763903517626,1.6874094522714727,1.692673743423653,1.6929482816587997,0.17647058823529413,0.0,0.0,0.4396892577828797,0.48111735371130404,0.7045022573674858,0.7108275356247766,0.7109965796462796,453.67888855934143,1
halbach_3seg,4,12,-180,-4.898587196589413e-16,-3.464101615137755,3.464101615137756,7.275633813196247,1.8189084532990618,1.121157339012509,-0.2572258760507528,0.8144502510547709,1.3697716117689693,0.2354180069063391,6.307585494488698e-05,0.18838141633491412,1.8121212416706327e-05,2.798785311423571e-05,612,0.8581166997794097,1.0523872567667951,1.6593887389059783,1.7081016240417872,1.708366122882469,0.20588235294117646,0.0,0.0,0.4387890591596721,0.48156724364480946,0.7343205996601491,0.7452912689770247,0.7576194869112551,445.65036058425903,1
halbach_3seg,5,0,0,0.0,4.330127018922194,-4.330127018922194,9.210608757840943,1.8421217515681885,1.1213639048517257,179.67902163016734,0.8145866220911672,1.371714734483688,0.23534265416015623,9.735078710676627e-05,0.1882809768410354,1.8143576330012078e-05,2.743518586843827e-05,612,0.8605705869972973,1.0535459311819655,1.660121610225625,1.7085191330089406,1.7087792339936945,0.20588235294117646,0.0,0.0,0.438473947828224,0.4813491828458563,0.7351626785423427,0.7435100608742741,0.7568214021313406,481.7158935070038,1
halbach_3seg,5,1,-15,-1.2940952255126037,4.8296291314453415,-3.5355339059327378,8.59458747731571,1.7189174954631419,1.1210359709768198,164.73476142387997,0.8146750566625801,1.4237882376971358,0.2371350154460489,1.8436078858086667e-05,0.18920144593746976,1.8179309773424858e-05,2.7458712518755762e-05,612,0.8801641918122525,1.0586246499115781,1.6810423733789954,1.7003735978618888,1.7005848925604012,0.17647058823529413,0.0,0.0,0.4389994545869798,0.4807990948539381,0.7109862630114717,0.7155924352407644,0.7233131894399683,442.7289226055145,1
halbach_3seg,5,2,-30,-2.4999999999999996,5.0,-2.5000000000000018,9.005894552273148,1.8011789104546296,1.1212879124556485,149.68876956413558,0.8145629067881186,1.3735862482732266,0.23551595986735746,7.887593953225189e-05,0.18843628594738157,1.8163294255689654e-05,2.763214328984322e-05,612,0.8629484518726057,1.055124437856113,1.667563980743235,1.715115359209904,1.7154532333483374,0.17647058823529413,0.0,0.0,0.43741640578781055,0.4806456505964083,0.7332196242810399,0.7499151051516821,0.7500519614808471,453.4328947067261,1
halbach_3seg,5,3,-45,-3.5355339059327378,4.829629131445341,-1.294095225512605,8.569200881343313,1.7138401762686626,1.1214129762711798,134.72883513673284,0.8149918126862263,1.430585641316704,0.23736871088694153,5.439743227980355e-05,0.18947980330940845,1.8050996781913653e-05,2.699598047074374e-05,612,0.880746181390806,1.058434448858657,1.688002229871109,1.6942505128684973,1.6944829810244917,0.17647058823529413,0.0,0.0,0.43975652902295637,0.481482118733901,0.7067868066000387,0.7134117830292307,0.7170587357236348,449.57632088661194,1
halbach_3seg,5,4,-60,-4.330127018922193,4.330127018922193,-6.123233995736766e-16,9.134993832815049,1.8269987665630096,1.1214404368993633,119.69779411941684,0.8146009842059849,1.3732128837128743,0.23511556717065757,3.421630023664817e-05,0.1882789004771929,1.8094259010339597e-05,2.7261606628738533e-05,612,0.8608499307741737,1.0534977030435606,1.66009604359904,1.708557801898996,1.7088239206033953,0.20588235294117646,0.0,0.0,0.43740473685279696,0.47926972597801426,0.7321690215239368,0.742998423688096,0.7482499164848905,435.1990795135498,1
halbach_3seg,5,5,-75,-4.8296291314453415,3.535533905932737,1.2940952255126017,8.557264498839906,1.7114528997679812,1.1211760068125236,104.73207198966175,0.8147557346428675,1.4271053438302839,0.23701972489955736,9.605911686743948e-05,0.18901760714410754,1.81949714266852e-05,2.783589677058383e-05,612,0.8807894191580803,1.058846793668453,1.6810913952457518,1.7004034483916002,1.7006921837974422,0.17647058823529413,0.0,0.0,0.43998073722944525,0.48139346772180935,0.706021639143909,0.7146079503487502,0.7207409495201775,448.3749325275421,1
halbach_3seg,5,6,-90,-5.0,2.499999999999999,2.4999999999999987,9.062899025192515,1.812579805038503,1.1214668188650563,89.68566082396724,0.8146639225671307,1.373047915000257,0.2353566433454373,0.00010692646773263505,0.1884151551867407,1.8125999046737506e-05,2.7914513300509225e-05,612,0.863058477834767,1.054939466246485,1.6675587947391743,1.7151446601371945,1.7153984529680084,0.17647058823529413,0.0,0.0,0.4381355952186769,0.48090158250391646,0.7281675026310614,0.758307392835553,0.7639470566905673,471.33837485313416,1
halbach_3seg,5,7,-105,-4.8296291314453415,1.2940952255126024,3.5355339059327373,8.535746989767278,1.7071493979534555,1.1209299812482096,74.73788006683975,0.8145898086042933,1.4275508050483503,0.2370900493488221,7.854689861387182e-05,0.18910408856474945,1.814567235343018e-05,2.7746231657597193e-05,612,0.8802598923489413,1.0581688744874516,1.6881102324405204,1.6943276284786284,1.694492603454749,0.17647058823529413,0.0,0.0,0.43908655344229713,0.4808389946155704,0.7065566612168697,0.7118464570741693,0.7126652692004777,459.86365008354187,1
halbach_3seg,5,8,-120,-4.330127018922194,0.0,4.330127018922193,9.092490242233117,1.8184980484466233,1.1210096942616579,59.685320063220196,0.8143347959668498,1.3721158261151412,0.23537284005477904,3.318876641696431e-05,0.18833590701766098,1.8127452308597936e-05,2.8892388046736576e-05,612,0.8603554381208672,1.0533726641307108,1.6600888432269547,1.7084550300825678,1.7087726525397644,0.20588235294117646,0.0,0.0,0.4375109475734363,0.48026886064439855,0.7333779309217694,0.7396450244303778,0.742120573068994,478.8068513870239,1
halbach_3seg,5,9,-135,-3.5355339059327378,-1.2940952255126046,4.8296291314453415,8.607707250793716,1.7215414501587432,1.1214423828574283,44.73152604675906,0.8150147635610058,1.4306899977975076,0.23737734648128891,5.5301669562399155e-05,0.18948170659291672,1.8089487194421957e-05,2.788161761970988e-05,612,0.8808846071584397,1.0589230525842135,1.6808117625364751,1.7003192088572012,1.7005404230555698,0.17647058823529413,0.0,0.0,0.4394946230298222,0.48082177743998167,0.7065247670277373,0.7159091092656555,0.7177256404088016,481.4432575702667,1
halbach_3seg,5,10,-150,-2.4999999999999996,-2.500000000000001,5.0,9.07190808569769,1.814381617139538,1.121404954025954,29.69905034149816,0.8146009943594716,1.3734124809047235,0.2352576134615166,0.0001287669505421488,0.18836196540356598,1.8168345678752583e-05,2.7671890030703878e-05,612,0.8626708955596767,1.0548025494520292,1.6676187264289661,1.7152175128463627,1.7155400411362935,0.17647058823529413,0.0,0.0,0.4377386458708712,0.4797007884942839,0.7295688953353399,0.7560505962257406,0.7611781209971024,475.1032168865204,1
halbach_3seg,5,11,-165,-1.294095225512605,-3.5355339059327378,4.829629131445342,8.512668486760308,1.7025336973520617,1.121038741020698,14.733625793296593,0.8146654868903674,1.4267035685306624,0.23707168126975742,0.0001435915799881926,0.1892151301288968,1.81707546199128e-05,2.769742245735668e-05,612,0.8803801530347352,1.0583933601959912,1.6879125121173841,1.6943273468821147,1.6946002567348706,0.17647058823529413,0.0,0.0,0.4397273978285429,0.48114962105923,0.705178971981977,0.7117794762587478,0.7119831863698756,459.8645942211151,1
halbach_3seg,5,12,-180,-6.123233995736766e-16,-4.330127018922194,4.330127018922195,9.110478281409824,1.8220956562819648,1.1212563066972125,-0.31497405134806644,0.8145237614844953,1.3717606658257528,0.23542690486268894,6.336111043645739e-05,0.188387839566672,1.812302662605073e-05,2.8006037047311273e-05,612,0.8608074682153247,1.0537413079742788,1.6600913182144736,1.7084954442595417,1.7087583411542426,0.20588235294117646,0.0,0.0,0.4388463500884223,0.48162542720748747,0.7355839331669397,0.7444437205790793,0.7567629283741318,447.7203834056854,1
halbach_3seg,6,0,0,0.0,5.196152422706632,-5.196152422706632,11.04059072283705,1.840098453806175,1.1214590830051934,179.62145687480395,0.8146582610571693,1.3736741413606928,0.2353564111682995,9.750786015980433e-05,0.1882845375996114,1.8145388308872886e-05,2.745318451571108e-05,612,0.8632327497771902,1.0549680605812426,1.660811756784311,1.7089079901905058,1.7091665893470396,0.20588235294117646,0.0,0.0,0.4385292954790222,0.4814083280686345,0.7355549632355657,0.7443513714494916,0.755957719845163,489.0344202518463,1
halbach_3seg,6,1,-15,-1.5529142706151244,5.79555495773441,-4.242640687119286,10.27021668571906,1.7117027809531766,1.121108824791815,164.68202868994786,0.8147283401750992,1.4257964984721225,0.23713687126186117,1.8348102762774162e-05,0.1891915275185302,1.818074242939966e-05,2.7429778585555048e-05,612,0.8808759706828807,1.0597353111981707,1.6801568519188204,1.7031815893697237,1.703385579550852,0.17647058823529413,0.0,0.0,0.43904381098308076,0.4808567414483981,0.7117022248618516,0.7174363734160513,0.7251198116540416,438.335462808609,1
halbach_3seg,6,2,-30,-2.9999999999999996,6.0,-3.0000000000000018,10.82292037183138,1.8038200619718967,1.1214010904995382,149.63152505124444,0.814650721958437,1.3758327767904697,0.2355467461119184,7.881923436287751e-05,0.18846107100232903,1.8165769007613837e-05,2.763992101954613e-05,612,0.8660537423767248,1.0568078150006552,1.669715912739702,1.7168110711423952,1.7171457990662062,0.17647058823529413,0.0,0.0,0.4374970134784831,0.4807326122560161,0.7330612007088353,0.751602138494162,0.7517361350142351,443.9036991596222,1
halbach_3seg,6,3,-45,-4.242640687119286,5.795554957734409,-1.5529142706151262,10.2433361909797,1.7072226984966168,1.1214672228468971,134.67579610887395,0.8150287343730607,1.432528616280759,0.23735504782409522,5.408639752744876e-05,0.18945923280355895,1.8051711900876045e-05,2.7025416237064482e-05,612,0.8812902596323058,1.059328920417474,1.6884885441301336,1.6958849426914626,1.6961102971790218,0.17647058823529413,0.0,0.0,0.43978911988583336,0.4815098991688573,0.7065269833193538,0.7143901272552959,0.7180111165494163,462.2176122665405,1
halbach_3seg,6,4,-60,-5.196152422706632,5.196152422706632,-7.347880794884119e-16,10.96493279204505,1.8274887986741748,1.121535045570741,119.64026361031769,0.8146719790333341,1.3751799856407882,0.23512808535810234,3.406364079148985e-05,0.18828097216671652,1.809612370848878e-05,2.7251245196643182e-05,612,0.8635164940553772,1.054923744821416,1.6607862313074269,1.7089470152405446,1.7092113863512195,0.20588235294117646,0.0,0.0,0.43746125820666354,0.4793302130498158,0.733511178800975,0.7421171252582803,0.747390368665064,434.91408109664917,1
halbach_3seg,6,5,-75,-5.79555495773441,4.242640687119284,1.5529142706151222,10.23301997227444,1.7055033287124066,1.1212493562721968,104.67934022802658,0.8148095429441073,1.4294044589460324,0.2370224890248198,9.619539378323673e-05,0.18900786947239767,1.8196461831443463e-05,2.780476204099985e-05,612,0.8815041806575246,1.0599582940011816,1.6802059256562074,1.7032118016223121,1.7034934544971014,0.17647058823529413,0.0,0.0,0.44003087755792186,0.4814549588731558,0.7067165128205245,0.7164430664731093,0.7214481291691738,466.22208404541016,1
halbach_3seg,6,6,-90,-6.0,2.999999999999999,2.9999999999999982,10.87999428702666,1.81333238117111,1.1215800111852179,89.6284179937588,0.814751635913047,1.3752936682915182,0.23538684312238728,0.00010688851326703747,0.1884404711990014,1.8128587975355822e-05,2.7934880866609974e-05,612,0.8661525266927409,1.0566207996975392,1.6697144108587272,1.7168406692239513,1.717091460856495,0.17647058823529413,0.0,0.0,0.4382192847555484,0.48099079801469924,0.7292832468917244,0.7600157677602164,0.7656120361453657,456.87121415138245,1
halbach_3seg,6,7,-105,-5.79555495773441,1.5529142706151227,4.242640687119285,10.21106721442534,1.7018445357375567,1.1209841639631395,74.68482892601705,0.8146264560721642,1.4297630287230132,0.23707513269763672,7.855128583214586e-05,0.18908408915728722,1.8146549161489153e-05,2.7734761935892013e-05,612,0.8807980508529268,1.0590644111451397,1.6885964139560026,1.6959615023510102,1.6961203282763557,0.17647058823529413,0.0,0.0,0.4391172550226799,0.4808659666773177,0.7068739617991338,0.7124281824942854,0.7128509041539342,469.7052586078644,1
halbach_3seg,6,8,-120,-5.196152422706632,0.0,5.196152422706631,10.92301408440474,1.82050234740079,1.1211051573485826,59.6277566140444,0.8144066046528277,1.3740766034535654,0.2353863920055335,3.326090203032248e-05,0.1883383457606326,1.8129423755512737e-05,2.8902569678853555e-05,612,0.8630248716850607,1.054799988312298,1.6607789314230839,1.7088464641599619,1.7091598412437286,0.20588235294117646,0.0,0.0,0.4375640551445381,0.48032460106222913,0.73256628314989,0.7407701639533287,0.7434241351094003,470.0896031856537,1
halbach_3seg,6,9,-135,-4.242640687119286,-1.5529142706151253,5.79555495773441,10.28270558540496,1.71378426423416,1.1215156174721401,44.67879686103194,0.8150687479936544,1.4327117908599987,0.23738149997310484,5.548299721343841e-05,0.18947145267185367,1.809089330302191e-05,2.7918389420842994e-05,612,0.8815946063447319,1.0600346658892223,1.6799260200018529,1.7031278441457733,1.7033411491911004,0.17647058823529413,0.0,0.0,0.4395479983075246,0.4808858946273459,0.7074290609801963,0.7176088036945959,0.7195594619356526,491.84166526794434,1
halbach_3seg,6,10,-150,-2.9999999999999996,-3.0000000000000013,6.0,10.8890566172635,1.8148427695439169,1.1215173987729805,29.641816123244205,0.8146880121229351,1.3756706158245804,0.2352869970971822,0.0001285826575326261,0.188386378150213,1.817057321922552e-05,2.7692658545939452e-05,612,0.8657480382312976,1.0564735006489392,1.6697733981466476,1.7169150120828116,1.7172328907883057,0.17647058823529413,0.0,0.0,0.4378203232746323,0.4797900598837105,0.7306934046131452,0.7577497754308795,0.7628811278650578,481.43963837623596,1
halbach_3seg,6,11,-165,-1.5529142706151262,-4.242640687119286,5.79555495773441,10.18773890059102,1.6979564834318366,1.1210930189710755,14.680579285848545,0.814702140429186,1.4289101820923036,0.23705642062133123,0.00014365403408461954,0.1891949463490768,1.817172123587361e-05,2.76967685952934e-05,612,0.8809124830566784,1.0592830568897305,1.6883984153131435,1.6959571340685606,1.696227530903616,0.17647058823529413,0.0,0.0,0.43976077758815124,0.4811774748637395,0.7057010971590646,0.7127361785949676,0.7129743690740371,453.4165163040161,1
halbach_3seg,6,12,-180,-7.347880794884119e-16,-5.196152422706632,5.196152422706634,10.94075376901969,1.8234589615032817,1.1213514359548244,-0.3725540374238752,0.8145953496127925,1.3737194083564028,0.23544056712730754,6.364431180306671e-05,0.18839126949979373,1.812482778551192e-05,2.802369659940146e-05,612,0.8634706635883308,1.0551645075875096,1.660781393538618,1.7088842786889231,1.7091456167492625,0.20588235294117646,0.0,0.0,0.4389044043321069,0.4816851695983835,0.735869629403252,0.7440584338619244,0.7559014363204077,448.2884523868561,1
halbach_3seg,7,0,0,0.0,6.062177826491071,-6.062177826491071,12.86480042262451,1.8378286318035015,1.1215502417391192,179.56409593366425,0.8147278015278436,1.375600121934048,0.2353746853713483,9.767160267481317e-05,0.18828484952112837,1.814717812732611e-05,2.7470519401889096e-05,612,0.8658614335705958,1.056454473173651,1.661491298216726,1.7092926734782987,1.7095498013383432,0.20588235294117646,0.0,0.0,0.438585347862865,0.4814688725738877,0.7346617891995071,0.7447758753867276,0.7550839209761595,497.2135603427887,1
halbach_3seg,7,1,-15,-1.8117333157176452,6.761480784023478,-4.949747468305833,11.94380575453008,1.7062579649328686,1.1211738849310542,164.62937303950184,0.8147763817786202,1.4277928686369985,0.23714103311068946,1.825838370872113e-05,0.18917679382793692,1.8182086726211434e-05,2.7399661453313796e-05,612,0.8815379741396404,1.0608580211382919,1.6792593853427418,1.7059542814559387,1.7061510619720472,0.17647058823529413,0.0,0.0,0.43908588110566643,0.48091341659299525,0.712377723955466,0.7192835009297354,0.7269295200632202,446.6301546096802,1
halbach_3seg,7,2,-30,-3.4999999999999996,7.0,-3.500000000000002,12.63342757792183,1.8047753682745473,1.1215097717779063,149.5744989815531,0.8147360572825519,1.3780343939382749,0.23558184961589532,7.876260113116786e-05,0.1884824406123889,1.8168208028915464e-05,2.7646325526389054e-05,612,0.8691176838195358,1.0585465212624854,1.6718493213277446,1.718495957350676,1.7188275392178654,0.17647058823529413,0.0,0.0,0.43757773631850055,0.48082028805693167,0.7329026065609846,0.7532553859437503,0.7533770822487752,446.9061207771301,1
halbach_3seg,7,3,-45,-4.949747468305833,6.761480784023478,-1.8117333157176472,11.91870523207534,1.7026721760107628,1.1215109722993142,134.622715588152,0.8150581188179581,1.4344612324777835,0.2373418852079108,5.377053818968038e-05,0.18943161869065772,1.8052261320658363e-05,2.7055736343806913e-05,612,0.8817520207874833,1.0602032217593544,1.6889572287926515,1.6974969483969864,1.697715427777711,0.17647058823529413,0.0,0.0,0.4398174211074892,0.48153412759429914,0.7062522543385821,0.7153775796676392,0.7189714425147585,449.67221570014954,1
halbach_3seg,7,4,-60,-6.06217782649107,6.06217782649107,-8.572527594031472e-16,12.78907905681915,1.827011293831307,1.121625662261153,119.58293758231015,0.8147409011615093,1.3771129527102848,0.2351451564536204,3.391278432803869e-05,0.18827983490222364,1.8097967002286242e-05,2.724056019276893e-05,612,0.86614973779213,1.0564143869269826,1.661465762680611,1.7093319740366553,1.7095946362890138,0.20588235294117646,0.0,0.0,0.43751834872497763,0.47939215652647454,0.7348214867636422,0.7412255831313186,0.7465204920534576,435.5644590854645,1
halbach_3seg,7,5,-75,-6.761480784023478,4.949747468305832,1.8117333157176425,11.90671044677687,1.7009586352538386,1.1213148607803662,104.62668677972866,0.8148580622110179,1.4316851960696357,0.23702750507468687,9.632925114628586e-05,0.188993240906094,1.8197867903824887e-05,2.7772485115183732e-05,612,0.8821679201744298,1.0610815534590476,1.67930851066165,1.7059847958785164,1.706259488288684,0.17647058823529413,0.0,0.0,0.4400789868625783,0.48151552557710336,0.7081047409010481,0.718280037073449,0.7221149243386659,458.4541165828705,1
halbach_3seg,7,6,-90,-7.0,3.4999999999999987,3.4999999999999982,12.69054444299441,1.812934920427773,1.121688679990859,89.5713939908209,0.8148368448939673,1.3774947113550433,0.23542133388837394,0.00010685041077711758,0.18846234439399737,1.81311428368596e-05,2.795363637533912e-05,612,0.8692050142145803,1.0583572869402456,1.6718515844518043,1.7185260922842829,1.7187739448437018,0.17647058823529413,0.0,0.0,0.43830290409311107,0.48108061173668065,0.7303735375591679,0.7617057064875632,0.767257810931845,458.44323897361755,1
halbach_3seg,7,7,-105,-6.761480784023478,1.8117333157176432,4.949747468305832,11.88758069879926,1.69822581411418,1.1210278116217918,74.63173763093006,0.8146555385379926,1.431958512049791,0.23706071355167896,7.855388160112559e-05,0.1890570312456372,1.8147268607139807e-05,2.772157040725196e-05,612,0.8812560853224732,1.0599399111248666,1.6890650494623638,1.6975731028490137,1.6977258261073693,0.17647058823529413,0.0,0.0,0.43914371569554667,0.4808893836690635,0.7069322485948283,0.7124060302324577,0.7137919967681348,467.4355137348175,1
halbach_3seg,7,8,-120,-6.062177826491071,0.0,6.0621778264910695,12.74775627130057,1.8211080387572243,1.1211966224341847,59.570397774002984,0.8144763357022419,1.376003326923961,0.2354044913640178,3.333730540338933e-05,0.1883375627634106,1.8131372260915215e-05,2.891209969435351e-05,612,0.8656613927682824,1.05629197862011,1.6614583524054483,1.709233670784118,1.7095428114764306,0.20588235294117646,0.0,0.0,0.43761775686588983,0.4803817657340017,0.7316809823848383,0.7418901742659,0.7447109813622679,467.0388240814209,1
halbach_3seg,7,9,-135,-4.949747468305833,-1.8117333157176463,6.761480784023478,11.95567299737439,1.7079532853391985,1.1215810707320641,44.62614510616757,0.8151175000957329,1.4347216833123237,0.23738796115559782,5.566590492280375e-05,0.18945638253924255,1.8092213726540994e-05,2.7954239157688682e-05,612,0.8822536002013505,1.0611583851800142,1.6790283169431794,1.7059011523570147,1.7061066525050017,0.17647058823529413,0.0,0.0,0.43959919493351074,0.48094913421345165,0.7089867531078755,0.7193096294867496,0.7213962922533933,491.07942605018616,1
halbach_3seg,7,10,-150,-3.4999999999999996,-3.5000000000000018,7.0,12.69966807424361,1.8142382963205157,1.1216253300151973,29.58480039510141,0.8147725383181511,1.3778846650365146,0.23532070411492256,0.00012838750606195703,0.18840737299932103,1.8172765750211295e-05,2.7712019499975316e-05,612,0.8687838065925056,1.0581997220885315,1.6719070044374347,1.7186017283152415,1.7189147630043835,0.17647058823529413,0.0,0.0,0.43790200569918514,0.4798799719571801,0.7317935415223693,0.7594298683331085,0.7645647812675458,484.7128803730011,1
halbach_3seg,7,11,-165,-1.8117333157176472,-4.949747468305833,6.761480784023479,11.86400255433914,1.6948575077627341,1.1211367510447834,14.62749262500199,0.8147312205480098,1.4311013645339272,0.23704165424696902,0.0001437142951336964,0.18916768828362654,1.8172531305934017e-05,2.769441438967673e-05,612,0.8813629321586458,1.060152574383291,1.6888666413711388,1.6975647718976348,1.6978326410761657,0.17647058823529413,0.0,0.0,0.4397898016320076,0.48120152671997557,0.7053644505187093,0.7137026286750017,0.7139759321424717,457.876216173172,1
halbach_3seg,7,12,-180,-8.572527594031472e-16,-6.062177826491071,6.062177826491073,12.7652384080144,1.8236054868592,1.1214425638817855,-0.4299298718327079,0.8146648521325679,1.3756446937708264,0.2354587444238046,6.392486796815303e-05,0.18839145374809746,1.8126611233912035e-05,2.8040684662122047e-05,612,0.8661003868540194,1.0566519874873603,1.6614607648449697,1.709268832688294,1.7095286476411775,0.20588235294117646,0.0,0.0,0.4389630546578461,0.4817462687597782,0.73535976412713,0.7441043669421821,0.7550295310519156,449.57511281967163,1
halbach_3seg,8,0,0,0.0,6.92820323027551,-6.92820323027551,14.68156624944944,1.83519578118118,1.1216371153277553,179.5069886769256,0.8147949922741112,1.3774883009955343,0.2353971546299276,9.784145599705737e-05,0.18828157972444529,1.814894059530875e-05,2.7486801094924253e-05,612,0.8684509902645353,1.0579986310988447,1.664595109407935,1.7096738572112697,1.7099295442423144,0.20588235294117646,0.0,0.0,0.43864192684367315,0.481530528393706,0.7354489031072673,0.7442735124391661,0.7542488479927086,454.5562129020691,1
halbach_3seg,8,1,-15,-2.070552360820166,7.7274066103125465,-5.656854249492381,13.61600992528675,1.7020012406608438,1.1212315043417698,164.57676960166287,0.81481946038981,1.4297780056413243,0.23714762313302312,1.8167569967276878e-05,0.1891574527612665,1.8183348402501085e-05,2.742381744407813e-05,612,0.8821503766369336,1.0619963170123596,1.6783495342289154,1.7086935357780655,1.7088831674536842,0.17647058823529413,0.0,0.0,0.4391258555506172,0.48096927553031465,0.7136151338447339,0.7211294551765908,0.7287381165404846,457.36114954948425,1
halbach_3seg,8,2,-30,-3.9999999999999996,8.0,-4.000000000000003,14.43509620091839,1.8043870251147986,1.1216134933432933,149.51776115175406,0.8148184829885357,1.380184827871453,0.23562075392184403,7.870536023420671e-05,0.18849986992307002,1.81705986521548e-05,2.765103754301964e-05,612,0.8721331989012066,1.0603309037467636,1.6739667225253139,1.7201711478431871,1.7204996174754459,0.17647058823529413,0.0,0.0,0.4376581561250455,0.48090818319333906,0.7327984811205426,0.754894716876289,0.755014174980275,451.9442238807678,1
halbach_3seg,8,3,-45,-5.656854249492381,7.727406610312546,-2.070552360820168,13.59583486225376,1.69947935778172,1.1215448261336967,134.56957306538786,0.815080455717464,1.4363839883095477,0.23732950966783628,5.345070438838127e-05,0.18939732293508735,1.8052659650280338e-05,2.7086918632618187e-05,612,0.8821362851535388,1.061064616940718,1.689408420818383,1.6990886222417043,1.699300390418612,0.17647058823529413,0.0,0.0,0.4398418585132273,0.48155541803615004,0.7056063195829376,0.7163800956026536,0.7199475255927895,464.9153850078583,1
halbach_3seg,8,4,-60,-6.928203230275509,6.928203230275509,-9.797174393178826e-16,14.60578516492905,1.8257231456161314,1.121712033646624,119.5258650155049,0.814807507645737,1.3790074083314037,0.23516645403910563,3.376408451677532e-05,0.1882751473025297,1.8099782845746348e-05,2.7229561199653097e-05,612,0.8687446602999953,1.0579631816731234,1.6645894648686559,1.709713556358154,1.7099745397907324,0.20588235294117646,0.0,0.0,0.4375757809682221,0.47945528660309095,0.7360320904684055,0.7403164879655835,0.7456337539902099,441.74948716163635,1
halbach_3seg,8,5,-75,-7.7274066103125465,5.656854249492379,2.070552360820163,13.57898784338812,1.697373480423515,1.1213728685638726,104.57408693559024,0.8149015663785769,1.4339475492228615,0.23703488678690032,9.645932507555388e-05,0.18897392116464834,1.8199195416213227e-05,2.773919060639975e-05,612,0.8827804417290792,1.0622200729316533,1.678398615825764,1.7087244628300677,1.7089922891655156,0.17647058823529413,0.0,0.0,0.44012522998845754,0.48157531857339875,0.7093598196989455,0.7201147460008154,0.7227436230125318,462.6958751678467,1
halbach_3seg,8,6,-90,-8.0,3.9999999999999987,3.999999999999998,14.4922281506987,1.8115285188373376,1.1217923685598445,89.51465865570657,0.8149191240548745,1.379644860943777,0.23545959778258171,0.00010681376073494742,0.18848025038699706,1.813365006982966e-05,2.7970524188350507e-05,612,0.8722081505356819,1.0601391939883724,1.6739727376779765,1.7202017474378288,1.7204466823566855,0.17647058823529413,0.0,0.0,0.43838597283931224,0.4811704771875419,0.7314304380201796,0.7633667912783828,0.7688746966863541,451.6397981643677,1
halbach_3seg,8,7,-105,-7.7274066103125465,2.0705523608201637,5.65685424949238,13.56579926072271,1.6957249075903387,1.121061537778661,74.57858613301353,0.8146775530622798,1.4341376344889012,0.23704707149585716,7.85560110003401e-05,0.18902327244501937,1.8147845033052092e-05,2.7706803077099668e-05,612,0.8816387250354434,1.060802687734686,1.6895162842513118,1.6991644671446438,1.699311123091206,0.17647058823529413,0.0,0.0,0.43916636179783225,0.48090987756709114,0.7071339302542575,0.7130520938740359,0.714745708516041,475.8866810798645,1
halbach_3seg,8,8,-120,-6.92820323027551,0.0,6.928203230275508,14.56506486825805,1.8206331085322562,1.12128385127252,59.513292612921745,0.8145437561539971,1.377891586765509,0.23542680659853465,3.341728141245506e-05,0.18833321839677414,1.8133291476859634e-05,2.8920828506776386e-05,612,0.8682595423532442,1.0578420905978918,1.6644837111355504,1.7096175240695644,1.7099224390262031,0.20588235294117646,0.0,0.0,0.4376718542477737,0.48044010408904486,0.7308154174380943,0.7428012868162318,0.7459823966575155,468.2906138896942,1
halbach_3seg,8,9,-135,-5.656854249492381,-2.0705523608201672,7.7274066103125465,13.62725940657345,1.7034074258216811,1.1216391015794398,44.573546037089415,0.815161303821053,1.4367204321328406,0.23739685561945703,5.58507574796333e-05,0.18943670515708533,1.8093453972074726e-05,2.7989183843127603e-05,612,0.8828615391333011,1.0622976854159663,1.6781179618886535,1.7086411808595368,1.708838980970525,0.17647058823529413,0.0,0.0,0.4396483935465023,0.4810116508932408,0.7105056865709872,0.7210076919295478,0.7232324507489721,477.5556139945984,1
halbach_3seg,8,10,-150,-3.9999999999999996,-4.000000000000002,8.0,14.5014592897489,1.8126824112186124,1.1217283100361386,29.528071610623574,0.8148541636729667,1.3800484032759002,0.23535822946695986,0.00012818222953790056,0.1884244332010723,1.817491236502514e-05,2.7729723592560942e-05,612,0.8717702917188761,1.0599716402144665,1.6740241485359888,1.7202786663992182,1.7205871010536877,0.17647058823529413,0.0,0.0,0.4379832543788521,0.47997001373323633,0.7328603552241802,0.7610812425262804,0.7662201274310164,482.1078040599823,1
halbach_3seg,8,11,-165,-2.070552360820168,-5.656854249492381,7.727406610312547,13.54199237824656,1.69274904728082,1.1211705432957952,14.574345102901665,0.8147532172498455,1.4332769896130775,0.23702765294013398,0.00014377305476383166,0.1891337041230866,1.8173197807748148e-05,2.7690412665263507e-05,612,0.8817363486144433,1.061009224961604,1.6893174696000954,1.6991520964395994,1.6994175052731824,0.17647058823529413,0.0,0.0,0.4398148937102607,0.4812224086264201,0.7047129321989707,0.7146827684880213,0.7149912764398064,454.467458486557,1
halbach_3seg,8,12,-180,-9.797174393178826e-16,-6.92820323027551,6.928203230275512,14.58227975660981,1.8227849695762262,1.1215294359717116,-0.48705224051177154,0.8147320247928916,1.3775321351644858,0.2354811082669949,6.420145058214311e-05,0.188388055567813,1.812837008226088e-05,2.8056812755616488e-05,612,0.8686910749644097,1.0581972904030799,1.6646411455279368,1.7096500032632476,1.7099083275116291,0.20588235294117646,0.0,0.0,0.43902205893283913,0.48180844035231774,0.7360403081828849,0.745357777050397,0.7541408667354079,453.39250802993774,1
halbach_3seg,9,0,0,0.0,7.794228634059948,-7.794228634059948,16.48892363577441,1.8321026261971565,1.1217194124244232,179.45019401136912,0.814859544019601,1.3793332666052087,0.23542338998816387,9.801825723019408e-05,0.188274295215754,1.81506634280916e-05,2.750238438114307e-05,612,0.8709957757640229,1.0595930174299655,1.6714167542618314,1.710052968006932,1.7103072334949823,0.20588235294117646,0.0,0.0,0.4386985060708936,0.48159291687927097,0.7359388530510471,0.7438624558802106,0.7532764481152167,493.1629538536072,1
halbach_3seg,9,1,-15,-2.3293714059226867,8.693332436601615,-6.3639610306789285,15.28731310764318,1.6985903452936868,1.1212820153914334,164.52419966370596,0.8148578395217726,1.431752519607888,0.23715676100353128,1.8075601434149352e-05,0.18913369197624844,1.8184532920603725e-05,2.7455178907051565e-05,612,0.88271377532149,1.063153412199579,1.6805469476477692,1.711401277836331,1.711583821600333,0.17647058823529413,0.0,0.0,0.43916392160852935,0.4810244788834998,0.7151066932569777,0.7229721831063736,0.7305408132059311,476.61034321784973,1
halbach_3seg,9,2,-30,-4.499999999999999,9.0,-4.500000000000003,16.22513756984046,1.8027930633156066,1.121711678277966,149.46139570246055,0.8148974617697889,1.382276461799476,0.23566280709104362,7.864693465607063e-05,0.18851271595157315,1.8172924481180626e-05,2.7653854682421053e-05,612,0.8750898497246713,1.0621488830003285,1.6760733193193145,1.7218384618131777,1.7221631425806752,0.17647058823529413,0.0,0.0,0.4377376942638525,0.48099560079099307,0.7327328483416232,0.7564937090396535,0.7566112935871293,416.08125400543213,1
halbach_3seg,9,3,-45,-6.3639610306789285,8.693332436601613,-2.3293714059226893,15.27483282481808,1.697203647202009,1.1215694708742279,134.5163627552521,0.8150963002413452,1.4382973499735903,0.2373182280418499,5.312675272893702e-05,0.18935675063947824,1.8052922897987913e-05,2.71189121046013e-05,612,0.8824485854692576,1.0619209065270063,1.6898428488023927,1.7006615337390398,1.7008667854216915,0.17647058823529413,0.0,0.0,0.43986289533702033,0.481574426182642,0.7058416555368724,0.7173964970687556,0.720936559652961,466.2896943092346,1
halbach_3seg,9,4,-60,-7.794228634059947,7.794228634059947,-1.102182119232618e-15,16.41306902465492,1.823674336072769,1.121793821872427,119.46910523622448,0.8148714795861163,1.3808579041798843,0.23519157166739066,3.361762954158822e-05,0.18826649451854255,1.8101563308026962e-05,2.7218253851299162e-05,612,0.8712952985000264,1.0595623806504841,1.6714184233744274,1.7100927444529892,1.710352072648019,0.20588235294117646,0.0,0.0,0.43763326359379434,0.479519259623074,0.7357816121942049,0.740968997108893,0.7447214357833014,441.8421244621277,1
halbach_3seg,9,5,-75,-8.693332436601615,6.363961030678926,2.329371405922683,15.25033838435724,1.69448204270636,1.121423708594589,104.5215217370204,0.8149403132120445,1.4361912980072171,0.2370447359796341,9.658432551313982e-05,0.188950091429295,1.8200449863592333e-05,2.7704978525716772e-05,612,0.8833421281189696,1.0633769761573237,1.6805658791492812,1.711433413890845,1.7116935120307963,0.17647058823529413,0.0,0.0,0.44016976699210186,0.4816344710459673,0.7101285409618135,0.721916344521133,0.723469240443354,451.5777201652527,1
halbach_3seg,9,6,-90,-9.0,4.499999999999998,4.499999999999997,16.28225747373835,1.8091397193042613,1.1218904984916562,89.45829619443325,0.8149979360196076,1.3817366877267283,0.2355009880471263,0.00010677894505706304,0.18849355427727751,1.81360919760165e-05,2.7985251450405034e-05,612,0.8751520889995172,1.0619546015151087,1.676080861573524,1.7218688415984231,1.7221108666168314,0.17647058823529413,0.0,0.0,0.4384678757426932,0.4812596727897017,0.7324424435856871,0.7649873902498869,0.7704513592790018,456.4439775943756,1
halbach_3seg,9,7,-105,-8.693332436601615,2.329371405922684,6.363961030678928,15.2458474103432,1.693983045593689,1.12108601502233,74.52536826714213,0.8146930443121023,1.4363008144987015,0.2370345119448419,7.855862315602823e-05,0.1889832120243954,1.8148293705328077e-05,2.7690576137024977e-05,612,0.8819513395985528,1.0616605371078884,1.6899508303734434,1.700737201011875,1.700877820872307,0.17647058823529413,0.0,0.0,0.4391856427713629,0.48092809858355356,0.7078898536292493,0.7140283950166965,0.7157127916963923,475.7147102355957,1
halbach_3seg,9,8,-120,-7.794228634059948,0.0,7.794228634059946,16.37295316912232,1.8192170187913688,1.121366473052452,59.45650071438298,0.8146085239999659,1.3797358920234595,0.2354529361500914,3.3500183616566445e-05,0.1883249005721681,1.8135171904638045e-05,2.8928574673877375e-05,612,0.8708131562685096,1.059442490217811,1.6713034505966582,1.7099988548698,1.710299480069375,0.20588235294117646,0.0,0.0,0.43772605212294863,0.48049925678528804,0.7319424768702665,0.7436249820286652,0.7472395759613024,467.5507986545563,1
halbach_3seg,9,9,-135,-6.3639610306789285,-2.329371405922688,8.693332436601615,15.29797117484834,1.699774574983149,1.121690023883929,44.5209801189668,0.8152004093740268,1.4387087326366501,0.23740830351128409,5.603621254082482e-05,0.18941261257852016,1.80946186448036e-05,2.802324546051941e-05,612,0.8834187732522066,1.063455607068588,1.6805358490769127,1.711349318233674,1.711539410816632,0.17647058823529413,0.0,0.0,0.439695752275922,0.48107356557393105,0.7121409323436401,0.7226995392139896,0.725065272961436,489.4048373699188,1
halbach_3seg,9,10,-150,-4.499999999999999,-4.500000000000002,9.0,16.29164633056088,1.8101829256178756,1.1218257421717786,29.47171379362576,0.8149323380437293,1.3821539441781645,0.23539892878454266,0.00012796592867847964,0.1884369129739141,1.8176997549353576e-05,2.7745465039789744e-05,612,0.8746977804576767,1.0617772509896275,1.6761280655781763,1.7219468623328127,1.7222509384014337,0.17647058823529413,0.0,0.0,0.4380634620670835,0.4800594619489914,0.7338822384967973,0.7626921732300475,0.7678351654572448,485.63839054107666,1
halbach_3seg,9,11,-165,-2.3293714059226893,-6.3639610306789285,8.693332436601615,15.22180480231125,1.6913116447012502,1.121195061613224,14.521131472607255,0.814768669137533,1.4354370412152395,0.23701471557405698,0.00014383149653143064,0.18909339117637627,1.817373471424861e-05,2.7684854066411595e-05,612,0.8820383985829847,1.061860846386381,1.689751577967289,1.7007262777242826,1.700983770197905,0.17647058823529413,0.0,0.0,0.4398365057727028,0.4812407724416417,0.7053418395032052,0.7156769327500105,0.7160213914085863,550.64501953125,1
halbach_3seg,9,12,-180,-1.102182119232618e-15,-7.794228634059948,7.794228634059952,16.38989240736671,1.8210991563740788,1.1216117266830028,-0.5438616220904273,0.8147965555328085,1.3793762948240478,0.23550724114375904,6.447323923006946e-05,0.1883806502616924,1.8130095866679095e-05,2.8071847890593036e-05,612,0.8712368266822588,1.0597925939965362,1.671468468256321,1.7100287724301053,1.710285629983871,0.20588235294117646,0.0,0.0,0.4390811174453305,0.48187133578886704,0.7373554540536505,0.746596983381585,0.753226651770432,450.3454661369324,1
halbach_3seg,10,0,0,0.0,8.660254037844387,-8.660254037844387,18.28451179452379,1.828451179452379,1.1217966669861146,179.39378299229023,0.8149210278624393,1.381128403591619,0.235452892772116,9.820036624088369e-05,0.18826248103732512,1.8152340200523824e-05,2.751638639290868e-05,612,0.8734886617817017,1.061227552421014,1.6780605762072769,1.710430611831148,1.710683467155681,0.18627450980392157,0.0,0.0,0.4387549017224544,0.4816555925682129,0.7356890649439735,0.7447726699979762,0.7523247923846014,522.2786984443665,1
halbach_3seg,10,1,-15,-2.5881904510252074,9.659258262890683,-7.0710678118654755,16.95803813581188,1.695803813581188,1.121325724511392,164.47164999760156,0.8148917613485491,1.4337166926475855,0.23716855275609602,1.7982570008597748e-05,0.18910569002634894,1.8185644960034408e-05,2.748570052289236e-05,612,0.8832293155830644,1.0643323191436938,1.6842037070937717,1.71407880827748,1.7142542680183939,0.17647058823529413,0.0,0.0,0.4392002506251744,0.48107915312015354,0.7159854496712963,0.724808723621761,0.7323370554609031,484.7261142730713,1
halbach_3seg,10,2,-30,-4.999999999999999,10.0,-5.0000000000000036,18.0002995188362,1.80002995188362,1.1218036177318367,149.40550099867488,0.8149723340221623,1.3843002972119116,0.23570721255112806,7.858664685158012e-05,0.18852021530746457,1.8175164714400198e-05,2.7654468956398694e-05,612,0.8779750561421631,1.063985667737295,1.678171470034782,1.7234997211500316,1.7238194570086862,0.17647058823529413,0.0,0.0,0.43781563531248113,0.48108165978611894,0.7327158541028641,0.7580384164269169,0.758154523395357,419.8957130908966,1
halbach_3seg,10,3,-45,-7.0710678118654755,9.659258262890681,-2.58819045102521,16.95554954828627,1.695554954828627,1.1215855650615958,134.46308823796375,0.815106187552651,1.4402017701527745,0.23730834906451162,5.2797834558479747e-05,0.18931030728197645,1.8053066239333623e-05,2.7151644208273618e-05,612,0.8826946755911168,1.0627797746629652,1.6902615402232073,1.7022169876315547,1.7024159121783837,0.20588235294117646,0.0,0.0,0.4398809690536533,0.4815917660274256,0.7055177346482767,0.7184273128463222,0.7219398378319998,463.0801079273224,1
halbach_3seg,10,4,-60,-8.660254037844386,8.660254037844386,-1.2246467991473533e-15,18.20859967100663,1.8208599671006631,1.1218706121298783,119.41272826502234,0.8149324235950577,1.3826579226442677,0.23522000077446745,3.347360444413407e-05,0.18825336258998562,1.8103298879527406e-05,2.7206650721297972e-05,612,0.8737944106227371,1.0612021211189595,1.678070365303056,1.7104706896861381,1.7107283734184373,0.1977124183006536,0.0,0.0,0.43769044323322676,0.47958365767763655,0.7370046471907403,0.7418174978232245,0.7437736090772955,443.8501498699188,1
halbach_3seg,10,5,-75,-9.659258262890683,7.071067811865474,2.5881904510252034,16.92108056839873,1.692108056839873,1.1214676734232962,104.46897826402048,0.8149745337059257,1.4384161841511296,0.2370571527899804,9.670375392495129e-05,0.1889219234640066,1.8201635871417302e-05,2.7704567494556682e-05,612,0.8838540885547082,1.0645553164794117,1.684226577534728,1.7141120883642151,1.7143646017949457,0.17647058823529413,0.0,0.0,0.44021273811347533,0.48169309304593494,0.7118158856133682,0.7235069014344139,0.7251340055694998,454.13424158096313,1
halbach_3seg,10,6,-90,-10.0,4.999999999999998,4.999999999999997,18.05738780285963,1.805738780285963,1.1219823727181193,89.40240471037703,0.8150726298222523,1.383761274744594,0.2355447080836254,0.0001067462502507418,0.1885014949102648,1.8138446397144e-05,2.799746811637137e-05,612,0.8780248536720997,1.0637888044207693,1.6781794141526751,1.723528723825194,1.7237678334408724,0.17647058823529413,0.0,0.0,0.4385478504626955,0.48134728357944206,0.7333958897835453,0.7665532071728142,0.7719738139727356,454.89584732055664,1
halbach_3seg,10,7,-105,-9.659258262890683,2.5881904510252047,7.071067811865475,16.92756926344541,1.692756926344541,1.1211019043922854,74.47208779049792,0.8147025481086083,1.4384483942449766,0.2370233379369162,7.856415401060612e-05,0.18893725218768842,1.8148629408418813e-05,2.7672982070241134e-05,612,0.8821995391242945,1.0625211427714112,1.6903697339484132,1.7022925904413226,1.7024271977471233,0.20588235294117646,0.0,0.0,0.4392019923745612,0.48094466682698594,0.7077492436985655,0.7150179568163102,0.716693297685442,478.6593940258026,1
halbach_3seg,10,8,-120,-8.660254037844387,0.0,8.660254037844386,18.16908751269655,1.816908751269655,1.1214441171103402,59.400092155044476,0.8146702752293633,1.3815297974098852,0.23548235704525883,3.358525050991941e-05,0.18831209334989912,1.813700387629688e-05,2.893510923230861e-05,612,0.8733150784406905,1.0610834651704382,1.677946482213363,1.7103791090674059,1.7106754852347619,0.2042483660130719,0.0,0.0,0.43778004910830565,0.4805588446799092,0.7331054637850674,0.744886703281796,0.7484829719340123,473.83099484443665,1
halbach_3seg,10,9,-135,-7.0710678118654755,-2.588190451025209,9.659258262890683,16.96813743620724,1.696813743620724,1.1217341756628938,44.46843415050578,0.8152350808637727,1.4406871854829892,0.2374224050492652,5.62228719769052e-05,0.1893842799732974,1.80957126443217e-05,2.8056487805591348e-05,612,0.8839266956201691,1.0646354263401485,1.6841951991275939,1.7140275417543582,1.7142101697768655,0.17647058823529413,0.0,0.0,0.4397414446129692,0.48113501230645045,0.7137738480857688,0.7243763344776046,0.7268990304494958,511.6269769668579,1
halbach_3seg,10,10,-150,-4.999999999999999,-5.000000000000002,10.0,18.06693264676907,1.8066932646769072,1.121916946711721,29.415826450264394,0.8150064232895528,1.3841919531286693,0.23544200620056502,0.0001277400437220133,0.18844404872708512,1.8179002930203853e-05,2.7758881310681454e-05,612,0.8775542725364883,1.0636018939702518,1.6782226854023534,1.7236080924148163,1.7239076817216754,0.17647058823529413,0.0,0.0,0.4381419005154816,0.48014742698135937,0.7348454654664287,0.7642479564439931,0.7693961828200028,482.57829189300537,1
halbach_3seg,10,11,-165,-2.58819045102521,-7.0710678118654755,9.659258262890685,16.90328214808235,1.690328214808235,1.121210973708665,14.467855423240529,0.8147781152578236,1.4375813316314243,0.23700313631010725,0.00014389017288460432,0.18904714546875315,1.8174156005105297e-05,2.7677844608743756e-05,612,0.8822748082691807,1.0627150606651519,1.6901700087794567,1.7022846929667346,1.7025327060503403,0.20588235294117646,0.0,0.0,0.4398550882944071,0.4812572559190599,0.7060992834505768,0.7166851641864971,0.7170653456331715,462.18066024780273,1
halbach_3seg,10,12,-180,-1.2246467991473533e-15,-8.660254037844387,8.66025403784439,18.1857407965606,1.81857407965606,1.1216889917242892,-0.6002875896351764,0.8148580283640168,1.3811705483880266,0.235536628655218,6.473894596631485e-05,0.18836871179270906,1.8131777329972088e-05,2.808549850207562e-05,612,0.8737307847223034,1.0614281450358425,1.6781165964565672,1.7104061973283096,1.7106615918968113,0.1977124183006536,0.0,0.0,0.43913983377474614,0.4819345012735606,0.7385391477918088,0.7478218610370303,0.7522739195819168,456.40037298202515,1
halbach_3seg,11,0,0,0.0,9.526279441628827,-9.526279441628827,20.06574952290272,1.824159047536611,1.121868400269404,179.3378334522879,0.8149789874593466,1.3828663801952519,0.2354850645012766,9.838719349933432e-05,0.18824554172961724,1.815395742296014e-05,2.752867618056928e-05,612,0.8759209893253774,1.0628908823995311,1.684517088507372,1.7108082963757452,1.7110597417168814,0.17647058823529413,0.0,0.0,0.4388105825221644,0.4817180191654629,0.7369184368489594,0.745986582822909,0.7513263583678739,487.26565432548523,1
halbach_3seg,11,1,-15,-2.847009496127728,10.62518408917975,-7.778174593052023,18.62834516600934,1.6934859241826672,1.1213629338238649,164.41911332702853,0.8149214639966548,1.435670156441731,0.2371830993841543,1.788999346747258e-05,0.1890736134407335,1.818668478985302e-05,2.7515120052244638e-05,612,0.8836987957248519,1.0655360923428698,1.687804773357433,1.7167274936556414,1.7168961148438602,0.18627450980392157,0.0,0.0,0.4392351356168801,0.4811334463027191,0.7166789532079806,0.7266375644007723,0.7340840528015807,487.8105342388153,1
halbach_3seg,11,2,-30,-5.499999999999999,11.0,-5.5000000000000036,19.75715725711559,1.7961052051923263,1.121888559864664,149.35018039959024,0.8150423925865689,1.3862469542985876,0.23575308499941902,7.852392904359731e-05,0.188521560638965,1.8177296275617442e-05,2.765255785814722e-05,612,0.8807740701387603,1.065824800013936,1.680263715612465,1.7251551434939711,1.7254699686910588,0.17647058823529413,0.0,0.0,0.43789118333074983,0.4811653606653857,0.7327577064230005,0.7595135981312199,0.7596282646456329,434.18366527557373,1
halbach_3seg,11,3,-45,-7.778174593052023,10.62518408917975,-2.8470094961277312,18.637742053559,1.6943401866871817,1.1215937169737953,134.40975631300503,0.8151106108263947,1.4420975998655585,0.2373001517476001,5.246364687403991e-05,0.18925835593423954,1.8053103799625506e-05,2.7185043724547642e-05,612,0.8828798962586523,1.063648107453175,1.690665516407978,1.7037560582096163,1.7039488226695834,0.20588235294117646,0.0,0.0,0.43989648648612195,0.4816080096733119,0.7051774177751721,0.7194713638675209,0.7229559834845747,464.46817898750305,1
halbach_3seg,11,4,-60,-9.526279441628825,9.526279441628825,-1.3471114790620886e-15,19.98978538580828,1.8172532168916617,1.1219419009917257,119.3568121288471,0.8149898676292474,1.3844002147580292,0.23525115453793966,3.3332852655463005e-05,0.1882351655128953,1.8104977957630053e-05,2.7202150716540588e-05,612,0.8762331665121502,1.0628709510323706,1.6845348641823557,1.7108486235511258,1.7111046590995518,0.17647058823529413,0.0,0.0,0.4377468949758245,0.47964797976965723,0.7381536429833786,0.742834061823292,0.743093331991792,433.1652715206146,1
halbach_3seg,11,5,-75,-10.62518408917975,7.778174593052021,2.8470094961277237,18.59137783051164,1.69012525731924,1.121505071697863,104.41644895734507,0.8150044702747656,1.440622017184058,0.2370722358053873,9.681753490924304e-05,0.1888895868398952,1.8202758419578458e-05,2.7736401668139328e-05,612,0.8843182443425588,1.0657581144597401,1.6878295393195766,1.7167617435831177,1.7170068547054114,0.1895424836601307,0.0,0.0,0.4402543027850483,0.4817513173722928,0.7136875512037675,0.724590077258721,0.7267899320643696,453.2268261909485,1
halbach_3seg,11,6,-90,-11.0,5.499999999999998,5.499999999999997,19.81420348692198,1.8012912260838163,1.122067242616936,89.34708736689659,0.8151425013351677,1.385709353365486,0.23558987587947797,0.00010671455192899271,0.18850326828599656,1.8140688570234995e-05,2.800681664414162e-05,612,0.8808117686836134,1.0656254211579514,1.680272021312739,1.7251828715722444,1.7254190573983488,0.17647058823529413,0.0,0.0,0.43862504758671955,0.4814322686433655,0.7342750935093432,0.7680496121398314,0.7734274790703475,455.1355721950531,1
halbach_3seg,11,7,-105,-10.62518408917975,2.847009496127725,7.778174593052022,18.6107272672311,1.6918842970210088,1.1211098217164799,74.41875129052153,0.8147065622997164,1.4405805985612208,0.23701382461930473,7.857570670568591e-05,0.1888857540839861,1.8148866037785332e-05,2.765409929096919e-05,612,0.8823884709990234,1.0633913574341813,1.6907739888825228,1.7038317136198997,1.703960326068971,0.20588235294117646,0.0,0.0,0.4392158201152979,0.4809601629801647,0.7074695903320367,0.7160193483062236,0.7176867818223163,468.42671942710876,1
halbach_3seg,11,8,-120,-9.526279441628827,0.0,9.526279441628823,19.95087168212972,1.813715607466338,1.1215162834810457,59.344145135119724,0.8147285390811253,1.3832660113724178,0.23551447617369575,3.367213063052491e-05,0.1882942098380342,1.813877467214523e-05,2.8940169172923585e-05,612,0.8757563200434881,1.0627534861191203,1.6844023482460668,1.71075953373187,1.7110517240432044,0.17647058823529413,0.0,0.0,0.43783344985815725,0.4806183813517168,0.7343409314928591,0.7461051356197462,0.7497131444669458,478.682932138443,1
halbach_3seg,11,9,-135,-7.778174593052023,-2.84700949612773,10.62518408917975,18.63788988311519,1.6943536257377445,1.121771838806226,44.415901311319246,0.8152655426718258,1.4426557627279906,0.2374392662166779,5.640993269621941e-05,0.18935187811916807,1.809674118202343e-05,2.8088818579772125e-05,612,0.8843872116792165,1.0658399831498662,1.6877964654208584,1.716676851370597,1.716852296683278,0.19117647058823528,0.0,0.0,0.4397856356758048,0.4811961244650467,0.715384236548554,0.7260584273585531,0.7287113308517074,500.4733409881592,1
halbach_3seg,11,10,-150,-5.499999999999999,-5.500000000000003,11.0,19.82392897086598,1.8021753609878162,1.1220011556676532,29.36051188346241,0.8150757037446155,1.3861528908571472,0.23548659309970843,0.00012750350475023442,0.1884450389147534,1.8180907201316153e-05,2.7769585944021935e-05,612,0.8803249807235418,1.0654291221152732,1.6803112175156458,1.7252633605247742,1.725558459586441,0.17647058823529413,0.0,0.0,0.43821773249985513,0.4802328729525281,0.7357349133131909,0.765733423339296,0.7708889491466074,464.7972457408905,1
halbach_3seg,11,11,-165,-2.8470094961277312,-7.778174593052023,10.625184089179752,18.58620749112858,1.6896552264662346,1.1212188658004285,14.414522957767085,0.8147820315258505,1.439709706341251,0.23699318802344554,0.00014395200816026026,0.18899532256630636,1.8174473949826e-05,2.766949004885185e-05,612,0.8824509051407138,1.0635787686093596,1.690573697944431,1.7038265535037491,1.7040651064524874,0.20588235294117646,0.0,0.0,0.4398710386437611,0.4812724291688557,0.7068941937931019,0.7177063799222795,0.7181217496160228,463.7417414188385,1
halbach_3seg,11,12,-180,-1.3471114790620886e-15,-9.526279441628827,9.52627944162883,19.96723060843814,1.8152027825852854,1.1217607549260264,-0.6562519286733213,0.8149159889032755,1.3829074778047117,0.23556867300538517,6.499683158066002e-05,0.18835165010710822,1.8133404668064944e-05,2.8097291616018814e-05,612,0.8761641957129828,1.0630924580718155,1.6845770361255379,1.7107838883312858,1.7110378303192324,0.17647058823529413,0.0,0.0,0.4391977738767713,0.4819974987753145,0.738423508285703,0.7488948881010418,0.751753057078672,479.305748462677,1
halbach_3seg,12,0,0,0.0,10.392304845413264,-10.392304845413264,21.82993852230329,1.8191615435252741,1.1219340829034399,179.28242676733095,0.8150329222632356,1.384539648728043,0.23551926636618087,9.857669471750185e-05,0.18822286210301348,1.8155502004506356e-05,2.7538904894819672e-05,612,0.8782816677779549,1.0645702956041798,1.6907754468379956,1.7111873514945957,1.7114373753282093,0.17647058823529413,0.0,0.0,0.4388650492180706,0.48177962157119,0.7380914453442684,0.7469260167228634,0.7515242890930175,487.43286204338074,1
halbach_3seg,12,1,-15,-3.105828541230249,11.59110991546882,-8.485281374238571,20.29823465331581,1.6915195544429842,1.1213939520744738,164.36658784125967,0.8149471888054405,1.4376121716008217,0.23720049309008118,1.7796314140903632e-05,0.1890376264376808,1.8187666119176576e-05,2.7544076253402422e-05,612,0.8841241762379444,1.0667677876513377,1.6913507645810366,1.7193483786791801,1.7195101387222174,0.20588235294117646,0.0,0.0,0.4392685422567142,0.48118752183747215,0.7183165581417604,0.7284582650830546,0.7358643587862929,496.449266910553,1
halbach_3seg,12,2,-30,-5.999999999999999,12.0,-6.0000000000000036,21.49227115830049,1.7910225965250408,1.121965751102913,149.295537353659,0.8151069211792545,1.3881070957619905,0.2357994970018647,7.845770393610564e-05,0.18851595294027568,1.8179294840664646e-05,2.764780268164024e-05,612,0.8834705507300713,1.0676487635489003,1.6823536244645982,1.7268060584870384,1.7271160140913786,0.17647058823529413,0.0,0.0,0.43796350049163435,0.48124563349806865,0.7333692101425466,0.7609037410900251,0.7610169609815269,425.7290723323822,1
halbach_3seg,12,3,-45,-8.485281374238571,11.591109915468818,-3.1058285412302524,20.32101264444731,1.6934177203706093,1.121594523242592,134.35637931723753,0.8151100518804071,1.4439849061531072,0.23729389938639203,5.212447522878283e-05,0.18920125174361588,1.805304918212985e-05,2.721903139157658e-05,612,0.8830097908951076,1.0645326132224782,1.691056010732207,1.7052795720254046,1.7054663468715536,0.20588235294117646,0.0,0.0,0.4399098391308107,0.48162369803372723,0.7052602641844545,0.7205265985234235,0.7239826280859342,472.66913533210754,1
halbach_3seg,12,4,-60,-10.392304845413264,10.392304845413264,-1.4695761589768238e-15,21.75392979939477,1.8128274832828974,1.122007172868925,119.30143792980327,0.8150433216382943,1.386077253214798,0.23528439613403943,3.319586441444318e-05,0.1882112920717495,1.8106588755037804e-05,2.7212478963306248e-05,612,0.8786006604008672,1.0645561456505084,1.690801037918143,1.7112280385993153,1.7114824293216198,0.17647058823529413,0.0,0.0,0.43780217911381764,0.4797117030501956,0.7392473612979905,0.7429979193219802,0.744311600579588,430.89943528175354,1
halbach_3seg,12,5,-75,-11.59110991546882,8.485281374238568,3.1058285412302444,20.26124020843671,1.6884366840363925,1.1215362215149223,104.36393176923292,0.8150303732768354,1.4428086594413883,0.23709008945865506,9.692527666403833e-05,0.18885325940514724,1.820382267373073e-05,2.7767424286357472e-05,612,0.884736784101655,1.066988471671374,1.691376912154136,1.7193834781117203,1.7196213890986636,0.20588235294117646,0.0,0.0,0.4402946322254727,0.4818092942627307,0.7155506476952975,0.7253650408228135,0.728436066375408,448.3857605457306,1
halbach_3seg,12,6,-90,-12.0,5.999999999999998,5.9999999999999964,21.54928120743013,1.7957734339525109,1.1221443601442305,89.29244716805137,0.8152068386225686,1.387571548243662,0.23563556525954113,0.00010668298801786599,0.1884980739471704,1.8142792409027535e-05,2.8012933887392347e-05,612,0.8834963787479576,1.0674469690644082,1.6823621235841444,1.7268324978039904,1.7270657212075016,0.17647058823529413,0.0,0.0,0.4386985708876175,0.48151351520633107,0.7350658570293521,0.769460704375844,0.7747973559844047,487.63851976394653,1
halbach_3seg,12,7,-105,-11.59110991546882,3.1058285412302453,8.48528137423857,20.29492775004485,1.6912439791704041,1.1211103574028658,74.3653710463959,0.814705564125658,1.4426975429135747,0.2370062355543814,7.859483111963274e-05,0.18882907251559533,1.8149016590361997e-05,2.763399130130848e-05,612,0.8825233975913028,1.0642779036660668,1.6911648750654582,1.7053553332842872,1.705477963843331,0.20588235294117646,0.0,0.0,0.43922750815975575,0.480975123133274,0.7072951331053503,0.7170306966513732,0.7186914774611521,476.9321093559265,1
halbach_3seg,12,8,-120,-10.392304845413264,0.0,10.392304845413262,21.71560240142112,1.80963353345176,1.1215824140577424,59.28874106081266,0.8147827953154734,1.384937026162102,0.23554866109753644,3.3760051131076554e-05,0.18827063903851826,1.8140470339454882e-05,2.8943475886368375e-05,612,0.8781257664012982,1.0644396446934627,1.6906598550812926,1.7111411835920491,1.7114291513357214,0.17647058823529413,0.0,0.0,0.4378858193188882,0.48067733476691155,0.7355191992197181,0.7472684664754468,0.7509309744157773,472.40778946876526,1
halbach_3seg,12,9,-135,-8.485281374238571,-3.1058285412302507,11.59110991546882,20.30724410049822,1.692270341708185,1.1218033093011968,44.363379523387515,0.8152920271483223,1.4446137962814274,0.23745898051985814,5.6596549971338576e-05,0.18931557055694037,1.8097708288816862e-05,2.812039113506375e-05,612,0.8848026112925433,1.0670723806231048,1.6913419761001802,1.7192982605065257,1.7194730044774977,0.20588235294117646,0.0,0.0,0.43982848937865004,0.48125703613939474,0.7169875692185638,0.7277272150637166,0.7305193758345493,502.52333188056946,1
halbach_3seg,12,10,-150,-5.999999999999999,-6.000000000000003,12.0,21.55919412247813,1.7965995102065107,1.1220776266210717,29.305873489428304,0.815139472959663,1.3880272368607913,0.23553177044551557,0.00012725718456867036,0.18843908767436454,1.8182688297584977e-05,2.777719335240817e-05,612,0.8829936267453381,1.0672414993391337,1.682397284499782,1.7269141161867245,1.7272048462590237,0.17647058823529413,0.0,0.0,0.4382900993907012,0.4803147135975137,0.7365342094718142,0.7671347734459878,0.7722956255540481,466.72130823135376,1
halbach_3seg,12,11,-165,-3.1058285412302524,-8.485281374238571,11.59110991546882,20.27013874399867,1.689178228666556,1.1212193564657333,14.361148068684638,0.8147809148057328,1.4418220226173533,0.23698512964942967,0.00014401349691296094,0.18893828093967266,1.817470145922884e-05,2.7659898776956557e-05,612,0.8825722456346902,1.0644587255155933,1.6909641187313382,1.7053532657752688,1.7055824081830224,0.20588235294117646,0.0,0.0,0.43988477074029214,0.4812868573691809,0.7077003930388485,0.7187395732274373,0.7191880521477034,475.4226429462433,1
halbach_3seg,12,12,-180,-1.4695761589768238e-15,-10.392304845413264,10.392304845413268,21.73166270698296,1.81097189224858,1.121826478566857,-0.7116731372733137,0.8149699298118006,1.3845796739880376,0.23560273159772593,6.524561029552777e-05,0.18832884632651675,1.8134958342191814e-05,2.810718875852461e-05,612,0.8785259261087771,1.0647728127417162,1.6908382736906644,1.7111628153048188,1.7114152877592452,0.17647058823529413,0.0,0.0,0.4392544506234723,0.48205962471292857,0.7381048223087543,0.7496176182959616,0.7529784597353332,469.58952927589417,1
halbach_3seg,13,0,0,0.0,11.258330249197703,-11.258330249197703,23.57443822442835,1.8134183249560267,1.1219932110991597,179.22764243228724,0.8150823481100155,1.3861409871206123,0.23555484803059382,9.876648966727302e-05,0.18819385221651438,1.8156961393548596e-05,2.7546731192627605e-05,612,0.8805599855634415,1.0662525772859002,1.6968253624597907,1.7115690448963388,1.7118176287249631,0.17647058823529413,0.0,0.0,0.43891781661611856,0.4818398413832028,0.7390509933589168,0.7476291434433356,0.752729563484988,495.81210589408875,1
halbach_3seg,13,1,-15,-3.3646475863327696,12.557035741757888,-9.19238815542512,21.9676376707361,1.6898182823643153,1.121419057261978,164.31407428213888,0.8149691538745975,1.439541853708332,0.2372208211312198,1.7702859108879442e-05,0.18899788042565996,1.818858891902834e-05,2.757232596619222e-05,612,0.8845077370588765,1.0680303135236588,1.6948429401597738,1.7219423774572484,1.7220973118931509,0.20588235294117646,0.0,0.0,0.4393007504205701,0.48124152269974724,0.7199426396753739,0.7302714520933602,0.7376356512942388,496.65583539009094,1
halbach_3seg,13,2,-30,-6.499999999999999,13.0,-6.500000000000004,23.20282640102934,1.78483280007918,1.1220345765659288,149.24165567475535,0.815165322173686,1.389873188865129,0.2358456204812052,7.838740209482593e-05,0.18850275023253538,1.818113884075364e-05,2.7639952767331523e-05,612,0.886050874646268,1.0694419629621035,1.6844440136532446,1.7284534950411532,1.7287586428827164,0.17647058823529413,0.0,0.0,0.43803183854738326,0.48132150492938697,0.7340599573485812,0.7621962221351715,0.7623078733200868,423.62739276885986,1
halbach_3seg,13,3,-45,-9.19238815542512,12.557035741757886,-3.364647586332773,22.00477546409699,1.6926750356997684,1.1215886146099,134.30297643372725,0.8151050167381337,1.4458633020874596,0.23728985216083223,5.178051936820017e-05,0.1891393714854329,1.8052916188131688e-05,2.725351221403842e-05,612,0.8830906155747877,1.0654402912374992,1.6914345839002942,1.7067880993461806,1.7069690716890402,0.20588235294117646,0.0,0.0,0.43992142020315467,0.48163935142733194,0.7051675859542824,0.7215893184222544,0.7250156886653718,450.3037931919098,1
halbach_3seg,13,4,-60,-11.258330249197702,11.258330249197702,-1.592040838891559e-15,23.49838638707061,1.8075681836208162,1.1220659048610895,119.24668524035783,0.8150922891831495,1.3876819494709336,0.23531908336664223,3.30628907656065e-05,0.1881811599346587,1.8108119168956523e-05,2.7220357800202017e-05,612,0.8808859734353869,1.066244396462252,1.6968585106909206,1.7116097718716432,1.7118624742081225,0.17647058823529413,0.0,0.0,0.43785585244134273,0.4797743007604363,0.7382247575158344,0.7441311529599907,0.7455206294792536,418.76321506500244,1
halbach_3seg,13,5,-75,-12.557035741757888,9.192388155425116,3.3646475863327647,21.93060764178012,1.6869698185984707,1.1215614213078184,104.31142712933097,0.8150524772656376,1.4449759598310132,0.2371108098430471,9.702668965598788e-05,0.1888131067809957,1.8204833512605237e-05,2.7797677094560075e-05,612,0.8851122371526091,1.0682492941742077,1.6948705380853724,1.721978263526934,1.7222091382556806,0.20588235294117646,0.0,0.0,0.4403338935380407,0.4818671717641927,0.7174056661065809,0.7261137797854789,0.7300715154732369,457.53843545913696,1
halbach_3seg,13,6,-90,-13.0,6.499999999999998,6.4999999999999964,23.25980948589997,1.7892161142999978,1.1222131044850907,89.23856785733027,0.8152650405395189,1.3893405216943346,0.23568095199792108,0.00010665019555863053,0.1884852682039791,1.814473481320283e-05,2.8015551069403273e-05,612,0.8860649195803424,1.0692379027665289,1.684452729632695,1.7284787767757839,1.728708996966275,0.17647058823529413,0.0,0.0,0.4387676256726729,0.4815900138877195,0.7357550424513788,0.7707744693909373,0.77607130902415,464.5419204235077,1
halbach_3seg,13,7,-105,-12.557035741757888,3.364647586332766,9.192388155425117,21.97957495103702,1.6907365346951553,1.1211041526179988,74.31196651767469,0.8147000674249305,1.4447994554128893,0.23700083281183096,7.862126792931862e-05,0.18876758916500708,1.8149094473610133e-05,2.7612720120532807e-05,612,0.8826103950133912,1.0651877338246023,1.6915438884277774,1.7068641635578292,1.7069808248932385,0.20588235294117646,0.0,0.0,0.4392374544456167,0.48099007689287987,0.7082780976428139,0.7180499262315502,0.7197037813480714,473.76620626449585,1
halbach_3seg,13,8,-120,-11.258330249197703,0.0,11.2583302491977,23.46064267866635,1.8046648214358731,1.12164200816298,59.233959278087205,0.8148325608606438,1.3865356723804616,0.2355842549198729,3.3848816522726655e-05,0.18824078866468566,1.8142077906187205e-05,2.8944754867749732e-05,612,0.8804126083466668,1.0661287388157157,1.6967086021479827,1.7115256755672985,1.7118093133625296,0.17647058823529413,0.0,0.0,0.43793675169336804,0.4807352055028882,0.7366285290097234,0.7483650882297408,0.7521375204670957,471.1526548862457,1
halbach_3seg,13,9,-135,-9.19238815542512,-3.364647586332772,12.557035741757888,21.97611822294665,1.6904706325343577,1.1218288790455662,44.31086975843413,0.8153147607821547,1.4465603255877224,0.23748162564126102,5.678117346067548e-05,0.1892755041105235,1.8098618603510513e-05,2.815128974776443e-05,612,0.8851755639789347,1.0683355448140996,1.6948337359509453,1.7218928038805905,1.7220669409297833,0.20588235294117646,0.0,0.0,0.439870181005113,0.4813178984191158,0.7185888760232179,0.7293769565845091,0.7323287231594163,502.5439236164093,1
halbach_3seg,13,10,-150,-6.499999999999999,-6.500000000000003,13.0,23.26991529441285,1.789993484185604,1.122145742598644,29.251995070889894,0.8151971324878575,1.3898072941124997,0.2355767129898948,0.00012700194290448226,0.1884255483781206,1.818432667962003e-05,2.77813978679013e-05,612,0.8855466167770752,1.0690234081619208,1.6844836526837401,1.7285613604214762,1.7288477831590316,0.17647058823529413,0.0,0.0,0.43835822199976254,0.48039194845709854,0.73723110383579,0.768438455310358,0.7736049083850116,455.19445991516113,1
halbach_3seg,13,11,-165,-3.364647586332773,-9.19238815542512,12.55703574175789,21.95451083585643,1.68880852583511,1.1212130747999443,14.307748699999497,0.8147752712875639,1.4439182207686674,0.23697922941150762,0.0001440745498408457,0.1888764081690312,1.8174851143116774e-05,2.7649202099114288e-05,612,0.8826450315175948,1.0653619009967272,1.6913426764721329,1.7068650610595026,1.707084813924002,0.20588235294117646,0.0,0.0,0.43989668506434304,0.4813010731703418,0.7085140540755078,0.7197811218747998,0.720262022429671,478.9029848575592,1
halbach_3seg,13,12,-180,-1.592040838891559e-15,-11.258330249197703,11.258330249197707,23.47639794527266,1.8058767650209737,1.121885657273522,-0.7664717312624486,0.8150193652238038,1.3861798398817988,0.2356381512711958,6.548343368974842e-05,0.18829970989211395,1.8136427906654633e-05,2.8114698920320062e-05,612,0.8808052823319599,1.0664559985174027,1.6968901159377843,1.7115443528304548,1.7117953232380942,0.17647058823529413,0.0,0.0,0.43930939479140085,0.48212041027930447,0.73782196087651,0.7493797365818994,0.7541945215488698,472.55381059646606,1
halbach_3seg,14,0,0,0.0,12.124355652982143,-12.124355652982143,25.2970981830072,1.8069355845005144,1.1220453946593618,179.1735447485451,0.8151268794093092,1.3876647949199075,0.23559124798784004,9.89535346699603e-05,0.18815806122100112,1.8158325441002338e-05,2.7551874287215427e-05,612,0.8827480892487231,1.0679262417085331,1.702660396941804,1.7119543683478078,1.7122014795923242,0.17647058823529413,0.0,0.0,0.4389684872113977,0.4818982228933418,0.7401485527207324,0.7480334700418912,0.7539252557825259,495.78899598121643,1
halbach_3seg,14,1,-15,-3.6234666314352904,13.522961568046956,-9.899494936611665,23.6364535635143,1.688318111679593,1.1214385047685618,164.26157442611134,0.8149875569061951,1.4414583367317453,0.2372441490596554,1.760917225113288e-05,0.1889545010215886,1.8189457349398904e-05,2.7599911561413935e-05,612,0.8848516744135018,1.0693262097043108,1.6982833050606236,1.7245102824265444,1.7246585504161522,0.20588235294117646,0.0,0.0,0.43933193351321886,0.4812955958522261,0.7215580370799144,0.7320764022312305,0.7393987905676878,497.0426561832428,1
halbach_3seg,14,2,-30,-6.999999999999999,14.0,-7.000000000000004,24.88699706723103,1.7776426476593592,1.1220946275560417,149.18858855899003,0.8152171843401728,1.3915408416011268,0.23589082920258597,7.831137255324813e-05,0.18848155883925818,1.8182812273779447e-05,2.7628858151087836e-05,612,0.8885064768125873,1.0711924809981295,1.686789035994397,1.7300979853119838,1.7303984520860116,0.17647058823529413,0.0,0.0,0.43809563351275627,0.4813922273316437,0.7346422846549129,0.7633840010114389,0.7634949195961205,434.98692774772644,1
halbach_3seg,14,3,-45,-9.899494936611665,13.522961568046956,-3.6234666314352943,23.68843431998593,1.692031022856138,1.121576564457245,134.24956716179625,0.8150959638875777,1.4477320401198432,0.23728823836130858,5.1431643629622414e-05,0.18907305712343714,1.8052717331391182e-05,2.7288396478749368e-05,612,0.8831277464415396,1.0663772736466486,1.6918027274415788,1.7082821549093616,1.7084574861923614,0.20588235294117646,0.0,0.0,0.4399315868525228,0.4816554309451844,0.7060064974797592,0.7226579970465143,0.7260547525148374,465.9450626373291,1
halbach_3seg,14,4,-60,-12.12435565298214,12.12435565298214,-1.7145055188062944e-15,25.22100568597503,1.8015004061410735,1.1221177504888868,119.19261820194872,0.8151364140972608,1.389208654067154,0.23535464126950137,3.2935397739098386e-05,0.18814431471815432,1.810956083964132e-05,2.722550732387657e-05,612,0.8830810994717411,1.067924301790163,1.7027010646417453,1.711995569019456,1.712246581509057,0.17647058823529413,0.0,0.0,0.4379075901594754,0.47983537695495626,0.7390563582209427,0.7452007238440713,0.7467198678642343,419.7715654373169,1
halbach_3seg,14,5,-75,-13.522961568046956,9.899494936611664,3.623466631435285,23.59938423175026,1.6856703022678758,1.1215809391877896,104.25893672373019,0.815070993145706,1.4471235577724555,0.23713448416793928,9.71218870608694e-05,0.18876927937603288,1.8205795244457995e-05,2.7827197371006884e-05,612,0.8854470661847264,1.0695431813717713,1.6983122267787036,1.7245469682817145,1.7247709260362218,0.20588235294117646,0.0,0.0,0.4403722411996901,0.48192508490415337,0.7192524745530742,0.7268379034061818,0.7316963734635955,467.64959740638733,1
halbach_3seg,14,6,-90,-14.0,6.999999999999997,6.9999999999999964,24.94398426690672,1.7817131619219087,1.1222730834764059,89.18550199247221,0.8153167072136316,1.3910118645664342,0.23572540587788884,0.00010661379376341381,0.1884644522752456,1.8146498837082137e-05,2.801450590269798e-05,612,0.8885088778174209,1.0709863821145131,1.686806077185613,1.7301223436570707,1.7303494983640189,0.17647058823529413,0.0,0.0,0.4388316232608103,0.48166099993185335,0.7363343561548685,0.7719830345718226,0.7772423949986889,447.21437788009644,1
halbach_3seg,14,7,-105,-13.522961568046956,3.6234666314352864,9.899494936611664,23.66409065877095,1.6902921899122105,1.121091784490784,74.25855668851749,0.8146905345595514,1.446886612125771,0.23699785150083844,7.865614539576295e-05,0.18870165108640086,1.8149111841936786e-05,2.7590338079930914e-05,612,0.8826544730598126,1.0661269118534393,1.6919125223275024,1.7083586298759657,1.7084693302640388,0.20588235294117646,0.0,0.0,0.43924601439618255,0.481005488715821,0.7092633124014011,0.7190742808800382,0.7207207631819827,477.04550099372864,1
halbach_3seg,14,8,-120,-12.124355652982143,0.0,12.124355652982139,25.18380610379287,1.7988432931280622,1.121694696327348,59.17986477926936,0.8148774650059556,1.3880588442582096,0.2356206950342575,3.394056096306409e-05,0.18820422176133325,1.8143587376960722e-05,2.894378279035271e-05,612,0.8826089518894483,1.067809280755784,1.702545225516623,1.7119133124926778,1.7121928223933112,0.17647058823529413,0.0,0.0,0.4379859259813294,0.48079159170417424,0.7376784981018182,0.7493848744028497,0.7533332139093423,487.5899782180786,1
halbach_3seg,14,9,-135,-9.899494936611665,-3.6234666314352926,13.522961568046956,23.64442349436313,1.6888873924545094,1.1218488011931793,44.258373480520824,0.8153339405080633,1.448494374307452,0.23750727158146714,5.696768305045376e-05,0.18923181118640045,1.8099476612798226e-05,2.818150732732544e-05,612,0.8855085004571136,1.0696320441811449,1.6982731293222062,1.724461368218311,1.7246348414839667,0.20588235294117646,0.0,0.0,0.43991087272934587,0.48137884837632555,0.7192691304746536,0.7310158667613988,0.7341306618876866,498.61964678764343,1
halbach_3seg,14,10,-150,-6.999999999999999,-7.0000000000000036,14.0,24.9542716815479,1.7824479772534214,1.1222051083732898,29.19892965721672,0.8152482810017123,1.3914885898610287,0.23562079434778843,0.0001267405944767721,0.188404025087237,1.8185808005568655e-05,2.778201701428676e-05,612,0.8879755112693215,1.0707630309888256,1.6867759490789465,1.730205832025045,1.7304879768867258,0.17647058823529413,0.0,0.0,0.4384215260257802,0.4804638217503125,0.7378173582873211,0.7696363717896275,0.7748094133261045,454.1981897354126,1
halbach_3seg,14,11,-165,-3.6234666314352943,-9.899494936611665,13.522961568046957,23.63875632864179,1.688482594902985,1.121200616029255,14.254344077931064,0.8147655762689916,1.4459982757215224,0.23697572125106864,0.00014413902450204283,0.18881005070313492,1.8174935124027006e-05,2.7637518161231478e-05,612,0.8826745554523021,1.06629440052463,1.6917108225610404,1.7083624843886627,1.7085728726011145,0.20588235294117646,0.0,0.0,0.4399071639450277,0.481315568847621,0.7093315752992242,0.7208276352096878,0.721341679240249,483.12424397468567,1
halbach_3seg,14,12,-180,-1.7145055188062944e-15,-12.124355652982143,12.124355652982146,25.19928986703711,1.7999492762169365,1.121937899065582,-0.8205834967918338,0.8150639077884895,1.3877024282384212,0.23567436813719403,6.570832048806794e-05,0.1882637889840257,1.8137802510423924e-05,2.811954800808903e-05,612,0.8829943885163174,1.0681305260801417,1.7027268797044208,1.711929441920619,1.712178862191228,0.17647058823529413,0.0,0.0,0.43936222538348013,0.48217941587582014,0.7384620193092821,0.7486719367476,0.7554016620727664,482.24333930015564,1
halbach_3seg,15,0,0,0.0,12.99038105676658,-12.99038105676658,26.99648507690999,1.7997656717939994,1.1220904088968984,179.12017587269725,0.8151662763271549,1.3891076178508142,0.23562804546907737,9.913495315882384e-05,0.18811521959875724,1.8159587728361062e-05,2.755932805491251e-05,612,0.8848420957479326,1.0695826049774253,1.7082793496256796,1.7123440326180777,1.712589633976303,0.17647058823529413,0.0,0.0,0.4390168024056586,0.48195447378896955,0.741103037153532,0.7480796373828786,0.7551122020412436,493.2151725292206,1
halbach_3seg,15,1,-15,-3.882285676537811,14.488887394336025,-10.606601717798213,25.3045262409798,1.68696841606532,1.1214525370440493,164.20909203581098,0.815002585353766,1.4433608226443246,0.23727053771903273,1.751616782497806e-05,0.18890761103319031,1.8190275538618137e-05,2.7626880909401606e-05,612,0.8851588665346819,1.070658018681239,1.701674397061806,1.7270524488791608,1.7271946335374289,0.20588235294117646,0.0,0.0,0.4393622586536454,0.4813498843633866,0.7231634066342154,0.7338725899951706,0.7411544334192025,479.2937412261963,1
halbach_3seg,15,2,-30,-7.499999999999999,15.0,-7.500000000000005,26.54407925196747,1.769605283464498,1.1221457860214403,149.13635452512602,0.8152623472470201,1.3931091878660022,0.23593471508948297,7.822884150183978e-05,0.18845224643980707,1.81843065494574e-05,2.7614492709525106e-05,612,0.8908343446945763,1.0728932690896884,1.691177512957492,1.7317400267174574,1.7320357212620954,0.17647058823529413,0.0,0.0,0.43815456141720743,0.48145734456075606,0.7351094548636956,0.7644622148836385,0.7645708497252051,438.9761714935303,1
halbach_3seg,15,3,-45,-10.606601717798213,14.488887394336023,-3.882285676537815,25.37148783350889,1.691432522233926,1.121558861798521,134.19616775732607,0.815083283756291,1.4495904145360354,0.237289249461708,5.107837902302277e-05,0.18900259489750035,1.8052463281806807e-05,2.7323615042636635e-05,612,0.8831258552815846,1.0673486157853496,1.6921617289600568,1.7097622737992613,1.7099320414388106,0.23529411764705882,0.0,0.0,0.43994064424899637,0.4816723333580471,0.7068485879748614,0.7237290988030027,0.7270955561716653,471.6663842201233,1
halbach_3seg,15,4,-60,-12.990381056766578,12.990381056766578,-1.83697019872103e-15,26.92034644396821,1.794689762931214,1.1221624410524058,119.13927916894914,0.8151754272378934,1.3906539134246538,0.23539066325903787,3.281261188986996e-05,0.1881004979299631,1.8110907481104975e-05,2.722773538186307e-05,612,0.8851818836486719,1.0695869616522562,1.7083265292957526,1.7123854892665837,1.7126347585312764,0.17647058823529413,0.0,0.0,0.43795715039946526,0.47989464169965174,0.7388867105559307,0.7462014088866094,0.7479099391905129,418.4903099536896,1
halbach_3seg,15,5,-75,-14.488887394336025,10.60660171779821,3.8822856765378053,25.26740776893112,1.6844938512620746,1.1215950528592784,104.20646456456832,0.8150861383755298,1.4492512023239377,0.23716119728686713,9.721125176205902e-05,0.18872193095101988,1.820671260172271e-05,2.7856028769515703e-05,612,0.8857444508113212,1.0708727111171161,1.701703473065019,1.727090390401578,1.7273075255065735,0.20588235294117646,0.0,0.0,0.4404098443958888,0.4819831831601793,0.7210912502396787,0.7275388983159129,0.733310734243724,475.30841517448425,1
halbach_3seg,15,6,-90,-15.0,7.499999999999997,7.499999999999996,26.60107171923334,1.7734047812822227,1.1223241458653235,89.13326918272658,0.8153616578296383,1.3925847267208957,0.23576853910163537,0.00010657529747185286,0.18843550530726402,1.8148075162338193e-05,2.802958837152516e-05,612,0.8908250946627262,1.0726851527175167,1.691113624573326,1.7317635033151533,1.7319875622314527,0.17647058823529413,0.0,0.0,0.43889023674772526,0.4817260093673144,0.7368018093190081,0.7730819511521351,0.7783029859686416,482.6306314468384,1
halbach_3seg,15,7,-105,-14.488887394336025,3.882285676537807,10.606601717798211,25.34798012999656,1.6898653419997707,1.1210737481836885,74.2051576273438,0.8146773616394033,1.448959048567332,0.2369974901891922,7.870002349386719e-05,0.18863155106404744,1.8149079175484808e-05,2.756689660605775e-05,612,0.882660012191233,1.0671004395570427,1.6922720549860977,1.7098391859753364,1.7099439306336663,0.23529411764705882,0.0,0.0,0.4392534989429257,0.48102176127149093,0.7099651811824532,0.7201014944540794,0.7217404239741113,474.96638011932373,1
halbach_3seg,15,8,-120,-12.99038105676658,0.0,12.990381056766577,26.88368805506788,1.7922458703378585,1.121740230996738,59.126499042905465,0.8149172509372199,1.3895034581758412,0.23565755855363463,3.403324419461886e-05,0.18816066249036037,1.8144992012471142e-05,2.8940416267930472e-05,612,0.8847108512822413,1.0694725113685826,1.7081656721193574,1.7123054066015901,1.7125807645654558,0.17647058823529413,0.0,0.0,0.43803312218413976,0.4808462327612872,0.7386423734811738,0.7503212615403299,0.7545198553581746,484.29633498191833,1
halbach_3seg,15,9,-135,-10.606601717798213,-3.8822856765378138,14.488887394336025,25.31199443327914,1.6874662955519426,1.1218633256367914,44.205894704054465,0.8153497600505202,1.4504149422171975,0.23753598368679155,5.715764008014545e-05,0.1891846227844446,1.8100286632896373e-05,2.8211079406438847e-05,612,0.8858045722304198,1.0709644651217824,1.7016610599396738,1.7270047362745118,1.72717752893095,0.20588235294117646,0.0,0.0,0.4399507282216808,0.4814400270747336,0.719924645761123,0.7326456722785755,0.7359237889854389,504.12843656539917,1
halbach_3seg,15,10,-150,-7.499999999999999,-7.5000000000000036,15.0,26.61153511418949,1.774102340945966,1.1222555684400433,29.146696599868765,0.8152927338744472,1.3930700570127665,0.23566362248475542,0.00012647138720595295,0.18837439379200643,1.818712386283093e-05,2.7778994911484514e-05,612,0.8902771398595022,1.0724530602349023,1.6911874511231073,1.731847554741192,1.7321254139709321,0.17647058823529413,0.0,0.0,0.4384796689369749,0.48052985979951396,0.7382890411250025,0.7707252613618788,0.7759053689549129,456.6907420158386,1
halbach_3seg,15,11,-165,-3.882285676537815,-10.606601717798213,14.488887394336027,25.32238407513852,1.688158938342568,1.1211824705899212,14.200950078945993,0.8147522223036753,1.448061886450131,0.2369748030836377,0.00014420573676509946,0.1887395030579012,1.8174963270266018e-05,2.7624949002799127e-05,612,0.8826653480769793,1.0672612663516907,1.692069841636855,1.7098461483326226,1.7100471990324186,0.23529411764705882,0.0,0.0,0.4399165202381184,0.48133075043796986,0.7101507696836703,0.721876859714802,0.7224245911644599,477.07843828201294,1
halbach_3seg,15,12,-180,-1.83697019872103e-15,-12.99038105676658,12.990381056766585,26.89890809189207,1.7932605394594714,1.121982977843326,-0.8739663238982853,0.8151033163707737,1.3891440115912057,0.23571096004316514,6.591839376186094e-05,0.18822081412196165,1.813907499822715e-05,2.812155416704724e-05,612,0.8850893774674102,1.0697877214718072,1.7083474442960735,1.7123188686755437,1.71256669865668,0.17647058823529413,0.0,0.0,0.4394126966059029,0.48223635992184716,0.7391766321555525,0.74925521809794,0.7565993520799523,487.04790782928467,1
halbach_3seg,16,0,0,0.0,13.85640646055102,-13.85640646055102,28.67195810511663,1.7919973815697894,1.122128195962873,179.06755355258957,0.8152004495054211,1.3904684300922256,0.23566498089605478,9.930887617113298e-05,0.18806524236103048,1.816074581466003e-05,2.7603621593350048e-05,612,0.8868426185224015,1.0712163027085286,1.712500255204549,1.7139260700400099,1.7143008395838737,0.17647058823529413,0.0,0.0,0.4390626552632129,0.48200848198623997,0.7419738201193735,0.7492532096994504,0.7562907769575877,478.83071994781494,1
halbach_3seg,16,1,-15,-4.141104721640332,15.454813220625093,-11.313708498984761,26.97162048174092,1.6857262801088075,1.1214614099125537,164.15663372019765,0.8150144374531759,1.4452485649843205,0.23730005368423931,1.7424712827032167e-05,0.1888573441517326,1.8191048672971922e-05,2.7653332502681836e-05,612,0.8854326181740952,1.0720283091833895,1.7050165111473676,1.7295701097253913,1.7297062484677932,0.20588235294117646,0.0,0.0,0.4393918889939575,0.4814045514347719,0.7247653286153445,0.7356534806448771,0.7429096959475525,466.1662292480469,1
halbach_3seg,16,2,-30,-7.999999999999999,16.0,-8.000000000000005,28.1745992935444,1.760912455846525,1.1221881087186496,149.08493483347812,0.8153008381487065,1.3945812299877431,0.2359772033496846,7.814248307797976e-05,0.18841500792390456,1.818562006140186e-05,2.759694078714278e-05,612,0.8930376172395854,1.0745424302260782,1.6955067846155072,1.733378853960523,1.7336702422221733,0.17647058823529413,0.0,0.0,0.4382085487773838,0.48151674243829407,0.7354645442848258,0.7654345938867574,0.7655414858661146,431.69022035598755,1
halbach_3seg,16,3,-45,-11.313708498984761,15.454813220625091,-4.141104721640336,27.0533890862411,1.6908368178900688,1.121535983315463,134.1427961227636,0.8150673546944525,1.4514377567875028,0.23729305993115318,5.0720164029994905e-05,0.1889282610605694,1.8052164173006118e-05,2.7359094893258307e-05,612,0.8830896981468186,1.0683591498019012,1.692512884634079,1.71122909133926,1.711393098813759,0.23529411764705882,0.0,0.0,0.43994888246473496,0.48169041811041785,0.707690824233663,0.7248005954152762,0.7281363306244298,465.2725729942322,1
halbach_3seg,16,4,-60,-13.856406460551018,13.856406460551018,-1.959434878635765e-15,28.5957711002278,1.7872356937642375,1.1221999330860952,119.08668582566024,0.815209248729284,1.3920166893658494,0.23542688414941274,3.269375785977653e-05,0.18804963039942194,1.811215794135691e-05,2.7227032467535027e-05,612,0.8871887701033886,1.0712269347257195,1.7125635813133533,1.713912729193025,1.71428443655586,0.17647058823529413,0.0,0.0,0.43800439518444706,0.4799519429921338,0.7400973236535003,0.747141240580051,0.7491107798375134,458.38335609436035,1
halbach_3seg,16,5,-75,-15.454813220625093,11.313708498984758,4.141104721640326,26.93446300062468,1.6834039375390426,1.1216040313568572,104.15401671420105,0.8150981243967133,1.4513587339452694,0.23719103551661544,9.729600241857615e-05,0.18867121335840573,1.8207590243178664e-05,2.7884225279179472e-05,612,0.8860079660279471,1.0722405143861946,1.7050457511315742,1.7296092632665219,1.729819628209316,0.20588235294117646,0.0,0.0,0.44044687214821243,0.4820416240196758,0.722923158562488,0.7286800622244186,0.7349146991561042,486.9222569465637,1
halbach_3seg,16,6,-90,-16.0,7.999999999999997,7.999999999999996,28.23159880765244,1.7644749254782774,1.1223663947694247,89.08185043151518,0.815399947928592,1.3940617201500147,0.23581024720080243,0.00010653446275100157,0.18839859976388126,1.8149462052776403e-05,2.8054643870127163e-05,612,0.8930168209268012,1.0743324654511246,1.6954408203794507,1.7334017075480974,1.733622597045637,0.17647058823529413,0.0,0.0,0.4389433964080537,0.48178492803747147,0.7371555105014859,0.7740760211416823,0.7792613471336025,477.97052907943726,1
halbach_3seg,16,7,-105,-15.454813220625093,4.141104721640327,11.31370849898476,27.03070220142732,1.6894188875892076,1.1210505243585474,74.151787132646,0.8146609309643127,1.451016605895417,0.23699992955897575,7.875329733074841e-05,0.1885575710128567,1.8149008517338817e-05,2.754247141105594e-05,612,0.8826316381390564,1.0681131247684306,1.6926237307144683,1.7113062754435366,1.7114050678877386,0.23529411764705882,0.0,0.0,0.43926019374439595,0.4810391920710435,0.7097299552447021,0.721080029236941,0.7228094086776039,495.9781274795532,1
halbach_3seg,16,8,-120,-13.85640646055102,0.0,13.856406460551016,28.55964383984669,1.784977739990418,1.1217785619331115,59.07387979921087,0.8149518346493448,1.3908661485318181,0.23569458486787703,3.412682995708582e-05,0.18811003443182406,1.81462897991166e-05,2.8934592526761276e-05,612,0.8867189031978712,1.0711130398825737,1.7122292411357534,1.7138862094712184,1.7142923808476678,0.17647058823529413,0.0,0.0,0.4380782621119339,0.4808990381059558,0.7395222801557038,0.7511710996948894,0.7556972219862538,500.6262228488922,1
halbach_3seg,16,9,-135,-11.313708498984761,-4.1411047216403345,15.454813220625093,26.97860857750965,1.6861630360943531,1.121872701590434,44.15343953107839,0.8153624133211289,1.4523210164278828,0.23756783093407008,5.734887321933806e-05,0.1891340750687883,1.8101052962635317e-05,2.8240051639852487e-05,612,0.886067165630447,1.0723353542289962,1.7050000784564259,1.7295234543251496,1.7296955993823586,0.20588235294117646,0.0,0.0,0.43998991432921836,0.4815015840133356,0.7213161581466089,0.7342674006676442,0.7377076518449052,503.33574986457825,1
halbach_3seg,16,10,-150,-7.999999999999999,-8.000000000000004,16.0,28.2422227166808,1.76513891979255,1.1222972313807038,29.095277474709157,0.8153305511503821,1.3945546986076776,0.2357050957623168,0.00012619808892823584,0.1883368364682839,1.818827334165975e-05,2.777242235903689e-05,612,0.892454724967034,1.0740917669831078,1.6955172835846246,1.733486317788728,1.7337600273012177,0.17647058823529413,0.0,0.0,0.43853260193607313,0.4805899643473999,0.7386479108392349,0.7717077916000576,0.776895543099388,449.2326891422272,1
halbach_3seg,16,11,-165,-4.141104721640336,-11.313708498984761,15.454813220625095,27.00482589106666,1.6878016181916662,1.1211591109713415,14.147585015291606,0.8147355874395756,1.4501087050254955,0.23697666483667856,0.00014427309096007567,0.18866505759628657,1.8174945003801593e-05,2.7611600026790597e-05,612,0.8826220535167979,1.06826729260949,1.6924210610921355,1.7113159632534345,1.7115076898698596,0.23529411764705882,0.0,0.0,0.4399250502804243,0.48134698883875293,0.7109705770879671,0.722927326214637,0.7235071923502017,459.794713973999,1
halbach_3seg,16,12,-180,-1.959434878635765e-15,-13.85640646055102,13.856406460551025,28.57461516969386,1.7859134481058663,1.1220208350640157,-0.9266025370552673,0.8151375010325712,1.3905035793151734,0.2357476670690954,6.611277876607412e-05,0.18817070114073947,1.814024241675916e-05,2.812063535898064e-05,612,0.8870908653502741,1.0714222321741285,1.7124740426599288,1.713935002119951,1.7143837343624906,0.17647058823529413,0.0,0.0,0.43946071248546487,0.48229113893502906,0.7399682358060948,0.7501677419049174,0.7577887584333927,462.5039641857147,1
halbach_3seg,17,0,0,0.0,14.722431864335459,-14.722431864335459,30.32374278420286,1.7837495755413446,1.1221588629116874,179.01566902510444,0.8152294638669727,1.3917488834149045,0.23570198431481132,9.947496892404317e-05,0.18800824846907394,1.816180129404311e-05,2.7648092025488775e-05,612,0.8887549660985099,1.0728257778246009,1.7129010736612478,1.7191353969127598,1.7195174036632266,0.17647058823529413,0.0,0.0,0.43910609406386925,0.4820603216413557,0.7427615000337326,0.7504189293035964,0.7574616552376384,470.4179813861847,1
halbach_3seg,17,1,-15,-4.399923766742853,16.42073904691416,-12.020815280171309,28.63741619941315,1.6845538940831264,1.121465400856734,164.10420905926253,0.8150233288517519,1.447358950701812,0.2373327725676395,1.7335229183064154e-05,0.1888038509364501,1.8191779367991248e-05,2.7679155146599307e-05,612,0.8856751784250936,1.0734395092047193,1.7083109260516143,1.7320638710714418,1.7321939979286667,0.23529411764705882,0.0,0.0,0.43942108444828454,0.4814597855032345,0.7263437195312495,0.7374429977830096,0.7446424473154286,483.9907193183899,1
halbach_3seg,17,2,-30,-8.499999999999998,17.0,-8.500000000000005,29.78005449680417,1.7517679115767157,1.1222219544584857,149.03428063058405,0.8153329383428409,1.39596278620771,0.23601840892231826,7.805100847693342e-05,0.18837024089174148,1.8186759053298055e-05,2.7576374193829603e-05,612,0.8951243541045042,1.0761429173895496,1.699649336695182,1.7350142673327662,1.73530120542031,0.17647058823529413,0.0,0.0,0.43825777962644186,0.4815706187804006,0.7357140743255414,0.7663074749810371,0.7664124633517895,442.2488009929657,1
halbach_3seg,17,3,-45,-12.020815280171309,16.42073904691416,-4.399923766742857,28.7335811533587,1.6902106560799235,1.1215083782245219,134.08947048024186,0.8150485306265066,1.453273412452075,0.23729981983565032,5.035482155490299e-05,0.18885031257208862,1.8051829317602733e-05,2.739476493289638e-05,612,0.8830244261012796,1.0694132511898407,1.6928573882898028,1.7126826316659414,1.7128410396058293,0.23529411764705882,0.0,0.0,0.43995657007519046,0.48171000374581696,0.7085297735443133,0.7258678825431932,0.7291758267322319,474.4353425502777,1
halbach_3seg,17,4,-60,-14.722431864335457,14.722431864335457,-2.0818995585505003e-15,30.2474928809508,1.779264287114753,1.1222303480574198,119.03482977263911,0.8152379530045497,1.3932986557829572,0.23546322861956437,3.257927921070526e-05,0.1879918336482366,1.8113314115081142e-05,2.7223268027797805e-05,612,0.8891072801691426,1.0728426964547675,1.7129653987953573,1.7191231669171028,1.719499963415612,0.17647058823529413,0.0,0.0,0.4380495253956986,0.48000748011051214,0.7412844662824063,0.7480002997043235,0.7502858832031254,458.91675090789795,1
halbach_3seg,17,5,-75,-16.42073904691416,12.020815280171306,4.399923766742846,28.60024174908486,1.682367161710874,1.1216081643449092,104.10160239594715,0.8151071778553163,1.4534460234004623,0.23722408623206032,9.737675723325479e-05,0.1886172877047501,1.8208433422376933e-05,2.7911849358620746e-05,612,0.8862395119579944,1.0736489406040632,1.708340204730873,1.7321041095872696,1.732307870680859,0.23529411764705882,0.0,0.0,0.4404835138666447,0.4821005883930422,0.7247481710991064,0.7303185227812224,0.7365090193878298,489.2796232700348,1
halbach_3seg,17,6,-90,-17.0,8.499999999999996,8.499999999999995,29.83706558886552,1.7551215052273836,1.122400134508521,89.03119702639886,0.8154318243630292,1.3954486815287428,0.235850673439178,0.00010648846797716731,0.1883541448745478,1.8150665768758314e-05,2.8080115495545042e-05,612,0.8950920501244756,1.0759310929412773,1.6995809436658253,1.7350364893890233,1.7352541542265572,0.17647058823529413,0.0,0.0,0.43899131078985365,0.48183797653307026,0.7374032721891985,0.7749710725854356,0.7801213881209857,472.79786705970764,1
halbach_3seg,17,7,-105,-16.42073904691416,4.399923766742848,12.020815280171307,28.71170318679071,1.6889237168700417,1.121022557441605,74.09846329226406,0.8146415936461694,1.4530590579256604,0.23700532372214617,7.881580976801883e-05,0.1884799674635721,1.8148904394334023e-05,2.7529665247735635e-05,612,0.8825744806276047,1.0691693493284642,1.6929688774025722,1.7127561153279798,1.712852933032787,0.23529411764705882,0.0,0.0,0.43926637792063933,0.48105823067182524,0.7094116728293359,0.7221048277954012,0.7238284517467998,506.6562991142273,1
halbach_3seg,17,8,-120,-14.722431864335459,0.0,14.722431864335455,30.21188888195223,1.777169934232484,1.1218097996077119,59.02199857872078,0.8149812836233361,1.3921485575592458,0.23573170440914035,3.422086020450351e-05,0.1880524631660344,1.8147482985417344e-05,2.89263365647449e-05,612,0.8886388230280229,1.0727293733462668,1.712632208751022,1.719092311013593,1.719505401954297,0.17647058823529413,0.0,0.0,0.43812139927984345,0.48095008941561357,0.7404291837917746,0.7519346921353653,0.7568659239990618,480.77021169662476,1
halbach_3seg,17,9,-135,-12.020815280171309,-4.399923766742855,16.42073904691416,28.64392183626628,1.6849365786038988,1.1218772301685112,44.101018581409576,0.8153721321588056,1.4542116770542919,0.23760288333197033,5.75402391962503e-05,0.18908031480204432,1.810178105474683e-05,2.8268485308870623e-05,612,0.886298203625157,1.0737470883891906,1.7082914879415674,1.7320183641066231,1.7321898691112823,0.23529411764705882,0.0,0.0,0.44002863706937695,0.4815637180116548,0.7231554551880491,0.7358810364108317,0.7394839884007401,499.60036063194275,1
halbach_3seg,17,10,-150,-8.499999999999998,-8.500000000000004,17.0,29.84781492967132,1.7557538193924305,1.1223303955685204,29.044623818070303,0.8153619745148458,1.39594835822286,0.2357453528333229,0.00012592144357074714,0.18829176790431476,1.81892612446524e-05,2.7762504858805907e-05,612,0.8945160150798086,1.0756818194586182,1.69965990164384,1.735121286459008,1.7353909382609247,0.17647058823529413,0.0,0.0,0.43858049868957716,0.48064432526611367,0.7388997987191097,0.7725904411167245,0.7777866619034143,450.14179825782776,1
halbach_3seg,17,11,-165,-4.399923766742857,-12.020815280171309,16.420739046914164,28.68556197395094,1.6873859984677022,1.1211310088386517,14.094266306942112,0.8147160436254952,1.4521386622412122,0.23698146634667422,0.0001443423827853549,0.1885869816336306,1.8174889527096115e-05,2.759756573024819e-05,612,0.8825497667128156,1.069316896944666,1.6927656709277648,1.7127698517221106,1.7129551382855615,0.23529411764705882,0.0,0.0,0.43993304099770725,0.4813646260304936,0.7117869886073624,0.723975396076943,0.724588381877074,468.1406304836273,1
halbach_3seg,17,12,-180,-2.0818995585505003e-15,-14.722431864335459,14.722431864335464,30.22664055896847,1.7780376799393218,1.1220515766916248,-0.9785009935056326,0.8151665260304017,1.3917828578188063,0.23578441996897695,6.629203931520473e-05,0.1881135694697446,1.8141306091036487e-05,2.8116813634801734e-05,612,0.889004163132828,1.073032509370353,1.7128750204741021,1.7191429565410812,1.7195973191698402,0.17647058823529413,0.0,0.0,0.43950633027109876,0.4823438313701427,0.7408103030498265,0.7512743512322473,0.7589699853726465,461.5256767272949,1
halbach_3seg,18,0,0,0.0,15.588457268119896,-15.588457268119896,31.95284469363909,1.775158038535505,1.1221827178059658,178.9644895584593,0.8152535610684423,1.3929531069639451,0.2357391544466438,9.963440315226694e-05,0.18794454078328637,1.8162760666724494e-05,2.769274732871425e-05,612,0.8905889153828498,1.074413324709493,1.7133063729881501,1.7241557668196854,1.7245440799990701,0.17647058823529413,0.0,0.0,0.43914735232670854,0.4821102720461351,0.7422895946756599,0.7515698889677493,0.7586163317208005,476.19011759757996,1
halbach_3seg,18,1,-15,-4.658742811845373,17.38666487320323,-12.727922061357857,30.30155505805558,1.6834197254475323,1.121464776612616,164.05182887656113,0.8150294669495234,1.4494772317858233,0.23736876748565033,1.724836096834635e-05,0.18874728071600894,1.819247483152273e-05,2.7704561629655506e-05,612,0.8858876148275316,1.0748938503914303,1.7115588607959225,1.7345342958836738,1.7346584169107635,0.23529411764705882,0.0,0.0,0.439449979781148,0.48151576706976945,0.727920515102782,0.7392182033184028,0.7463765862101615,489.14402079582214,1
halbach_3seg,18,2,-30,-8.999999999999998,18.0,-9.000000000000005,31.36233988881234,1.74235221604513,1.1222476715640206,148.98433134743888,0.8153589528620682,1.3972608139008524,0.23605861850567586,7.795563185030197e-05,0.18831846251099088,1.818773190360195e-05,2.7553017082151617e-05,612,0.8971041494222475,1.077699489447211,1.7036228049258162,1.736645095013138,1.7369277227237105,0.17647058823529413,0.0,0.0,0.438302528007713,0.48161932319984047,0.7358643632742984,0.767089639544371,0.7671925944613394,446.65830731391907,1
halbach_3seg,18,3,-45,-12.727922061357857,17.386664873203227,-4.658742811845379,30.41162581293266,1.6895347673851477,1.121476393150539,134.03620490748597,0.8150270853713459,1.455096649924455,0.23730964890582543,4.9981734461544224e-05,0.18876895231300542,1.8051465994449666e-05,2.743057917644831e-05,612,0.8829329756866697,1.0705139253937184,1.6931962586870293,1.7141231838005269,1.7142761164719693,0.23529411764705882,0.0,0.0,0.43996391651317623,0.4817313420881143,0.7093650148228958,0.7269240982767237,0.7302111719402449,474.5311059951782,1
halbach_3seg,18,4,-60,-15.588457268119894,15.588457268119894,-2.204364238465236e-15,31.87649787043558,1.7709165483575322,1.122253972198377,118.98367908584167,0.8152617664367073,1.394503833051681,0.23549979866203985,3.247001611255013e-05,0.1879274136664174,1.811438256917668e-05,2.7237796509194237e-05,612,0.8909471014115864,1.0744364186927036,1.7133715482306382,1.7241442595954137,1.7245253791471007,0.17647058823529413,0.0,0.0,0.43809269456136585,0.480061454746512,0.7424633712345075,0.7487912176346844,0.7514531628464468,462.3169026374817,1
halbach_3seg,18,5,-75,-17.38666487320323,12.727922061357852,4.658742811845366,30.26438421087578,1.6813546783819877,1.1216077197346124,104.04923253435092,0.815113509065923,1.4555129925276282,0.23726043383497195,9.745365307204428e-05,0.18856031107506707,1.8209247114745775e-05,2.7938953851135266e-05,612,0.886440310483392,1.0751002850047002,1.711588240169552,1.7345770823893687,1.7347727953000152,0.23529411764705882,0.0,0.0,0.4405199466229672,0.48216024432820864,0.7265516126522348,0.7319486181299195,0.7380952071784844,483.75284481048584,1
halbach_3seg,18,6,-90,-18.0,8.999999999999996,8.999999999999995,31.41936687297904,1.745520381832169,1.122425754239306,88.98124825434077,0.8154576178934752,1.3967523588886253,0.2358900830754663,0.00010643943067467472,0.18830264305369965,1.815169581832781e-05,2.8105956074596512e-05,612,0.897060708490747,1.0774859708267353,1.7035524386817344,1.7366669366548528,1.7368813275041293,0.17647058823529413,0.0,0.0,0.4390343029102076,0.4818855339923461,0.7375526897093767,0.7757755362439973,0.7808913016343693,477.8153760433197,1
halbach_3seg,18,7,-105,-17.38666487320323,4.658742811845368,12.727922061357855,30.39054895501765,1.6883638308343139,1.1209902035763761,74.04520007588695,0.8146196304748954,1.4550861090952794,0.23701379302278147,7.888819699797778e-05,0.1883989447429303,1.8148774047796298e-05,2.7553303682441084e-05,612,0.8824913902284274,1.0702720730958861,1.6933084282712028,1.7141929657272021,1.7142879028403821,0.23529411764705882,0.0,0.0,0.43927227836075466,0.4810791432042672,0.7090291796279237,0.7231614567784311,0.7248588649667677,465.6794185638428,1
halbach_3seg,18,8,-120,-15.588457268119896,0.0,15.588457268119893,31.84144339686369,1.7689690776035383,1.1218342516145017,58.970822374177374,0.815005839093099,1.3933547367758308,0.23576901544362588,3.4314114555392404e-05,0.1879882538488015,1.8148578537826183e-05,2.8915757022318353e-05,612,0.890480413534384,1.0743237565959705,1.7130396402076928,1.7241139695863854,1.7245286815907679,0.17647058823529413,0.0,0.0,0.4381627321205646,0.4809996481328524,0.7416326826773364,0.7526158882050342,0.7580260420004404,478.0763010978699,1
halbach_3seg,18,9,-135,-12.727922061357857,-4.658742811845376,17.38666487320323,30.30760484571538,1.6837558247619657,1.121877163573418,44.04864121146106,0.815379114249797,1.4560860945258098,0.23764121838884958,5.773293556610737e-05,0.1890234908133368,1.8102475516353063e-05,2.8296441755249712e-05,612,0.8864990575110607,1.0752019750305113,1.7115368231184769,1.7344902018258017,1.7346610306671109,0.23529411764705882,0.0,0.0,0.44006707402030454,0.48162660113913386,0.7249884312460914,0.7374870163423299,0.741254132085576,494.55169796943665,1
halbach_3seg,18,10,-150,-8.999999999999998,-9.000000000000004,18.0,31.43021486678195,1.7461230481545527,1.1223554642245854,28.994675203751672,0.8153873454595789,1.3972580426628447,0.23578466189347747,0.00012564517415533487,0.18823970124904202,1.819009608207503e-05,2.7749483342877788e-05,612,0.8964708665629572,1.0772281917637352,1.703633198202918,1.7367520288767417,1.7370175951595637,0.17647058823529413,0.0,0.0,0.4386236856454967,0.48069333842125883,0.7390522941506582,0.7733824262697754,0.7785879493489573,456.5934007167816,1
halbach_3seg,18,11,-165,-4.658742811845379,-12.727922061357857,17.38666487320323,30.36415040066726,1.6868972444815145,1.1210985272698117,14.041008084666652,0.8146938789763277,1.4541515482088037,0.23698934048357512,0.00014441220933762044,0.18850549447463183,1.8174804110892956e-05,2.7582920610820386e-05,612,0.8824514609426474,1.070413050320928,1.6931046414300934,1.7142103365040917,1.7143897417483458,0.23529411764705882,0.0,0.0,0.4399407201032165,0.4813839360176792,0.7125988940633327,0.725019785646326,0.7256662468591004,477.29424929618835,1
halbach_3seg,18,12,-180,-2.204364238465236e-15,-15.588457268119896,15.588457268119903,31.85599090851412,1.7697772726952288,1.122075510949808,-1.029694466241694,0.8151906333489561,1.3929859482896525,0.23582131858436287,6.645793942531505e-05,0.1880497221405352,1.814227177090593e-05,2.81102321921222e-05,612,0.8908390432144658,1.074620857399656,1.7132804949583202,1.724163100495214,1.7246211674797256,0.17647058823529413,0.0,0.0,0.4395497744711411,0.48239470490125325,0.7416444717841585,0.7524354316757705,0.7601370250129305,460.40828919410706,1
halbach_3seg,19,0,0,0.0,16.454482671904337,-16.454482671904337,33.56066023186293,1.7663505385191016,1.122200118492393,178.91397115260185,0.8152730390962101,1.394086171961553,0.23577670062860048,9.978485865183315e-05,0.18787451973327052,1.8163630901037195e-05,2.7737537408273287e-05,612,0.892356400710407,1.0759830045620615,1.7137156634788564,1.7290020436504345,1.72939594345955,0.17647058823529413,0.0,0.0,0.43918668451187975,0.4821586710142957,0.7420219583849952,0.752720593376301,0.7597715390245213,484.7926781177521,1
halbach_3seg,19,1,-15,-4.917561856947894,18.352590699492296,-13.435028842544403,31.96364751346017,1.6822972375505352,1.121459782236488,163.999504845213,0.8150330414775352,1.4515743757541282,0.23740810099033616,1.7164279204641707e-05,0.18868777452082652,1.81931394980332e-05,2.7729600085952356e-05,612,0.886072618876151,1.076393518701353,1.7147616383360265,1.7369827880287665,1.7371000689207579,0.23529411764705882,0.0,0.0,0.43947875190304087,0.48157265210756894,0.7294977718542843,0.7409776074351705,0.7481142751407308,481.1064009666443,1
halbach_3seg,19,2,-30,-9.499999999999998,19.0,-9.500000000000007,32.92351774822161,1.7328167235906111,1.1222656847915808,148.93502125274136,0.815379250284065,1.3984825590147618,0.23609816241661857,7.785747861075309e-05,0.1882602070698353,1.818854934800287e-05,2.7543040828099592e-05,612,0.8989874860147782,1.0792181530899432,1.7074455032537004,1.738270463874068,1.7385488911672942,0.17647058823529413,0.0,0.0,0.43834315393017187,0.48166331181176675,0.7359558221762265,0.7677908108105101,0.7678918860313232,446.6732461452484,1
halbach_3seg,19,3,-45,-13.435028842544403,18.352590699492296,-4.917561856947899,32.08707954053528,1.6887936600281725,1.1214403600834142,133.9830135387109,0.8150032787513063,1.4569068709418502,0.2373226484643825,4.960173480960037e-05,0.18868437049509626,1.8051081024402455e-05,2.7466491717409944e-05,612,0.8828167353127978,1.0716635838174882,1.6935303316587942,1.715551165247871,1.7156987385990736,0.23529411764705882,0.0,0.0,0.4399711230547598,0.48175466343292156,0.7101949336126222,0.7279757422355543,0.7312412347303491,470.74168491363525,1
halbach_3seg,19,4,-60,-16.454482671904334,16.454482671904334,-2.326828918379971e-15,33.48419351397562,1.7623259744197695,1.1222711537162928,118.93318914249113,0.8152809783855056,1.395637405216958,0.23553679491061782,3.236557957626429e-05,0.18785675511044606,1.8115371152309074e-05,2.7282248782247564e-05,612,0.8927200228673373,1.0760121116762085,1.7137815057190378,1.7289912460752292,1.729376044805292,0.17647058823529413,0.0,0.0,0.43813417459787635,0.48011419816512146,0.7436344451065029,0.749518548391973,0.7526129626389654,456.1854887008667,1
halbach_3seg,19,5,-75,-18.352590699492296,13.4350288425444,4.917561856947887,31.926505195745,1.680342378723421,1.1216029490446584,103.99691868310559,0.815117313847335,1.457559599217666,0.23730014849345585,9.752743568594617e-05,0.18850042959506957,1.821003609090576e-05,2.7965579394098394e-05,612,0.8866138605338072,1.0765967841408826,1.7147910243895788,1.737028527514685,1.737214925642218,0.23529411764705882,0.0,0.0,0.44055634000814653,0.48222074154213,0.7276086842699925,0.7335333848925034,0.7398516309068309,488.16086888313293,1
halbach_3seg,19,6,-90,-19.0,9.499999999999996,9.499999999999995,32.98055634164738,1.7358187548235462,1.1224436599412775,88.93193872524414,0.8154776845241002,1.3979798843010691,0.23592881250692785,0.00010638871363978543,0.18824462980223092,1.8152563305012927e-05,2.8132119585082255e-05,612,0.8989333046989316,1.0790029826133742,1.7073733235218966,1.7382920638305042,1.7385031367738386,0.17647058823529413,0.0,0.0,0.43907275826605296,0.48192807506786944,0.737610039104617,0.776500104981211,0.7815823805843959,469.52845668792725,1
halbach_3seg,19,7,-105,-18.352590699492296,4.917561856947889,13.435028842544401,32.06680118636541,1.6877263782297585,1.1209537919937549,73.99201150801476,0.8145953000823988,1.4570975041508518,0.23702544352848945,7.897017204660207e-05,0.1883146951236123,1.814862838254611e-05,2.7576946681277543e-05,612,0.8823837115567859,1.0714237486971,1.6936431840263777,1.7156207434385204,1.7157167999344674,0.23529411764705882,0.0,0.0,0.43927807971821486,0.4811020276969028,0.7086725077323139,0.7241711015705934,0.7258992783364722,474.25334215164185,1
halbach_3seg,19,8,-120,-16.454482671904337,0.0,16.45448267190433,33.44969868371173,1.7605104570374595,1.1218522707792922,58.92030697954294,0.8150257949079324,1.3944898394992276,0.23580672463711025,3.440524993041472e-05,0.18791779969256253,1.8149584879805614e-05,2.890300228742981e-05,612,0.8922553275671268,1.0759002699990527,1.7134509974722139,1.7289615160805658,1.7293775898072525,0.17647058823529413,0.0,0.0,0.43820250671379724,0.4810480457228602,0.7428277190348159,0.7532202192476822,0.7591775369824383,490.51917600631714,1
halbach_3seg,19,9,-135,-13.435028842544403,-4.917561856947898,18.352590699492296,31.96920843534204,1.682589917649581,1.1218727266520487,43.99632128667692,0.8153835338007244,1.4579436389169889,0.23768289387488162,5.7919375493831285e-05,0.18896374553234058,1.8103140428371587e-05,2.832393482323574e-05,612,0.8866732222254039,1.0767021487194905,1.7147382387433414,1.7369388136271777,1.7371090755165917,0.23529411764705882,0.0,0.0,0.4401053766401366,0.48169035137776367,0.7268155240633949,0.7390845876785886,0.7430177472179399,494.69657015800476,1
halbach_3seg,19,10,-150,-9.499999999999998,-9.500000000000004,19.0,32.99149464199959,1.7363944548420835,1.1223728512159994,28.94536542091941,0.8154070225211241,1.3984910536984296,0.23582334194099414,0.00012536897012338803,0.18818116376484256,1.8190787174437118e-05,2.773361670128135e-05,612,0.8983294490183883,1.0787367291323096,1.7074558147650314,1.7383755737478988,1.738638905775373,0.17647058823529413,0.0,0.0,0.438662527358022,0.48073745450224464,0.7391137235067572,0.7740932229167122,0.7793082140779288,454.90322279930115,1
halbach_3seg,19,11,-165,-4.917561856947899,-13.435028842544403,18.3525906994923,32.04015128075285,1.6863237516185712,1.1210620027191345,13.987824471934418,0.8146693584028161,1.4561471632179566,0.23700039897076527,0.00014448243965564447,0.18842079494667666,1.8174695394891717e-05,2.756773426297881e-05,612,0.8823284658485403,1.0715581923261537,1.693438855172992,1.7156383483749953,1.7158118990867646,0.23529411764705882,0.0,0.0,0.43994829579651284,0.4814051596390602,0.7134061245189499,0.7260599188403476,0.7267381994951949,475.5614035129547,1
halbach_3seg,19,12,-180,-2.326828918379971e-15,-16.454482671904337,16.45448267190434,33.46406671693737,1.761266669312493,1.1220929922140415,-1.0802269724147555,0.8152101185114775,1.3941179447204366,0.2358585725058941,6.661153095272263e-05,0.18797955712530892,1.8143147426651232e-05,2.8101028103156237e-05,612,0.8926074178723546,1.0761913229564155,1.7136899119971556,1.7290091413873991,1.7294704323410923,0.17647058823529413,0.0,0.0,0.4395913253551705,0.48244411747362687,0.742617069356053,0.7535806688577188,0.7613043712119856,474.2277715206146,1
halbach_3seg,20,0,0,0.0,17.320508075688775,-17.320508075688775,35.14871944774769,1.7574359723873845,1.1222114289208813,178.86406501069442,0.815288209068869,1.3951535821733823,0.23581487977867882,9.992787010136397e-05,0.1877986099983229,1.816442031087507e-05,2.7782459485219258e-05,612,0.8940698244386628,1.0775397541246248,1.714128122489739,1.7336894798475129,1.734088325637907,0.17647058823529413,0.0,0.0,0.439224410325613,0.48220591118688233,0.743096906107181,0.7538638419365881,0.7609196113912801,494.0241644382477,1
halbach_3seg,20,1,-15,-5.176380902050415,19.318516525781366,-14.142135623730951,33.62325900133028,1.6811629500665142,1.1214506466451424,163.9472500775843,0.815034229103679,1.4536496053689847,0.23745082823000352,1.7082604469546767e-05,0.18862546517944068,1.819377554058349e-05,2.775418104924693e-05,612,0.8862367297890573,1.0779402054274045,1.717920372373565,1.7394091044009226,1.7395194161557266,0.23529411764705882,0.0,0.0,0.4395076216576475,0.481630587469583,0.7310594604807981,0.7427394114525705,0.7498378299554127,474.72879791259766,1
halbach_3seg,20,2,-30,-9.999999999999998,20.0,-10.000000000000007,34.46564441382009,1.7232822206910043,1.1222764204317097,148.88628485834818,0.8153942049454557,1.3996350840652436,0.2361373961068265,7.775843135488261e-05,0.18819599594209777,1.8189222882404937e-05,2.7562165560023154e-05,612,0.9007844453770081,1.0807051930691043,1.7111344746210473,1.7398898109385441,1.7401641109614145,0.17647058823529413,0.0,0.0,0.4383800496906733,0.48170309339028283,0.7367005674265891,0.7684200308879934,0.7685197236480715,445.6661126613617,1
halbach_3seg,20,3,-45,-14.142135623730951,19.318516525781362,-5.17638090205042,33.75943731705112,1.6879718658525562,1.1214005897999544,133.9299124625071,0.8149773532312812,1.4587034435609283,0.23733890916345804,4.9215732678891044e-05,0.18859675361594982,1.8050680572281455e-05,2.7502459453933536e-05,612,0.8826779245759255,1.0728646414015648,1.6938604425852444,1.71696683842146,1.7171092379753388,0.23529411764705882,0.0,0.0,0.43997837413082613,0.48178016918358113,0.7110181284859319,0.7290215420234029,0.7322655126376645,473.49713134765625,1
halbach_3seg,20,4,-60,-17.32050807568877,17.32050807568877,-2.4492935982947065e-15,35.07211373604038,1.753605686802019,1.1222822728397142,118.88331149053097,0.8152959102434075,1.396704920535019,0.23557446603140675,3.226595609491117e-05,0.18778027853369653,1.8116288594632872e-05,2.732674783296119e-05,612,0.8944388472251689,1.0775747527026505,1.7141946846021854,1.7336792761767854,1.734067210312075,0.17647058823529413,0.0,0.0,0.43817427444418167,0.48016609062461746,0.7447919574352971,0.7501868900524026,0.7537650668712601,471.35995984077454,1
halbach_3seg,20,5,-75,-19.318516525781366,14.142135623730947,5.176380902050407,33.58618204181239,1.6793091020906197,1.1215940813941592,103.94467357413097,0.8151187705485934,1.4595858250429679,0.2373432937397513,9.759754025576804e-05,0.1884377800184984,1.8210804721158718e-05,2.799176532531082e-05,612,0.8867664894162938,1.0781400610803324,1.7179497532430268,1.7394487771460618,1.7396346919367016,0.23529411764705882,0.0,0.0,0.4405928531013415,0.4822822204088681,0.7279847767846022,0.7351016306997988,0.7416435807321671,482.91106629371643,1
halbach_3seg,20,6,-90,-20.0,9.999999999999996,9.999999999999995,34.52268946616423,1.7261344733082116,1.122454271428605,88.8832029411128,0.8154923939121589,1.3991382158444607,0.2359672175630362,0.00010633628395554391,0.18818062345294292,1.815328060566687e-05,2.8158551191238468e-05,612,0.9007200458046404,1.0804883890065593,1.7110605670460215,1.7399112199689046,1.7401189431567075,0.17647058823529413,0.0,0.0,0.4391071097812211,0.4819661356271329,0.7375860432356341,0.7771525878526253,0.7822014874215949,466.3632724285126,1
halbach_3seg,20,7,-105,-19.318516525781366,5.1763809020504095,14.14213562373095,33.73996317845851,1.6869981589229255,1.1209136284088728,73.93891338683079,0.814568842406165,1.4590930548860954,0.23704037245663073,7.90610232557213e-05,0.18822740797404408,1.8148471006144856e-05,2.7600514391923797e-05,612,0.8822537313315058,1.0726267866925578,1.6939738841822407,1.7170368797127165,1.7171335781110364,0.23529411764705882,0.0,0.0,0.43928397621892196,0.48112715395289524,0.7082980959314586,0.7251750248268842,0.726933894562792,475.6996726989746,1
halbach_3seg,20,8,-120,-17.320508075688775,0.0,17.32050807568877,35.03819855263843,1.7519099276319214,1.1218642344491707,58.870403570878246,0.8150414707745417,1.3955593143220502,0.23584508264646034,3.449349144969455e-05,0.18784151804317936,1.8150511263462475e-05,2.888823156021847e-05,612,0.8939762769403548,1.077463873924358,1.7138656732895654,1.7336501318217101,1.7340673604905392,0.17647058823529413,0.0,0.0,0.4382409982557961,0.48109565392771897,0.7440129064986543,0.7537536911926924,0.7603205638296989,488.2419710159302,1
halbach_3seg,20,9,-135,-14.142135623730951,-5.176380902050418,19.318516525781366,33.62834663393586,1.681417331696793,1.121864175847324,43.94407024458828,0.8153855857508258,1.4597836335525243,0.2377279552725618,5.81040380414432e-05,0.18890120006571853,1.8103780683376126e-05,2.835102040620223e-05,612,0.8868265443145751,1.0782492785027982,1.7178968507813204,1.7393653070383515,1.7395349793260042,0.23529411764705882,0.0,0.0,0.4401437271712604,0.48175513556924165,0.7286361622430355,0.7406750705296344,0.744775141605164,495.88589906692505,1
halbach_3seg,20,10,-150,-9.999999999999998,-10.000000000000004,20.0,34.53369175462676,1.726684587731338,1.122382962579362,28.896629754428055,0.8154213669241889,1.3996544195765055,0.23586175764140158,0.00012509360874675816,0.18811668977550053,1.8191344761945025e-05,2.7715160199329766e-05,612,0.9001018229783153,1.0802136268622353,1.7111444769886326,1.7399911006114333,1.740254091796053,0.17647058823529413,0.0,0.0,0.4386974301352639,0.4807771930213325,0.7390916870472513,0.7747323791752662,0.7799566251169272,456.9412615299225,1
halbach_3seg,20,11,-165,-5.17638090205042,-14.142135623730951,19.31851652578137,33.71307244958012,1.685653622479006,1.121021750719129,13.934731106472539,0.8146427291548046,1.4581253273927037,0.2370147400239237,0.0001445529398514982,0.1883330743196655,1.8174569479705762e-05,2.755206027341711e-05,612,0.8821828241272222,1.072754743193743,1.6937690889318104,1.7170542250530245,1.717221893253384,0.23529411764705882,0.0,0.0,0.4399559603897479,0.48142851128682573,0.7142058791558069,0.7270934294683256,0.7278048294924616,474.9972286224365,1
halbach_3seg,20,12,-180,-2.4492935982947065e-15,-17.320508075688775,17.32050807568878,35.0523956452522,1.75261978226261,1.1221043830036832,-1.1301473300769258,0.8152252919558833,1.395184355607968,0.23589644054092063,6.67536284673926e-05,0.1879034998738026,1.8143940716615823e-05,2.808942382563142e-05,612,0.8943216866441028,1.07774884716279,1.7141025095217985,1.7336963723859655,1.734160393601105,0.17647058823529413,0.0,0.0,0.4396312891333325,0.4824924398800748,0.7437464884906907,0.7547198454741875,0.7624625525667645,484.4951298236847,1
halbach_3seg,22,0,0,0.0,19.052558883257653,-19.052558883257653,38.27182569968144,1.739628440894611,1.1222173243480404,178.76589220183988,0.815306945516769,1.3971132574126226,0.23589422477977262,0.00010019511277923656,0.18763082820753074,1.8165791618378866e-05,2.787262065500088e-05,612,0.8973805105776083,1.080635972569175,1.7191354003125077,1.7426443637215059,1.7430515151826367,0.17647058823529413,0.0,0.0,0.43929634606686935,0.4822985487299197,0.7454083982643029,0.7561275648229436,0.7631924296667286,494.555860042572,1
halbach_3seg,22,1,-15,-5.694018992255456,21.2503681783595,-15.556349186104047,36.93253358910455,1.6787515267774795,1.1214209478253856,163.84302520341632,0.8150301981372113,1.457731395519177,0.23754662613692212,1.692654458883597e-05,0.18849301068399318,1.8194982029542732e-05,2.780224830373682e-05,612,0.8865017351005299,1.0811774534750251,1.7241101402606038,1.744197229989869,1.7442935721509327,0.23529411764705882,0.0,0.0,0.43956631902170185,0.4817502039984901,0.7341579356932664,0.7462474092185465,0.7532659728597063,487.92258191108704,1
halbach_3seg,22,2,-30,-10.999999999999998,22.0,-11.000000000000007,37.50014974500091,1.704552261136405,1.1222774394184691,148.79029592858967,0.8154093385191471,1.4017574374544048,0.23621630427691118,7.755667708461181e-05,0.1880515535119786,1.8190179151166856e-05,2.760058279055165e-05,612,0.9041553253697507,1.0836070165696072,1.7181668757118138,1.7431067875742827,1.7433730229345725,0.17647058823529413,0.0,0.0,0.4384440895829409,0.48177195770988496,0.7383696601498371,0.7694969317476307,0.7695959324040722,446.7261371612549,1
halbach_3seg,22,3,-45,-15.556349186104047,21.2503681783595,-5.6940189922554625,37.09303856614702,1.6860472075521373,1.1213108419724476,133.82403794632552,0.8149199220076654,1.4622531399183023,0.23738146772859992,4.843380048660919e-05,0.1884130064379399,1.804985357576677e-05,2.7574442881771232e-05,612,0.8823504189654534,1.0754270001768762,1.7067515189173326,1.7197715565389304,1.7198952187245868,0.23529411764705882,0.0,0.0,0.43999361867447867,0.4818383825722733,0.7126412940008058,0.7310921370795785,0.7342929002787054,464.684611082077,1
halbach_3seg,22,4,-60,-19.05255888325765,19.05255888325765,-2.6942229581241772e-15,38.19489371738372,1.7361315326083508,1.1222878390750222,118.78519552757788,0.8153142320428327,1.398663865838197,0.23565291973928837,3.20823625457085e-05,0.18761158523044852,1.8117945446224334e-05,2.7415837247112915e-05,612,0.8977617385196128,1.0806824023120474,1.719101103919956,1.7426351152508934,1.7430280257098367,0.17647058823529413,0.0,0.0,0.438251580173377,0.48026888496737535,0.7470069489124439,0.7520341750493449,0.756047012579455,483.55853724479675,1
halbach_3seg,22,5,-75,-21.2503681783595,15.556349186104041,5.694018992255447,36.89562817733773,1.6770740080608058,1.1215650918459283,103.84046854674547,0.8151154294079963,1.4635762449859744,0.237440069233793,9.772740867674398e-05,0.1883047961076538,1.8212300159656097e-05,2.8042950049015695e-05,612,0.8870059614940218,1.0813695161476173,1.7241395689868206,1.7442337486859492,1.7444097809723378,0.23529411764705882,0.0,0.0,0.44066693305346216,0.4824087283682015,0.728695704023012,0.7382167741225063,0.7452083110835757,482.6956868171692,1
halbach_3seg,22,6,-90,-22.0,10.999999999999996,10.999999999999995,37.55717556653773,1.7071443439335332,1.1224549836491133,88.78721583026096,0.8155069886602331,1.4012787424583875,0.23604443457408097,0.0001062262249921249,0.1880364757392506,1.815430900483972e-05,2.8212047162797512e-05,612,0.9040731645273056,1.0833871373057953,1.7180914450845322,1.7431283112702132,1.7433292540960919,0.17647058823529413,0.0,0.0,0.43916508512375896,0.482030859263188,0.7373197161907565,0.7782786698696971,0.7832620425535849,466.98929381370544,1
halbach_3seg,22,7,-105,-21.2503681783595,5.69401899225545,15.556349186104043,37.07518144848871,1.6852355203858507,1.1208231168307787,73.83304572502699,0.814510371233425,1.463035631395085,0.23708032385321312,7.926588433687552e-05,0.1880443300570818,1.814814169323101e-05,2.764737803160962e-05,612,0.881944123626397,1.0751930714627203,1.7064892299952334,1.7198345480219117,1.7199323864135008,0.23529411764705882,0.0,0.0,0.4392967240409583,0.4811848315207385,0.7090714993367885,0.7271612429465238,0.7289806832690497,474.55511832237244,1
halbach_3seg,22,8,-120,-19.052558883257653,0.0,19.052558883257646,38.16216802097486,1.7346440009534028,1.1218714719706897,58.77223584802456,0.8150612561443038,1.3975231598855649,0.23592484789706072,3.466257818570151e-05,0.1876731810284453,1.815216060410794e-05,2.885329811381967e-05,612,0.8973035853037439,1.0805736749099066,1.7191001138730009,1.7426068748237205,1.7430260700332159,0.17647058823529413,0.0,0.0,0.43831523016981194,0.4811900126481678,0.74635794688431,0.7546339043008758,0.7625812467885035,489.4783878326416,1
halbach_3seg,22,9,-135,-15.556349186104047,-5.69401899225546,21.2503681783595,36.93667707396488,1.6789398669984037,1.1218356630739605,43.83985293833362,0.8153832965913662,1.4634084744086269,0.23782841293109128,5.847358200389105e-05,0.18876829850626325,1.8105003782430553e-05,2.8404051724174065e-05,612,0.8870675673272195,1.0814867254973906,1.7240856660336241,1.744153426834627,1.7443219444370646,0.23529411764705882,0.0,0.0,0.44022120217076033,0.48188832540081944,0.7322538481071915,0.7438361687468251,0.748270302401652,511.08491945266724,1
halbach_3seg,22,10,-150,-10.999999999999998,-11.000000000000005,22.0,37.56827963762047,1.707649074437294,1.1223827778288589,28.800642927928948,0.815435337111642,1.4017976282099287,0.23593916098074302,0.00012454301002938522,0.1879717894263588,1.8192097453717125e-05,2.7737916573702603e-05,612,0.903424632099785,1.0830953551941696,1.7181775952753797,1.7432006780035236,1.743462998223474,0.17647058823529413,0.0,0.0,0.43875696753963717,0.48084556412604595,0.7388286799740725,0.7758311608806604,0.7810748381132883,474.12529397010803,1
halbach_3seg,22,11,-165,-5.6940189922554625,-15.556349186104047,21.250368178359505,37.04781258061337,1.6839914809369712,1.1209310976590197,13.828873430108017,0.8145839458761543,1.4620286359959525,0.23705354487988808,0.00014469654171480933,0.18814918402787809,1.8174286165586655e-05,2.751943672606122e-05,612,0.8818416147891823,1.0753080984072672,1.7066831451199558,1.7198512158776054,1.720006873437654,0.23529411764705882,0.0,0.0,0.4399721943709197,0.4814822906122883,0.7157828228113732,0.7291392628015071,0.7299160725611162,465.20024847984314,1
halbach_3seg,22,12,-180,-2.6942229581241772e-15,-19.052558883257653,19.05255888325766,38.1760702149624,1.7352759188619273,1.1221104301017044,-1.2283488800484725,0.8152440188217109,1.3971422463258367,0.23597510952731338,6.700598554257481e-05,0.1877354038505537,1.8145315686893547e-05,2.8059777284009818e-05,612,0.8976338704333648,1.0808465495863269,1.7191655042839324,1.7426516015725944,1.743119271963561,0.17647058823529413,0.0,0.0,0.4397077530796446,0.4825874318929976,0.7460706169521409,0.7569763101134063,0.7647542428831677,489.5339822769165,1
halbach_3seg,24,0,0,0.0,20.784609690826528,-20.784609690826528,41.33367346010178,1.7222363941709073,1.1222032126000543,178.66960658258887,0.81531218945792,1.3988717163025215,0.23597926807748154,0.0001004390377556817,0.18744440243967697,1.816693886534328e-05,2.7963085435910187e-05,612,0.9005891585018277,1.0837417154323883,1.727680687819921,1.751118953263423,1.7515327446524191,0.17647058823529413,0.0,0.0,0.43936556305888086,0.48239123850033894,0.7461554268548816,0.7583600635041697,0.7654337308329089,484.56971192359924,1
halbach_3seg,24,1,-15,-6.211657082460498,23.18221983093764,-16.970562748477143,40.22103919143011,1.6758766329762544,1.121377794968631,163.73940988770298,0.8150189450194102,1.4617136869187037,0.23765633556863477,1.677621742644493e-05,0.18835141354020807,1.819613182756464e-05,2.784888052133542e-05,612,0.887514058590294,1.084608685993663,1.7301375957351932,1.7489026474035332,1.7489851805277532,0.23529411764705882,0.0,0.0,0.4396274427203573,0.4818756510003089,0.7372254297839802,0.7497311548243513,0.7566700727599622,474.7343249320984,1
halbach_3seg,24,2,-30,-11.999999999999998,24.0,-12.000000000000007,40.47833644782394,1.6865973519926643,1.1222528915401646,148.6959603212395,0.8154063587129421,1.4036696502934014,0.23629772438151037,7.735170345476541e-05,0.18788820149898,1.8190670628784093e-05,2.763911365235496e-05,612,0.9072781206717041,1.0864414089496122,1.724813140314731,1.7462910670513616,1.746549174533572,0.17647058823529413,0.0,0.0,0.43849722134715075,0.48182944530101585,0.7402803753602316,0.7703981783590322,0.7704991745247607,469.4123954772949,1
halbach_3seg,24,3,-45,-16.970562748477143,23.182219830937637,-6.211657082460505,40.40741986773333,1.6836424944888888,1.1212090880950372,133.7187354836436,0.8148562638900746,1.4657399576932373,0.23743766881399853,4.764566308653327e-05,0.18821891187976683,1.8049023702099697e-05,2.7646350259205136e-05,612,0.8819623160660214,1.0782060125018753,1.721575975599717,1.7225274214282895,1.7226373460304998,0.23529411764705882,0.0,0.0,0.4400108341292919,0.4819072163540997,0.7142330977224701,0.7331338545760719,0.7362947473741019,491.4828803539276,1
halbach_3seg,24,4,-60,-20.784609690826528,20.784609690826528,-2.9391523179536475e-15,41.25637398189417,1.7190155825789237,1.1222734853008733,118.6889669252949,0.8153191486920377,1.4004208980399566,0.23573720521868177,3.191891407169474e-05,0.18742451969539586,1.811941900231452e-05,2.7504967932753107e-05,612,0.9009863797599516,1.0837994025056277,1.727648313861816,1.7511107082137405,1.7515073379354942,0.17647058823529413,0.0,0.0,0.43832693921607196,0.48037280380395564,0.747760792258706,0.7542824664910219,0.7582990016130772,477.40763998031616,1
halbach_3seg,24,5,-75,-23.18221983093764,16.970562748477136,6.211657082460489,40.18440457023373,1.6743501904264055,1.1215228853706025,103.736871781016,0.8151050686840968,1.4674790558881217,0.23755092319967527,9.784687985091501e-05,0.1881628756070382,1.821376807996891e-05,2.809258519306518e-05,612,0.8879976514132516,1.0847917443108726,1.7301670021254678,1.748935797340961,1.7491021209123951,0.23529411764705882,0.0,0.0,0.4407434586168038,0.48254069964511026,0.729356764252416,0.7413028829922292,0.7487441508937814,478.86219334602356,1
halbach_3seg,24,6,-90,-24.0,11.999999999999996,11.999999999999993,40.53534401207008,1.6889726671695866,1.1224300759580548,88.69288140699122,0.8155034199856126,1.4032193692112491,0.23612409895420372,0.00010610489493915871,0.1878732404240497,1.8154857334687637e-05,2.826614935497066e-05,612,0.9071828198823075,1.086218936914422,1.7247371386292871,1.7463126953557702,1.7465067633628406,0.17647058823529413,0.0,0.0,0.4392110186364046,0.482083386930285,0.7368031738026344,0.7792123692575428,0.7841318865900564,492.0110182762146,1
halbach_3seg,24,7,-105,-23.18221983093764,6.211657082460491,16.97056274847714,40.39122535166865,1.682967722986194,1.1207205860873946,73.72775036007562,0.8144456823659901,1.466909777567886,0.2371340399442228,7.950274525315923e-05,0.18785094581186654,1.814782220127582e-05,2.7693803316937524e-05,612,0.8815728008877308,1.0779758916345905,1.7213129147970088,1.7225881418880267,1.7226869744505369,0.23529411764705882,0.0,0.0,0.4393117462284402,0.4812534349718024,0.7106578267414783,0.7291205177069279,0.7310005244456367,472.6331067085266,1
halbach_3seg,24,8,-120,-20.784609690826528,0.0,20.784609690826525,41.22485409245568,1.71770225385232,1.121858794752982,58.67595522036278,0.8150676262660677,1.3992859900680823,0.23601036801901698,3.4818668926588774e-05,0.18748641824607576,1.815359581815683e-05,2.8812166179963997e-05,612,0.9005328108848986,1.0836930173418613,1.7276442658398246,1.7510832778170513,1.7515040472743688,0.17647058823529413,0.0,0.0,0.43838751381362717,0.48128562447814965,0.748669040537741,0.7561186021886623,0.7648081199982213,483.30371046066284,1
halbach_3seg,24,9,-135,-16.970562748477143,-6.211657082460501,23.18221983093764,40.22419464425617,1.6760081101773405,1.1217937506804887,43.73624706354351,0.8153738171621884,1.4669532547231117,0.23794271916221368,5.8843705084487566e-05,0.188626276073967,1.810618032847464e-05,2.8455600212349634e-05,612,0.8880553141353388,1.0849174120354956,1.7301127412741677,1.7488597039663196,1.7490263000659971,0.23529411764705882,0.0,0.0,0.44030076690151554,0.4820271388071546,0.7355752353602775,0.7469681245996903,0.7517415313839897,513.8954391479492,1
halbach_3seg,24,10,-150,-11.999999999999998,-12.000000000000005,24.0,40.54649639626763,1.6894373498444846,1.1223570730149237,28.70630967183017,0.8154312549710838,1.4037294833307006,0.23601922195753317,0.0001239870873768922,0.1878080515587141,1.8192418047106126e-05,2.7791143320078945e-05,612,0.9065011318676098,1.0859097034581422,1.7248244773059274,1.74637746961782,1.7466388965184863,0.17647058823529413,0.0,0.0,0.43880498086463404,0.48090206839595584,0.7383120604924385,0.7767370061790554,0.7820017964243446,472.15151953697205,1
halbach_3seg,24,11,-165,-6.211657082460505,-16.970562748477143,23.18221983093764,40.36343977078314,1.6818099904492974,1.1208284955886731,13.72358612463914,0.8145190026582046,1.4658586632204484,0.23710615156074347,0.00014484226669101913,0.18795505535446816,1.8173991845004098e-05,2.7485295709985963e-05,612,0.8814395218570679,1.078078320029762,1.7215059943161677,1.722604028526975,1.7227479741054972,0.23529411764705882,0.0,0.0,0.4399906130504321,0.48154654088454046,0.717330424211912,0.7311559597734711,0.7319977762250472,463.09841322898865,1
halbach_3seg,24,12,-180,-2.9391523179536475e-15,-20.784609690826528,20.784609690826535,41.23851768287084,1.7182715701196185,1.1220964488845298,-1.3246634927810095,0.8152492261478428,1.3988991525655188,0.23605941333265176,6.721717997306545e-05,0.18754863147621795,1.814646217324192e-05,2.8022719119726475e-05,612,0.900843731743968,1.083953673924738,1.7277111958415754,1.7511265564872711,1.7515967655978368,0.17647058823529413,0.0,0.0,0.4397815620160483,0.48268270342809977,0.7476880313693728,0.7592002146968101,0.7670171018031883,488.09301471710205,1
halbach_3seg,26,0,0,0.0,22.516660498395407,-22.516660498395407,44.34319036927877,1.7055073218953374,1.1221713504570592,178.57492315836447,0.8153058809803917,1.4004599234957604,0.23607165656844134,0.00010066217180322715,0.18724193355036858,1.8167914095568967e-05,2.8053737613342622e-05,612,0.9037178716935423,1.0868857557650862,1.7358935618505273,1.7591855690827518,1.7596048283662493,0.17647058823529413,0.0,0.0,0.439434010504929,0.4824865351968454,0.7472895257532378,0.7605629436749043,0.7676454847209021,489.3771162033081,1
halbach_3seg,26,1,-15,-6.729295172665539,25.114071483515776,-18.38477631085024,43.48705470905301,1.6725790272712697,1.1213217719570003,163.63645274894657,0.815000845156462,1.4655861556881593,0.23777967686355023,1.6620722384144334e-05,0.18820058795273012,1.819723764421134e-05,2.7894938472759378e-05,612,0.8905870188543283,1.0882195391848628,1.7360148650472835,1.7535319222090768,1.7535985062417052,0.23529411764705882,0.0,0.0,0.43969149223874304,0.4820072563477056,0.7402011815366334,0.7531713387257719,0.7600645929136973,576.0353333950043,1
halbach_3seg,26,2,-30,-12.999999999999998,26.0,-13.000000000000009,43.40955735037793,1.6695983596299204,1.1222040480196789,148.60296709341995,0.8153865192746,1.4054023610879651,0.2363834679507082,7.714004813999195e-05,0.18770808911837433,1.819074925412576e-05,2.76776158858104e-05,612,0.9101971071953908,1.08923184889161,1.7311361493664996,1.7494379058150964,1.749688278331195,0.20588235294117646,0.0,0.0,0.43854142776074717,0.48187844479200925,0.7423655331551773,0.7711394315215485,0.7712371095608026,470.4301567077637,1
halbach_3seg,26,3,-45,-18.38477631085024,25.114071483515772,-6.729295172665546,43.69510616083662,1.680581006186024,1.1210969887055615,133.61423259148924,0.8147875933870978,1.4691556829907881,0.2375075506302838,4.685084731370589e-05,0.1880156661381032,1.804822386296939e-05,2.77180765645199e-05,612,0.8827252182258984,1.0811968816113846,1.7250892381264387,1.7360049022955466,1.7365581874105809,0.2647058823529412,0.0,0.0,0.4400310446212948,0.48198771445444577,0.7159758713972083,0.7351542742628433,0.7382740387303607,497.38185930252075,1
halbach_3seg,26,4,-60,-22.516660498395403,22.516660498395403,-3.184081677783118e-15,44.26552344962603,1.7025201326779242,1.1222414001452594,118.5943395515955,0.8153125475586972,1.40200740341572,0.23582895360527922,3.177273035515111e-05,0.18722163529551464,1.8120761826633942e-05,2.7594071721178713e-05,612,0.9041348527787255,1.0869546170346525,1.7358630424608528,1.7591783715180558,1.7595777907159258,0.17647058823529413,0.0,0.0,0.4384022050951375,0.48048032385883255,0.7482670774738757,0.7565021418601952,0.7605210423740439,447.6254425048828,1
halbach_3seg,26,5,-75,-25.114071483515776,18.38477631085023,6.7292951726655295,43.45075851275121,1.6711830197212003,1.1214680133226034,103.6339335969358,0.8150880456295511,1.4712861543525837,0.23767560541478674,9.795284876900419e-05,0.18801192195402444,1.8215212200944497e-05,2.8141170796046916e-05,612,0.8910469713402908,1.088392904377898,1.736044143550392,1.7535612157333635,1.7537164771007798,0.23529411764705882,0.0,0.0,0.4408228244715661,0.4826784998485573,0.7301815998493042,0.7443595228426605,0.7522387665047244,473.43654131889343,1
halbach_3seg,26,6,-90,-26.0,12.999999999999996,12.999999999999993,43.46655766151758,1.6717906792891375,1.1223807989251262,88.59988841808267,0.815482931710284,1.4049791452426041,0.2362080512665518,0.00010596739273847108,0.18769308388305103,1.8154985055524775e-05,2.8320533194627285e-05,612,0.9100937849988178,1.0890072616244977,1.7310598404094641,1.7494601190293624,1.7496472421273015,0.20588235294117646,0.0,0.0,0.4392471969890706,0.48212681752971154,0.7361171482205447,0.7799707589392343,0.7848068819973776,510.2676839828491,1
halbach_3seg,26,7,-105,-25.114071483515776,6.729295172665532,18.384776310850235,43.68065197236562,1.680025075860216,1.1206077229109248,73.62325296121281,0.814376009161515,1.4707064859231942,0.2372015587409392,7.976069214704844e-05,0.18764844867129163,1.8147543176203114e-05,2.7739702582037673e-05,612,0.8823579635761816,1.0809705005273018,1.725077832250223,1.735902046873572,1.7364474008787811,0.2647058823529412,0.0,0.0,0.4393301353911906,0.4813340500192444,0.7129817679666207,0.7310577624462075,0.732996032174027,487.65763115882874,1
halbach_3seg,26,8,-120,-22.516660498395407,0.0,22.5166604983954,44.2352275032229,1.7013549039701117,1.121828387143802,58.58127503674445,0.8150624676262759,1.4008786232518748,0.23610328468111058,3.496303297275142e-05,0.18728378022415698,1.8154870307910052e-05,2.8765845557363507e-05,612,0.9036857894610251,1.0868504876089728,1.7358560273274612,1.7591512682513784,1.7595733042084236,0.17647058823529413,0.0,0.0,0.4384594486757428,0.4813848460398232,0.7509170119225491,0.7586249235773259,0.7669712160515136,505.09592485427856,1
halbach_3seg,26,9,-135,-18.38477631085024,-6.729295172665544,25.114071483515776,43.48915113491799,1.6726596590353073,1.1217389834744018,43.63330192089733,0.8153574946849271,1.4704082626283297,0.23807059518730492,5.921155452702426e-05,0.18847503668362456,1.8107316574452055e-05,2.8506331203440163e-05,612,0.8911039624378836,1.0885270254375243,1.7359899174697195,1.7534918265760049,1.7536524470951753,0.23529411764705882,0.0,0.0,0.44038293662204536,0.4821718518798225,0.7385422036771725,0.7500555666193335,0.7551728505176973,508.9924056529999,1
halbach_3seg,26,10,-150,-12.999999999999998,-13.000000000000005,26.0,43.47774865733663,1.672221102205255,1.122307129081077,28.613318583537414,0.8154103816491604,1.4054809336998793,0.2361037559382417,0.00012343468341964478,0.18762764674155133,1.81923526542273e-05,2.784471188514106e-05,612,0.9093770742516392,1.088680600095252,1.731149143051821,1.7495170532622488,1.7497777596825026,0.20588235294117646,0.0,0.0,0.43884357983826755,0.4809497045558452,0.7375748521402438,0.7774995485873687,0.7827813429099527,477.9937331676483,1
halbach_3seg,26,11,-165,-6.729295172665546,-18.38477631085024,25.11407148351578,43.65247427668658,1.6789413183340993,1.120715635983935,13.619096874260272,0.8144491397708828,1.4696082168457547,0.23717261719428948,0.0001449980525351019,0.18775189425655223,1.8173719336751464e-05,2.7449682307486146e-05,612,0.8821994316493691,1.0810606030499048,1.7251078376472517,1.7359304536005578,1.736567666490565,0.2647058823529412,0.0,0.0,0.4400122526692182,0.4816223642111165,0.7188560967380967,0.7331486597296741,0.7340575938697125,476.22285532951355,1
halbach_3seg,26,12,-180,-3.184081677783118e-15,-22.516660498395407,22.516660498395414,44.24865520115665,1.7018713538906405,1.122064693610149,-1.4193759788180116,0.8152428539030431,1.4004859891126085,0.2361510078009203,6.738378985726679e-05,0.18734578337549898,1.8147432564111972e-05,2.7993513309295535e-05,612,0.9039734106688806,1.0870989944897873,1.7359245895810478,1.7591933478027568,1.7596655297525963,0.17647058823529413,0.0,0.0,0.43985466184563315,0.4827807558827793,0.7497070000407853,0.7614093036007503,0.7692347507887355,482.5633919239044,1
halbach_3seg,28,0,0,0.0,24.248711305964285,-24.248711305964285,47.3070374367127,1.6895370513111678,1.1221234373530231,178.48162540325097,0.8152894834343297,1.4019012482624822,0.23617264061056192,0.00010087249929495716,0.18702543386194545,1.816875697817955e-05,2.814448143683049e-05,612,0.9067629432117099,1.0900869194171003,1.743810716658169,1.7668954791554992,1.7673185953096684,0.20588235294117646,0.0,0.0,0.43950318301252117,0.4825864811019126,0.7485707958638305,0.762735023717802,0.7698257201062045,500.7633194923401,1
halbach_3seg,28,1,-15,-7.246933262870581,27.04592313609391,-19.79898987322333,46.72799038529207,1.6688567994747168,1.1212527386678075,163.53422519869505,0.8149756730305702,1.4693314176671635,0.23791596233017182,1.6453116936383035e-05,0.18803972482341613,1.8198283212602598e-05,2.794099701422823e-05,612,0.8947136421447599,1.0919925929307837,1.7417595467118705,1.758083059773454,1.7581387359618283,0.23529411764705882,0.0,0.0,0.4397586090340069,0.4821446323817939,0.7431049918495259,0.7565422148050123,0.7633581254690118,500.5049858093262,1
halbach_3seg,28,2,-30,-13.999999999999998,28.0,-14.000000000000009,46.30129693767238,1.6536177477740137,1.1221316160900563,148.51106216986864,0.8153506052245968,1.4069795799576257,0.2364750215570262,7.692132227941468e-05,0.1875128336782084,1.8190454844311395e-05,2.7716006228647874e-05,612,0.9129448441430228,1.0919948239644064,1.737182680799123,1.7525437000055202,1.7527869054361136,0.20588235294117646,0.0,0.0,0.4385783869642596,0.48192151774730546,0.7446325602191288,0.7717721167022066,0.7718664222584174,474.36228132247925,1
halbach_3seg,28,3,-45,-19.79898987322333,27.04592313609391,-7.246933262870589,46.95519877350637,1.6769713847680845,1.120974537433301,133.51054939338434,0.8147137931756145,1.4724952473473842,0.237590492741121,4.604937822340176e-05,0.18780264028504032,1.804745206273845e-05,2.7789643025130986e-05,612,0.8850656864719183,1.0843817238023126,1.7277675962338226,1.7495992055171485,1.7501619558514436,0.2647058823529412,0.0,0.0,0.4400540201528167,0.48207897992061294,0.717526035330858,0.7371433600309814,0.7402192408405834,488.43675446510315,1
halbach_3seg,28,4,-60,-24.24871130596428,24.24871130596428,-3.429011037612589e-15,47.22897030304613,1.6867489393945048,1.1221932491077098,118.50109932833436,0.8152958615017319,1.4034468902401505,0.23592938463179952,3.1640276540281514e-05,0.18700490356961513,1.8122014686006887e-05,2.768306311079648e-05,612,0.9071999090416185,1.0901664994643065,1.7437817568075549,1.7668887674625697,1.7672901054109562,0.20588235294117646,0.0,0.0,0.43847879869291956,0.4805934486490612,0.7486222250763734,0.7586954597738533,0.7627124911085977,458.03910756111145,1
halbach_3seg,28,5,-75,-27.04592313609391,19.798989873223327,7.24693326287057,46.69209324222788,1.6675747586509957,1.1214002997605417,103.53172387476498,0.8150641021891367,1.4749815419731838,0.23781339198242504,9.804545910466122e-05,0.18785109819644388,1.8216610168668094e-05,2.8189254665405907e-05,612,0.8951423384070697,1.0921560525644118,1.74178843167527,1.7581136043531373,1.7582576287777205,0.23529411764705882,0.0,0.0,0.4409045903715168,0.4828215338741769,0.7331681761277818,0.7477005486116545,0.7556601655244138,468.42060923576355,1
halbach_3seg,28,6,-90,-28.0,13.999999999999995,13.999999999999993,46.3582968295085,1.655653458196732,1.1223078749215574,88.50798271607025,0.815446321166334,1.40658191739747,0.23629778623443687,0.00010580533230950177,0.187497622463764,1.815472692789043e-05,2.8375308709466233e-05,612,0.9128384882439374,1.091768560787718,1.7371065020982002,1.7525670926396137,1.7527472238697128,0.20588235294117646,0.0,0.0,0.43927514865896283,0.48216369152574656,0.7360942092522343,0.7806801003734211,0.7854756816443574,516.9412989616394,1
halbach_3seg,28,7,-105,-27.04592313609391,7.246933262870573,19.798989873223327,46.9426020000727,1.6765215000025964,1.120484526386397,73.51957290273549,0.8143012437556909,1.4744133726792736,0.23728228908508595,8.003920241919898e-05,0.18743624654008983,1.8147297188251904e-05,2.7789822907087163e-05,612,0.8847155052764342,1.08415896535386,1.72775714784058,1.7494839085817864,1.7500585552751171,0.2647058823529412,0.0,0.0,0.4393516402787018,0.48142580577927113,0.7167858182863428,0.7330224937282429,0.7349593317708476,513.1074194908142,1
halbach_3seg,28,8,-120,-24.248711305964285,0.0,24.248711305964278,47.19988174157957,1.6857100621992702,1.1217819433208114,58.487981825833614,0.8150472341341586,1.4023242586109539,0.23620481747537284,3.509339372383491e-05,0.18706724036911618,1.8156022200312474e-05,2.8714704849795456e-05,612,0.9067549606533244,1.0900645325312335,1.7437720359018023,1.766861959956475,1.767284894207725,0.20588235294117646,0.0,0.0,0.43853229349276235,0.4814896060499661,0.7532029157299638,0.7609308016333157,0.7691766309091054,515.8449051380157,1
halbach_3seg,28,9,-135,-19.79898987322333,-7.246933262870585,27.04592313609391,46.72892759851963,1.6688902713757012,1.1216712205567525,43.531089507340525,0.8153340922455351,1.4740816957583047,0.23821129493752685,5.9577457439776036e-05,0.18831373734059917,1.8108397081788766e-05,2.855718811245151e-05,612,0.8951943143309007,1.0922983236196886,1.7417314994551356,1.7580520676999039,1.7582052105197223,0.23529411764705882,0.0,0.0,0.44046756848785357,0.4823218744020817,0.7414249929330428,0.7530654250911843,0.7585298859023116,511.88097167015076,1
halbach_3seg,28,10,-150,-13.999999999999998,-14.000000000000007,28.0,46.3695334024771,1.6560547643741823,1.1222336528231625,28.52141553199226,0.8153734997988173,1.4070760139413803,0.23619423981712462,0.0001228895077846052,0.18743220324544174,1.819193731084016e-05,2.7898446101348166e-05,612,0.9120860201569727,1.0914246582782465,1.7371985119755433,1.7526160082218425,1.752876063315782,0.20588235294117646,0.0,0.0,0.4388744946640775,0.4809910841343776,0.7366464991690074,0.7781548012092734,0.7834539272448572,473.57342505455017,1
halbach_3seg,28,11,-165,-7.246933262870589,-19.79898987322333,27.045923136093915,46.91403166918605,1.675501131042359,1.120592522304464,13.515424978184354,0.8143742510169969,1.4732660450436061,0.23725234244407234,0.0001451661836265109,0.18753910579931088,1.8173457709985382e-05,2.7413221782461445e-05,612,0.8845287979870338,1.0842372393120971,1.727788775519293,1.7495100396323697,1.7501737242092203,0.2647058823529412,0.0,0.0,0.440036749459084,0.48170891607420213,0.720353341462438,0.7351087740438143,0.7360813375786261,469.9097545146942,1
halbach_3seg,28,12,-180,-3.429011037612589e-15,-24.248711305964285,24.248711305964292,47.21313690656503,1.6861834609487512,1.122016866802962,-1.512702734771947,0.815226369221638,1.4019260895946486,0.23625115142723607,6.750538407910673e-05,0.18712887565178135,1.8148268487136355e-05,2.808430657849732e-05,612,0.9070192284451465,1.0903013374901827,1.7438423045532883,1.76690291725462,1.7673762936569626,0.20588235294117646,0.0,0.0,0.43992855328552294,0.4828836541628324,0.7501496076594177,0.7635788503668637,0.7714332866370445,501.4645700454712,1
halbach_3seg,30,0,0,0.0,25.98076211353316,-25.98076211353316,50.23041878245023,1.674347292748341,1.1220608616360428,178.3895435283662,0.8152641906468318,1.4032141417417776,0.2362832296620938,0.00010107262378151792,0.1867965185166292,1.8169499263146188e-05,2.8235224279481356e-05,612,0.9097160336516509,1.0933586601230605,1.7514618571927982,1.774286884937421,1.7747127625449892,0.20588235294117646,0.0,0.0,0.4395742816564867,0.4826927819974459,0.7497996510997247,0.7648792194074027,0.7719774865928168,493.19356751441956,1
halbach_3seg,30,1,-15,-7.764571353075622,28.97777478867205,-21.213203435596427,49.92902711797779,1.664300903932593,1.1211710594452275,163.43316836187344,0.814943370029414,1.47291529158158,0.23806341643723666,1.6272297607227324e-05,0.18786851636176502,1.8199244361027466e-05,2.798785557146855e-05,612,0.9000073860182144,1.0958833801907348,1.7473983482243771,1.7625684839682925,1.7626119833951488,0.23529411764705882,0.0,0.0,0.4398279741308615,0.4822859439748248,0.7458780003903214,0.7597766582504437,0.7665192959659551,522.2893540859222,1
halbach_3seg,30,2,-30,-14.999999999999998,30.0,-15.00000000000001,49.15969615834472,1.6386565386114909,1.1220361036103146,148.42003574830247,0.8152992180236692,1.4084208145789292,0.23657365826521146,7.669363712035588e-05,0.1873037616183198,1.8189822105552953e-05,2.7754227337589707e-05,612,0.9155443153501134,1.0947440718450416,1.7429895011839673,1.755605472963902,1.7558420914930715,0.20588235294117646,0.0,0.0,0.43860957664805106,0.48196099611017146,0.7465523306252303,0.7723266957469281,0.7724159244084552,471.05985045433044,1
halbach_3seg,30,3,-45,-21.213203435596427,28.977774788672047,-7.76457135307563,50.18250379922722,1.6727501266409073,1.1208413853838743,133.4078330568071,0.8146343889829789,1.4761011381379165,0.23768528460718064,4.5255043874922466e-05,0.187578874139812,1.8046693829849927e-05,2.7861189393878818e-05,612,0.8882346003149618,1.0877336778834694,1.7304133712339649,1.7625420245739831,1.7631220432273071,0.2647058823529412,0.0,0.0,0.44007894368387956,0.48217904939922746,0.7198660844287058,0.7390944904735809,0.7421273705939155,488.45529103279114,1
halbach_3seg,30,4,-60,-25.980762113533157,25.980762113533157,-3.67394039744206e-15,50.15192917204362,1.6717309724014542,1.1221303590201717,118.40907622302967,0.8152702344056848,1.4047578197315913,0.236039480128335,3.152121631353343e-05,0.18677585702506808,1.8123210593508783e-05,2.777187814880638e-05,612,0.9101701763349559,1.0934482686132374,1.7514348869487564,1.7742805869776344,1.7746829514357954,0.20588235294117646,0.0,0.0,0.4385578219703164,0.480713835354743,0.748845791938773,0.7608606727902836,0.7648753759116329,464.1767592430115,1
halbach_3seg,30,5,-75,-28.97777478867205,21.21320343559642,7.764571353075611,49.89355369974684,1.663118456658228,1.1213200926622908,103.43068500419946,0.8150331670349958,1.4785321267013924,0.2379625019323923,9.812433126089366e-05,0.1876800866575978,1.82179242019966e-05,2.823696585380461e-05,612,0.9004010547738914,1.0960367077198163,1.747426791857886,1.7625988581018388,1.7627318117626853,0.23529411764705882,0.0,0.0,0.44098758154891504,0.4829678834883317,0.7360189626794479,0.750909249706101,0.7589509176275251,467.7722508907318,1
halbach_3seg,30,6,-90,-30.0,14.999999999999995,14.999999999999991,49.21672820725985,1.6405576069086616,1.1222118327768775,88.4169537277923,0.8153942077999558,1.4080470560931384,0.23639459282469885,0.00010561461269262868,0.18728819501778793,1.815413029496542e-05,2.843005361498553e-05,612,0.9154391426038576,1.0945164380243653,1.7429139006198546,1.7556305680842894,1.755803665465237,0.20588235294117646,0.0,0.0,0.4392967675467209,0.4821965681889612,0.7360415232990707,0.7812830878828814,0.7860173964859025,535.7089493274689,1
halbach_3seg,30,7,-105,-28.97777478867205,7.764571353075614,21.213203435596423,50.17190133475435,1.6723967111584783,1.120350656183062,73.41685616796164,0.8142209201277737,1.4780067899481097,0.23737502960145143,8.032829547239623e-05,0.18721338128110263,1.8147062286294135e-05,2.787875228497322e-05,612,0.8879035032000179,1.0875141657866498,1.7304038387586032,1.7624315438996714,1.763026450047705,0.2647058823529412,0.0,0.0,0.43937539856846003,0.4815267591791586,0.7205417154851307,0.7349886154867903,0.7368894222984851,506.1315565109253,1
halbach_3seg,30,8,-120,-25.98076211353316,0.0,25.980762113533153,50.12403343320516,1.6708011144401722,1.12172080105862,58.39590524235595,0.8150230799633085,1.4036412422617157,0.23631595996353646,3.5209848238499596e-05,0.18683834783020856,1.815708026745754e-05,2.865959964245055e-05,612,0.909728987869763,1.0933483095646597,1.7514221530265273,1.7742540653536316,1.774677396747366,0.20588235294117646,0.0,0.0,0.4386069584507949,0.4816014703143904,0.7554194248894707,0.7632749909481189,0.7713149925884785,521.09206366539,1
halbach_3seg,30,9,-135,-21.213203435596427,-7.7645713530756275,28.97777478867205,49.92867160254337,1.6642890534181123,1.1215907931696978,43.430051828649994,0.8153035165735663,1.4776660928010328,0.2383629875498613,5.9941747725504744e-05,0.18814204690380645,1.8109391357892517e-05,2.8608799401387636e-05,612,0.9004529596371469,1.09618642273123,1.7473672578080939,1.762539119851835,1.7626908576084042,0.23529411764705882,0.0,0.0,0.4405537230367872,0.48247516883670843,0.7441695328473433,0.7559400517815215,0.7617562594893883,505.5791952610016,1
halbach_3seg,30,10,-150,-14.999999999999998,-15.000000000000007,30.0,49.22796728362225,1.6409322427874082,1.122137147875781,28.43039176720944,0.8153212056041369,1.408534282053571,0.23629193588779293,0.0001223523083284306,0.18722305558990646,1.8191203113445025e-05,2.7952220817835452e-05,612,0.9146515408022753,1.0941557031676132,1.7430080620957455,1.755671361202881,1.7559307014171726,0.20588235294117646,0.0,0.0,0.43889925536901003,0.4810285888941135,0.738574245092742,0.7787314657231894,0.7840532661148615,479.71269607543945,1
halbach_3seg,30,11,-165,-7.76457135307563,-21.213203435596427,28.977774788672054,50.14299328228438,1.6714331094094794,1.1204588135680928,13.412714832922816,0.814293869820868,1.476810603423935,0.23734412552699521,0.00014534516621271025,0.1873157195005586,1.8173178336080597e-05,2.7376359757934726e-05,612,0.887690655910662,1.0875814896738893,1.7304328728757876,1.7624492740134106,1.763136759985119,0.2647058823529412,0.0,0.0,0.4400630584495642,0.4818042976776327,0.7217736275866155,0.7370145998919825,0.7381171657572444,510.5424916744232,1
halbach_3seg,30,12,-180,-3.67394039744206e-15,-25.98076211353316,25.98076211353317,50.13716400787745,1.6712388002625818,1.1219543623876673,-1.6048135509323074,0.8152009714705595,1.40323788318076,0.23636086161728498,6.757890408502159e-05,0.1868995300390614,1.8149002979360758e-05,2.8175063706270355e-05,612,0.9099728922319932,1.093574173641137,1.7514940966656483,1.7742938996012605,1.7747677225909557,0.20588235294117646,0.0,0.0,0.4400044447627255,0.48299310238898746,0.7504845304347986,0.7656999470509892,0.7736222513882499,487.1763825416565,1
halbach_3seg,32,0,0,0.0,27.71281292110204,-27.71281292110204,53.11767101424791,1.6599272191952472,1.121984759597276,178.2985361764592,0.8152309899460907,1.404413696030712,0.23640430283321281,0.00010126466808147051,0.18655646206113133,1.817016602734378e-05,2.832589127031537e-05,612,0.9125718002977573,1.0967113554188432,1.7588714226261752,1.7813891140278422,1.7818185572240657,0.20588235294117646,0.0,0.0,0.43964828466873845,0.4828068611429897,0.7503497953026527,0.7669958561334558,0.7741012839451081,493.2707324028015,1
halbach_3seg,32,1,-15,-8.282209443280664,30.909626441250186,-22.627416997969522,53.06775494634774,1.658367342073367,1.1210766580955667,163.3339491167617,0.8149032888642341,1.476285270302011,0.23821880491380457,1.6075299347671096e-05,0.18768610541713548,1.8200059591426556e-05,2.8036293154177644e-05,612,0.905185296971991,1.0998093191202645,1.7529679425160174,1.7669981272281041,1.7670253313537954,0.23529411764705882,0.0,0.0,0.4398975076108476,0.4824275201154532,0.7484254629333573,0.7627968330228263,0.769470037637467,507.605979681015,1
halbach_3seg,32,2,-30,-15.999999999999998,32.0,-16.00000000000001,51.98971867852956,1.6246787087040488,1.121917927039054,148.32971658531318,0.8152328641832236,1.4097417846908913,0.23668049351593623,7.645889204242104e-05,0.18708197544098062,1.8188881730717633e-05,2.7792246090907524e-05,612,0.9180067701408723,1.0974905827905859,1.748585294220807,1.7586211678038177,1.7588513236684165,0.20588235294117646,0.0,0.0,0.4386363331251232,0.48199904107059316,0.7466008716713625,0.772829443382107,0.7729128429210925,476.7470717430115,1
halbach_3seg,32,3,-45,-22.627416997969522,30.909626441250182,-8.282209443280673,53.36123178713476,1.6675384933479613,1.1206976051742328,133.30655172627092,0.8145490525093426,1.4795452334388701,0.237789841066105,4.44845689184481e-05,0.18734384160375683,1.804593598267727e-05,2.7933003001362615e-05,612,0.8924754117670466,1.091200701967257,1.73303285263409,1.7747922121879305,1.7753939446124505,0.2647058823529412,0.0,0.0,0.4401048340809425,0.4822855485509136,0.7221120132687094,0.7410203895925932,0.7440133113091167,481.35909938812256,1
halbach_3seg,32,4,-60,-27.712812921102035,27.712812921102035,-3.91886975727153e-15,53.0387235596205,1.6574601112381406,1.122053856689242,118.3181295022816,0.8152366422721093,1.4059554077978298,0.23616009592561543,3.1414567517074385e-05,0.18653576532595406,1.812437785847949e-05,2.7860458819899026e-05,612,0.913038983461724,1.096810222076599,1.7588457415229415,1.781384852732422,1.7817874256115322,0.20588235294117646,0.0,0.0,0.43864015221222535,0.4808428788919123,0.7502107653554014,0.7629968970997172,0.7670116479635397,463.9100787639618,1
halbach_3seg,32,5,-75,-30.909626441250186,22.627416997969515,8.282209443280651,53.03272472881631,1.6572726477755098,1.1212272992564665,103.33148327194425,0.8149945790126999,1.4818871589901852,0.23811968974179704,9.819651409937348e-05,0.18749803964556494,1.8219079861839153e-05,2.828433040959735e-05,612,0.9055446858052295,1.0999529043520895,1.7529958471018667,1.7670310431586906,1.767146331914379,0.23529411764705882,0.0,0.0,0.44106915682116826,0.4831137646858909,0.7386456339233523,0.753894056229278,0.7620210000031843,477.1250512599945,1
halbach_3seg,32,6,-90,-32.0,15.999999999999995,15.999999999999991,52.04680770646245,1.6264627408269516,1.1220931081173178,88.32663030392949,0.8153271133905352,1.409390561455825,0.23649959458464784,0.0001053913084685723,0.18706592795676902,1.8153229596488283e-05,2.848465570083552e-05,612,0.9179072814170169,1.0972616861460573,1.7485104641728655,1.7586482022498031,1.7588142537928313,0.20588235294117646,0.0,0.0,0.4393135018797041,0.48222769338158894,0.7352672875841647,0.7818027155273767,0.7864532543791258,533.6614196300507,1
halbach_3seg,32,7,-105,-30.909626441250186,8.282209443280655,22.62741699796952,53.35272117851416,1.6672725368285675,1.1202062062670024,73.31557157610087,0.8141347290187946,1.4814464398602443,0.2374777110192136,8.061178524525659e-05,0.18697934089105944,1.8146816572496644e-05,2.7967385996507386e-05,612,0.892156921443464,1.0909841030371905,1.733024382074319,1.7746905675981492,1.77530676393114,0.2647058823529412,0.0,0.0,0.4394003847257983,0.4816345502829105,0.7241849919331521,0.7369277173475574,0.7387971164022701,490.9946036338806,1
halbach_3seg,32,8,-120,-27.71281292110204,0.0,27.71281292110203,53.0120257883486,1.6566258058858938,1.1216460994183008,58.304904177430515,0.8149909915003191,1.4048446383712165,0.23643757511291474,3.53162565450179e-05,0.18659837737559992,1.8158066934812312e-05,2.8600841405696782e-05,612,0.9126005257914156,1.0967119070238762,1.7588307221465478,1.7813581222686132,1.7817817059239927,0.20588235294117646,0.0,0.0,0.43868420306492095,0.48172173116258077,0.7561628881393319,0.7656150071765556,0.773423406745476,528.2678830623627,1
halbach_3seg,32,9,-135,-22.627416997969522,-8.282209443280669,30.909626441250186,53.06595789489087,1.6583111842153397,1.121497633047667,43.33085640840246,0.8152651169497908,1.4810369310721017,0.23852239375031725,6.030371958336734e-05,0.18795911923066044,1.8110234265994364e-05,2.8661818687444398e-05,612,0.9055980170663879,1.1001093800949555,1.7529337883824627,1.76696546315402,1.767116565827919,0.23529411764705882,0.0,0.0,0.4406391461100832,0.48262779870361017,0.7467176807326533,0.7585955118195127,0.7647615434660786,497.17703461647034,1
halbach_3seg,32,10,-150,-15.999999999999998,-16.000000000000007,32.0,52.05803706546919,1.6268136582959123,1.1220180100134054,28.340075391233007,0.8152539873402506,1.409871475629109,0.23639794318450782,0.0001218225868995263,0.18700129185847858,1.8190177035671994e-05,2.8005930814855037e-05,612,0.9170856292513518,1.0968848933229722,1.7486062098533717,1.7586806962360666,1.758939402981983,0.20588235294117646,0.0,0.0,0.4389192566135157,0.4810644305354851,0.7373743205006086,0.7792588685304418,0.7846012113215595,499.7836346626282,1
halbach_3seg,32,11,-165,-8.282209443280673,-22.627416997969522,30.90962644125019,53.32351024920359,1.6663596952876123,1.1203145995597374,13.311436009503867,0.8142076893109087,1.4802047767812534,0.2374459268095268,0.0001455404503410713,0.18708122560564686,1.817284979711224e-05,2.738630526165669e-05,612,0.891917643302369,1.091041659578278,1.7330490010922401,1.7747151124307932,1.775412361554331,0.2647058823529412,0.0,0.0,0.44008988790296827,0.4819061335339285,0.7232218599287527,0.7389151103769801,0.7400799316869958,523.0135250091553,1
halbach_3seg,32,12,-180,-3.91886975727153e-15,-27.71281292110204,27.71281292110205,53.02507116547996,1.6570334739212487,1.1218783189315746,-1.6958498020960284,0.8151676506370232,1.4044364076655353,0.2364810228401074,6.760543640555113e-05,0.18665902403718665,1.8149660013203977e-05,2.82658088405051e-05,612,0.9128290893164077,1.096927885867602,1.7589043083346638,1.7813974158532928,1.7818709636657972,0.20588235294117646,0.0,0.0,0.44008330417634867,0.48311042646534447,0.751903649128443,0.7678279513298352,0.775746428081245,495.4483640193939,1
halbach_3seg,34,0,0,0.0,29.444863728670917,-29.444863728670917,55.97241409082086,1.6462474732594372,1.1218960260623672,178.20848601990406,0.8151906698990435,1.405512421115446,0.23653660915271166,0.00010144788600533841,0.18630629038090907,1.8170780004774587e-05,2.8416405596518777e-05,612,0.9153295180814418,1.1001530616136805,1.766059290967007,1.7882289324758691,1.788660989697916,0.20588235294117646,0.0,0.0,0.439725975102951,0.4829298918172874,0.7535826794927278,0.7690838521603841,0.77619689237815,498.11857557296753,1
halbach_3seg,34,1,-15,-8.799847533485705,32.84147809382832,-24.041630560342618,56.1200733239984,1.6505903918823057,1.120969160208406,163.237283192573,0.8148544012388711,1.4793859037537056,0.2383780065391574,1.5862311565990606e-05,0.18749136318823043,1.8200641822012684e-05,2.8087064394105947e-05,612,0.9101015495624333,1.1036755616281553,1.7597469109597264,1.7713640876649308,1.771398856939884,0.2173202614379085,0.0,0.0,0.4399641878700706,0.482564474482326,0.7506559425387411,0.7655109831015791,0.7721035211102465,499.83514738082886,1
halbach_3seg,34,2,-30,-16.999999999999996,34.0,-17.00000000000001,54.7952691764611,1.6116255640135617,1.121777462124386,148.23996844090993,0.8151519964791384,1.4109549300924082,0.2367965092357446,7.621921152281976e-05,0.18684838111620897,1.8187661120406535e-05,2.7830058280997307e-05,612,0.920333983998479,1.1002426620492263,1.7539896866968578,1.76159105193263,1.7618127247770292,0.20588235294117646,0.0,0.0,0.43865987689878383,0.48203767004926945,0.7452498996660071,0.7733019978577271,0.7733796772427077,471.60441970825195,1
halbach_3seg,34,3,-45,-24.041630560342618,32.84147809382832,-8.799847533485714,56.47074107757578,1.6609041493404642,1.1205430339207478,133.2073173541601,0.814457099653382,1.4827768926129692,0.23790107181164913,4.374772329597562e-05,0.18709675187478048,1.8045150953971444e-05,2.8005497154529387e-05,612,0.8966018878815344,1.0947021058528226,1.7356338272596368,1.786293866641745,1.786913902773545,0.2647058823529412,0.0,0.0,0.4401299991045212,0.48239484864645205,0.7249850153751906,0.7429391972189852,0.7458925768120676,489.8981602191925,1
halbach_3seg,34,4,-60,-29.444863728670914,29.444863728670914,-4.1637991171010006e-15,55.89298512049846,1.643911327073484,1.121964675429849,118.2281415817688,0.815195898045539,1.407052334715646,0.23629196229416957,3.131875443576779e-05,0.18628569689756308,1.812554007324872e-05,2.7948752512439044e-05,612,0.9158055169643461,1.1002604024751044,1.7660344143330495,1.7882267533371639,1.7886288290229666,0.20588235294117646,0.0,0.0,0.43872647262568704,0.48098172427200625,0.750815819630379,0.7651047422636394,0.769120026609488,476.86819648742676,1
halbach_3seg,34,5,-75,-32.84147809382832,24.04163056034261,8.799847533485693,56.08555744658609,1.649575219017238,1.1211214975573098,103.23483234310982,0.8149472610696665,1.4849901441730802,0.2382807555523002,9.827372490126793e-05,0.18730379059795205,1.8219975495593848e-05,2.8331323816765147e-05,612,0.9104250849413057,1.103809583116421,1.7597346747846068,1.7713983508627182,1.7715166149540518,0.2173202614379085,0.0,0.0,0.4411455948112564,0.48325406262555476,0.7409432689162051,0.756571063984786,0.76477083677944,485.48256754875183,1
halbach_3seg,34,6,-90,-34.0,16.999999999999993,16.99999999999999,54.8524444285541,1.6133071890751207,1.1219520925320103,88.23687607840492,0.8152455043674314,1.4106247255578168,0.23661378587754522,0.00010513699385758342,0.18683175006995048,1.8152044152240303e-05,2.8539349604125443e-05,612,0.9202443006363272,1.1000124558994033,1.7539172710386286,1.761617982061244,1.761776979076296,0.20588235294117646,0.0,0.0,0.43932631830063384,0.4822590077060998,0.7359709589168495,0.7823578748712081,0.7869719242639833,508.7409324645996,1
halbach_3seg,34,7,-105,-32.84147809382832,8.799847533485696,24.041630560342615,56.46440845179305,1.660717895640972,1.1200510188939445,73.21633171509275,0.8140419949376054,1.4846798564003287,0.2375872644075685,8.087292804797584e-05,0.18673332890848815,1.814652346620762e-05,2.8055725550794556e-05,612,0.8962933753431067,1.0944882135115928,1.7356266790883017,1.7861932059911922,1.7868364212292431,0.2647058823529412,0.0,0.0,0.43942483344514754,0.4817455896355266,0.7276375286640006,0.7388653098487208,0.7406961911716008,510.02540493011475,1
halbach_3seg,34,8,-120,-29.444863728670917,0.0,29.44486372867091,55.86748223348253,1.6431612421612507,1.1215587531194315,58.21486106521184,0.814951770264274,1.405946948679237,0.2365704037583904,3.541166181414653e-05,0.18634838656072944,1.8159001322614378e-05,2.8538777507412162e-05,612,0.9153686801263464,1.1001633240648152,1.7660177441705251,1.788199635981843,1.7886232328340959,0.20588235294117646,0.0,0.0,0.4387646295366941,0.48185149293426216,0.7563269064624986,0.7679457042192732,0.775505290806797,539.7202482223511,1
halbach_3seg,34,9,-135,-24.041630560342618,-8.79984753348571,32.84147809382832,56.11672128179295,1.650491802405675,1.1213913432833744,43.23421774079569,0.8152178379757368,1.4841388388277958,0.2386853407170886,6.066479568953592e-05,0.18776383697712656,1.8110833594782026e-05,2.871699419972285e-05,612,0.9104802614811486,1.1039717689490751,1.7597638940362235,1.7713319197162853,1.7714889246714416,0.21568627450980393,0.0,0.0,0.4407205760617329,0.4827744826134612,0.7489516522245327,0.7609347775623244,0.7674452349541147,511.9576027393341,1
halbach_3seg,34,10,-150,-16.999999999999996,-17.000000000000007,34.0,54.8636068762553,1.61363549636045,1.1218766018073907,28.250331283997575,0.8151722841972888,1.4111000652975587,0.23651322270842606,0.00012130194681077144,0.18676780680825356,1.8188883954595152e-05,2.8059511012576418e-05,612,0.9193892311700713,1.099620477302142,1.75400913198529,1.7616420912354736,1.7619001716326943,0.20588235294117646,0.0,0.0,0.43893575889146885,0.4811006566169477,0.7391906908902466,0.7797572317164507,0.7851179991501018,503.2834324836731,1
halbach_3seg,34,11,-165,-8.799847533485714,-24.041630560342618,32.84147809382833,56.43490921742271,1.6598502711006677,1.1201597320496837,13.212201010291306,0.8141150446996703,1.4833990962702168,0.2375546979375161,0.000145746931984881,0.1868348238025707,1.8172422768165465e-05,2.7459603593100715e-05,612,0.8960298503850082,1.0945373171865167,1.7356463910908393,1.7862272910847774,1.7869371853124147,0.2647058823529412,0.0,0.0,0.4401151374675755,0.48201083795654476,0.7246854962176343,0.7408134451283304,0.7420335508621492,491.10989785194397,1
halbach_3seg,34,12,-180,-4.1637991171010006e-15,-29.444863728670917,29.444863728670928,55.88047829092189,1.6435434791447616,1.121789632650417,-1.7859288587506548,0.815127197117151,1.4055342474148067,0.23661238852157632,6.758697845523091e-05,0.18640838375212979,1.8150265546355586e-05,2.8356368089697897e-05,612,0.9155871949123428,1.100370599328784,1.7660929075445202,1.788238645419807,1.7887110809374522,0.20588235294117646,0.0,0.0,0.44016592916259467,0.4832368765749913,0.7544146510654962,0.7699076178838682,0.7778606294563145,490.7722113132477,1
halbach_3seg,36,0,0,0.0,31.176914536239792,-31.176914536239792,58.79746214985145,1.6332628374958735,1.1217953345585276,178.11930030469566,0.8151438296606275,1.4065202217791508,0.23668073861335975,0.00010162981953030427,0.18604676844104873,1.8171361189787764e-05,2.8506695705797016e-05,612,0.9179908165060199,1.1036888822434676,1.7730422704945346,1.7948267323216907,1.7952600178073268,0.20588235294117646,0.0,0.0,0.4398079933512477,0.48306285984881303,0.7568849534185901,0.7711461926851001,0.7782658173358477,503.96291065216064,1
halbach_3seg,36,1,-15,-9.317485623690747,34.77332974640646,-25.455844122715714,59.07044715762303,1.6408457543784174,1.120848511048338,163.1436306970639,0.8147960575423107,1.4821872098441609,0.23853770469730104,1.5645862552168183e-05,0.18728386267198108,1.820091989740554e-05,2.8140634985387498e-05,612,0.9147840756461552,1.1074121541840891,1.769433788886526,1.7756818172130573,1.7757290255939944,0.20588235294117646,0.0,0.0,0.44002537335287634,0.48269274907709603,0.7525046973926321,0.7678381705125974,0.7743506808928905,498.4005708694458,1
halbach_3seg,36,2,-30,-17.999999999999996,36.0,-18.00000000000001,57.57938479261409,1.5994273553503915,1.121615128324785,148.15068455481003,0.8150570793616982,1.4120705073802036,0.236922576125178,7.597596958320066e-05,0.1866037555036137,1.818618633828996e-05,2.7867658767872964e-05,612,0.9225234593633513,1.103007731328854,1.7592185845644976,1.7645110052816113,1.7647249549212984,0.23529411764705882,0.0,0.0,0.4386813504422413,0.482078791722456,0.7437698256911489,0.7737615177591498,0.7738349375354897,477.47593545913696,1
halbach_3seg,36,3,-45,-25.455844122715714,34.77332974640645,-9.317485623690757,59.49225109131412,1.652562530314281,1.1203775299045506,133.11068805851795,0.814357832836596,1.4857511204184624,0.2380157327506045,4.303814040422704e-05,0.18683695862255642,1.804430620910755e-05,2.8079124188977424e-05,612,0.9004376546092013,1.0981544800855203,1.7388854906059776,1.7970037383711444,1.7976377783408277,0.2647058823529412,0.0,0.0,0.4401525305694022,0.4825029892597771,0.7274772231977286,0.7448686539265498,0.747784821381233,463.7569944858551,1
halbach_3seg,36,4,-60,-31.17691453623979,31.17691453623979,-4.408728476930472e-15,58.71755521409317,1.6310432003914768,1.1218635119897906,118.13901931888999,0.815148615820129,1.408058641972549,0.23643565936703698,3.123299082385525e-05,0.18602646267036044,1.8126715061801433e-05,2.8036704316589826e-05,612,0.918472339204189,1.1038041258789744,1.7730178781518195,1.7948259297572087,1.7952268705753973,0.20588235294117646,0.0,0.0,0.4388172827027382,0.4811312752863401,0.7519771958477808,0.7671836972159809,0.7711998881897304,477.379191160202,1
halbach_3seg,36,5,-75,-34.77332974640646,25.455844122715703,9.317485623690732,59.03647014393496,1.6399019484426378,1.1210025450326095,103.14119296719004,0.8148904812987421,1.4878052094992968,0.23844228127617942,9.835476984734734e-05,0.18709683031958546,1.8220529014471397e-05,2.8377934280767286e-05,612,0.9150718741171392,1.107537054500762,1.769417525170482,1.7757169014356031,1.775839099713896,0.20588235294117646,0.0,0.0,0.4412138394045082,0.4833846405945776,0.7428324536377159,0.7588974801897015,0.7671354740949454,497.83368968963623,1
halbach_3seg,36,6,-90,-36.0,17.999999999999993,17.99999999999999,57.6366759681869,1.6010187768940805,1.1217892107816263,88.14758435002342,0.8151498500984324,1.411759795994623,0.23673804389179615,0.0001048544458832201,0.18658645368377005,1.815061487154605e-05,2.8593797466409032e-05,612,0.9224467330608284,1.1027760609059671,1.7591505936205867,1.7645384612648016,1.76469042770578,0.23529411764705882,0.0,0.0,0.43933677817201566,0.4822926302950461,0.7391828796759308,0.7828631585316856,0.7874162064320394,513.1252372264862,1
halbach_3seg,36,7,-105,-34.77332974640646,9.317485623690736,25.45584412271571,59.48811097888755,1.6524475271913208,1.1198849423968897,73.11969552448188,0.8139420132311473,1.4876598670114884,0.23770044088090317,8.110294974979412e-05,0.18647467690541722,1.8146141716869656e-05,2.8143837170268884e-05,612,0.9001377987589829,1.0979428495902541,1.7387812637528026,1.7968987247910382,1.797570477903184,0.2647058823529412,0.0,0.0,0.4394467036880062,0.4818558836470131,0.7298738606200309,0.7408129634521508,0.7426125411440011,513.1646308898926,1
halbach_3seg,36,8,-120,-31.176914536239792,0.0,31.176914536239785,58.69323621383891,1.6303676726066363,1.1214594570593548,58.12568305831467,0.8149060297221573,1.4069582584983644,0.23671502925159651,3.5499349330866236e-05,0.18608918433979918,1.815989912729149e-05,2.8620141221731405e-05,612,0.9180363763420673,1.1037078037017167,1.772999651400282,1.794795244172766,1.7952215705240653,0.20588235294117646,0.0,0.0,0.4388487043913249,0.48199164701409974,0.7570686361983434,0.7702671059752703,0.7775575867833849,538.5226330757141,1
halbach_3seg,36,9,-135,-25.455844122715714,-9.317485623690752,34.77332974640646,59.06556225730792,1.6407100627029978,1.1212718776754158,43.14059215881122,0.8151610344837713,1.4869415463115696,0.23884850804579846,6.102385803534215e-05,0.1875557853691846,1.8111115244518403e-05,2.8774833216776763e-05,612,0.9151297986225828,1.1077042109587574,1.7694476468813571,1.7756558405353482,1.7758121782233882,0.20588235294117646,0.0,0.0,0.4407952961444519,0.48291097175293296,0.7508026563190465,0.7628895314578665,0.7697440192961946,511.22805666923523,1
halbach_3seg,36,10,-150,-17.999999999999996,-18.000000000000007,36.0,57.64772754025987,1.6013257650072186,1.1217133418707697,28.161052373630525,0.8150765593266217,1.41223033265432,0.23663864237802928,0.00012078853103604939,0.18652337199565786,1.8187349015855225e-05,2.8112925993534236e-05,612,0.9215587683808022,1.1023699586790465,1.759237687253368,1.7645541966124585,1.7648116398590281,0.23529411764705882,0.0,0.0,0.4389499534653302,0.48113922325554903,0.7409491798513221,0.7802384610276992,0.7856232189289185,510.03837728500366,1
halbach_3seg,36,11,-165,-9.317485623690757,-25.455844122715714,34.77332974640646,59.45838109622147,1.651621697117263,1.119994066063117,13.115567978756557,0.8140152406985081,1.486349404744545,0.2376672144065885,0.0001459565467652185,0.1865758490992798,1.817184396798044e-05,2.7533767025733925e-05,612,0.8998537830599773,1.097985353986194,1.7388829806194679,1.7969409415861723,1.7976671384179563,0.2647058823529412,0.0,0.0,0.44013647239390885,0.48211442704406826,0.726254011074405,0.7427310690570845,0.7439338783211946,502.5814526081085,1
halbach_3seg,36,12,-180,-4.408728476930472e-15,-31.176914536239792,31.176914536239806,58.7062159888328,1.6307282219120223,1.121688975375791,-1.8751439788600588,0.8150802104923428,1.4065412126856378,0.23675555770567916,6.753072351265971e-05,0.1861483753125221,1.8150839565784252e-05,2.8446703544001474e-05,612,0.9182490081332855,1.1039075439009551,1.7730765719981567,1.7948372032547295,1.7953079453606118,0.20588235294117646,0.0,0.0,0.4402529590196299,0.48337340694239034,0.7545140974097198,0.7719557803597465,0.7799477987292083,506.1849775314331,1
halbach_3seg,38,0,0,0.0,32.908965343808674,-32.908965343808674,61.59507543503628,1.6209230377641126,1.1216831973924692,178.03090402951952,0.815090935124028,1.40744549589067,0.23683719073939205,0.00010180568120088112,0.1857785236079098,1.8171925679505903e-05,2.8596702030843914e-05,612,0.9205569754365962,1.1073217355877651,1.7798336732156084,1.801197730504542,1.8016315016704414,0.23529411764705882,0.029411764705882353,0.0,0.4398948522592618,0.4832065347244751,0.760119765525492,0.7731797714199401,0.7803057387997779,502.22395491600037,1
halbach_3seg,38,1,-15,-9.835123713895788,36.70518139898459,-26.870057685088806,61.91875372051011,1.6294408873818451,1.1207152703316463,163.0529931211186,0.814728456763921,1.4846997402927609,0.23869677426784275,1.5434642284579927e-05,0.18706430724412718,1.820087381629334e-05,2.8197008351716306e-05,612,0.9194727693205885,1.1110007000776358,1.7783634870888194,1.7799545140155548,1.7800103014149358,0.20588235294117646,0.0,0.0,0.44008010882208515,0.4828110691702479,0.7539675957751376,0.76977384472611,0.7762099413334923,498.13996624946594,1
halbach_3seg,38,2,-30,-18.999999999999996,38.0,-19.000000000000014,60.34439667946798,1.5880104389333678,1.1214314713860012,148.06178425531274,0.8149486513017443,1.4130973077530025,0.23705946640946204,7.572824009606437e-05,0.1863487902569807,1.818448390191347e-05,2.790503921057601e-05,612,0.9245728221590824,1.1057941612081372,1.7642866282187601,1.767380156000017,1.7675871110780899,0.23529411764705882,0.0,0.0,0.43870184493911624,0.48212421742916073,0.7438252459227407,0.77421809471518,0.7742868815015207,466.2674369812012,1
halbach_3seg,38,3,-45,-26.870057685088806,36.70518139898459,-9.835123713895799,62.41688638354818,1.6425496416723206,1.1202012894708473,133.0169262468357,0.8142510063924778,1.48845104952191,0.23813170748557105,4.234599133876148e-05,0.18656451816318795,1.8043380013278074e-05,2.8154158143920832e-05,612,0.9039906501277792,1.1015103816973724,1.7490329988267082,1.8069359600796335,1.8075792752112612,0.2647058823529412,0.029411764705882353,0.0,0.4401711703389182,0.48260725645658825,0.7300688513531206,0.7468187715240372,0.7497039386143792,484.7312607765198,1
halbach_3seg,38,4,-60,-32.90896534380867,32.90896534380867,-4.653657836759942e-15,61.51465122993076,1.6188066113139674,1.121750860017043,118.05068873472663,0.8150952440942159,1.408982628954579,0.23659166627912545,3.1156600242163466e-05,0.18575863714632668,1.8127914515669092e-05,2.812427227420671e-05,612,0.921042016373747,1.1074444086499944,1.779809953506621,1.8011983350952085,1.8015975747829929,0.23529411764705882,0.029411764705882353,0.0,0.4389129365369244,0.48129222876166294,0.7520063847313005,0.76923279380746,0.7732533206452522,499.5763461589813,1
halbach_3seg,38,5,-75,-36.70518139898459,26.8700576850888,9.835123713895774,61.88524973938947,1.628559203668144,1.1208709282637153,103.05056870322743,0.8148243674864168,1.4903373054007085,0.23860304363128068,9.844000513145125e-05,0.18687779178740677,1.822071610534538e-05,2.8424109646080963e-05,612,0.9197150444996615,1.111116351723301,1.7783438905401996,1.779990682867721,1.7801125847379302,0.20588235294117646,0.0,0.0,0.4412729209161714,0.483504192072394,0.744327494198767,0.7608283038044623,0.7691084390435745,509.9935977458954,1
halbach_3seg,38,6,-90,-38.0,18.999999999999993,18.99999999999999,60.40182785429313,1.589521785639293,1.1216050315137125,88.05867473778498,0.8150407066933587,1.4128044395660713,0.2368731469473324,0.00010454770350692891,0.18633076824858205,1.8148971474477285e-05,2.864798843263362e-05,612,0.9245112220025,1.1055608687830507,1.764224054710894,1.7674087979729822,1.7675537787111073,0.23529411764705882,0.0,0.0,0.43934605362542645,0.4823304438713452,0.7426150513566792,0.7833326031516701,0.7878017562706682,542.2496771812439,1
halbach_3seg,38,7,-105,-36.70518139898459,9.835123713895777,26.870057685088803,62.41490375190887,1.6424974671554964,1.1197081987046438,73.02592674655953,0.8138345576306701,1.4903676355027227,0.23781512470935523,8.130354935637073e-05,0.1862034509520641,1.81456467933452e-05,2.823181086014906e-05,612,0.9036980349515522,1.101300622864104,1.7489291952901937,1.8068319063899212,1.8075220933859164,0.2647058823529412,0.029411764705882353,0.0,0.43946461545144433,0.48196266633242846,0.7315180107011774,0.7427852166324784,0.7445547909532306,507.0971772670746,1
halbach_3seg,38,8,-120,-32.908965343808674,0.0,32.90896534380866,61.49152543533858,1.618198037772068,1.1213487122128545,58.03729561082471,0.8148542248741689,1.4078868134531919,0.23687193657911326,3.558156625976386e-05,0.1858213595162023,1.8160772111979366e-05,2.8707863315426232e-05,612,0.9206068459368103,1.1073484037876058,1.7797899878886447,1.8011561206453917,1.801592640128423,0.23529411764705882,0.029411764705882353,0.0,0.43893677190794006,0.48214288404747035,0.759619797417205,0.7725780827317348,0.7795786855978116,528.4726126194,1
halbach_3seg,38,9,-135,-26.870057685088806,-9.835123713895795,36.70518139898459,61.91240002564874,1.6292736848854932,1.1211397913652343,43.04997987395317,0.8150949044290647,1.4894555336374264,0.23901078528579245,6.138394838169793e-05,0.18733567451125496,1.8111058837731653e-05,2.88352637249551e-05,612,0.9197792591050299,1.1112880941381003,1.7783747482783416,1.7799296917825265,1.7800865276408961,0.20588235294117646,0.0,0.0,0.44086239340861455,0.4830359754723064,0.7522696569456564,0.7644615806113201,0.7716508930322531,509.11271619796753,1
halbach_3seg,38,10,-150,-18.999999999999996,-19.000000000000007,38.0,60.41271130766387,1.589808192306944,1.1215287639075662,28.0721584218524,0.814967341061135,1.4132711427375928,0.23677496771987247,0.00012028111727235255,0.1862686654776692,1.8185597335903244e-05,2.8166126347570492e-05,612,0.9235909856437562,1.1051416799889786,1.7643052141896478,1.7674161329165163,1.767673047222139,0.23529411764705882,0.0,0.0,0.43896298399077344,0.4811819876290959,0.744374453282846,0.7807148777823544,0.7861270724286075,516.3540649414062,1
halbach_3seg,38,11,-165,-9.835123713895799,-26.870057685088806,36.7051813989846,62.3849547579281,1.64170933573495,1.1198177738649457,13.021801780322638,0.8139080097229875,1.4890365336925548,0.2377813317918451,0.00014615847448169798,0.1863043307445001,1.8171082278371727e-05,2.7609364873566663e-05,612,0.9033970847793437,1.1013381441781775,1.7490310600637742,1.8068766836487067,1.8076147595411538,0.2647058823529412,0.029411764705882353,0.0,0.4401523204766582,0.48221414710214566,0.7279268111407535,0.7446627780917394,0.7459854010603596,522.8417201042175,1
halbach_3seg,38,12,-180,-4.653657836759942e-15,-32.908965343808674,32.90896534380868,61.50449213320029,1.6185392666631655,1.121576867989955,-1.9635687408922697,0.8150271622020256,1.4074657006794065,0.23691102617588292,6.744149184043177e-05,0.18587962695319085,1.8151398794952447e-05,2.8536744151947066e-05,612,0.9208158004334575,1.1075416092124137,1.7798687563273092,1.8012089634532324,1.801677340066088,0.23529411764705882,0.029411764705882353,0.0,0.4403449023491321,0.4835207742537035,0.7578756594951005,0.7739759050731211,0.7820044713441227,497.83676862716675,1
halbach_3seg,40,0,0,0.0,34.64101615137755,-34.64101615137755,64.3671405575337,1.6091785139383425,1.1215600986796166,177.94323476736295,0.8150324247884763,1.4082952903022943,0.2370064249525648,0.000101977333242019,0.18550213935824136,1.817248858716532e-05,2.8686330131340108e-05,612,0.9230312199942087,1.111053241141002,1.786445340676095,1.8073559260287992,1.8077894163104946,0.23529411764705882,0.029411764705882353,0.0,0.4399870105998783,0.48336157341228836,0.7622156051166463,0.7751978833104066,0.7823306617084013,539.6813144683838,1
halbach_3seg,40,1,-15,-10.35276180410083,38.63703305156273,-28.284271247461902,64.6755331672146,1.6168883291803648,1.12057042985027,162.96505518919508,0.8146524467137992,1.4869588061904246,0.23885591033059672,1.5222118121863422e-05,0.18683411207314082,1.8200527113708424e-05,2.8255818326218725e-05,612,0.9243686665511147,1.1144643030637376,1.7840742597641701,1.786889036798318,1.7873081347823023,0.20588235294117646,0.0,0.0,0.4401290022336694,0.4829206137117349,0.7550877529850858,0.7713600474389032,0.7777222541034202,506.22613167762756,1
halbach_3seg,40,2,-30,-19.999999999999996,40.0,-20.000000000000014,63.09188474669348,1.577297118667337,1.1212273385560831,147.97321548207412,0.8148274526732692,1.4140428558664035,0.2372078567268393,7.547989002657513e-05,0.18608418579134095,1.818258346316912e-05,2.7942188404285372e-05,612,0.9264836439452525,1.1086124770388943,1.769204548837368,1.7701985451230924,1.770399217508696,0.23529411764705882,0.0,0.0,0.43872244443445935,0.482175672826397,0.7473481468132054,0.7746784648471999,0.7747433136016191,455.2964253425598,1
halbach_3seg,40,3,-45,-28.284271247461902,38.637033051562724,-10.35276180410084,65.24859734728574,1.6312149336821435,1.1200149951343106,132.92591367686538,0.8141370685133197,1.4908941222635086,0.23824873707209054,4.166233014559601e-05,0.18628036011403223,1.8042372142830245e-05,2.823063673199914e-05,612,0.9073588834801432,1.1047648409460917,1.7587020754772948,1.8161661403671752,1.81681443250225,0.2647058823529412,0.029411764705882353,0.0,0.44018587198788106,0.4827072038334398,0.7326470144251036,0.7487950711683811,0.7516464996153153,491.4114248752594,1
halbach_3seg,40,4,-60,-34.64101615137754,34.64101615137754,-4.898587196589413e-15,64.28618410026549,1.6071546025066372,1.1216271701473883,117.96308632163884,0.815036196213221,1.4098312325471698,0.2367604385571013,3.108766394851129e-05,0.18548274647741714,1.8129149170073055e-05,2.821140668959251e-05,612,0.923518971374793,1.1111830575240225,1.7864223085393798,1.8073577233400449,1.8077546899493044,0.23529411764705882,0.029411764705882353,0.0,0.4390136794185535,0.4814651138726086,0.7523771597641372,0.7712566314183297,0.775274660286385,509.164183139801,1
halbach_3seg,40,5,-75,-38.63703305156273,28.284271247461895,10.352761804100814,64.64240856370631,1.6160602140926579,1.1207276071420047,102.96264480219186,0.8147497321656595,1.4926179801387072,0.23876367257874523,9.852656315512991e-05,0.18664803374358957,1.8220564338783964e-05,2.846981222624476e-05,612,0.9245643792764676,1.1145699199965686,1.7840699356581937,1.7868657047460552,1.787505653286824,0.20588235294117646,0.0,0.0,0.4413237281653562,0.48361398245617976,0.7454690513551672,0.7624038514164345,0.7707301185255694,509.4899535179138,1
halbach_3seg,40,6,-90,-40.0,19.999999999999993,19.99999999999999,63.14950401635466,1.5787376004088665,1.121400402605267,87.97009447414948,0.8149188177175641,1.4137663715155515,0.23701978727496895,0.00010421125950674131,0.18606540554781043,1.8147138553666256e-05,2.870201971503359e-05,612,0.9264384602450607,1.108377474939317,1.7691480600231275,1.7702290245811403,1.7703670666263815,0.23529411764705882,0.0,0.0,0.4393550907913334,0.4823741515795551,0.7461453461616008,0.7838386380426396,0.7882472769254548,539.7347552776337,1
halbach_3seg,40,7,-105,-38.63703305156273,10.352761804100819,28.2842712474619,65.24861840008992,1.6312154600022482,1.119521477472593,72.93491048972506,0.8137200745501555,1.4928188118700034,0.23793101845478992,8.148820245267456e-05,0.1859205587124327,1.814504086459763e-05,2.831974061493946e-05,612,0.9070724746115073,1.1045564581023175,1.7585988281431275,1.816063994041803,1.8167668862430126,0.2647058823529412,0.029411764705882353,0.0,0.4394784180806541,0.482065394161784,0.7336286316911195,0.7447832654747875,0.7465241283715731,506.7211468219757,1
halbach_3seg,40,8,-120,-34.64101615137755,0.0,34.64101615137754,64.26424032756913,1.6066060081892282,1.1212269833906536,57.94963610910476,0.8147967808014573,1.408739650587067,0.23704158853385932,3.565968131174698e-05,0.18554545578608755,1.8161630737705647e-05,2.879492863515126e-05,612,0.9230847911923465,1.1110870011377747,1.7864007153627481,1.8073044715425404,1.8077505616068965,0.23529411764705882,0.029411764705882353,0.0,0.4390291054602831,0.4823057518047038,0.7631032704670521,0.7748726597728857,0.7815744667067389,548.453622341156,1
halbach_3seg,40,9,-135,-28.284271247461902,-10.352761804100837,38.63703305156273,64.66778835441245,1.6166947088603112,1.120996083708935,42.96206522963906,0.8150203072313608,1.4917168630482889,0.23917289980625508,6.174398773126263e-05,0.1871049290654609,1.811069243024006e-05,2.889791474417883e-05,612,0.9246337715704613,1.1147460330151575,1.7840458255087444,1.7868491205912373,1.7874530435365885,0.20588235294117646,0.0,0.0,0.4409225730412284,0.48315081482976796,0.7533943457672919,0.7656904356711544,0.7732108778315805,530.8052999973297,1
halbach_3seg,40,10,-150,-19.999999999999996,-20.000000000000007,40.0,63.16013560809843,1.5790033902024607,1.121323713637134,27.983597372929164,0.8148453666072657,1.4142300383316937,0.23692286500055698,0.00011977791950109857,0.18600438294992308,1.818365701901795e-05,2.8219073185708364e-05,612,0.9254875213424523,1.107946320672333,1.7692222189566484,1.7702278510476301,1.7704842750641134,0.23529411764705882,0.0,0.0,0.43897600392047287,0.4812307320597441,0.7479578316713035,0.7811967887018867,0.7866327401553853,515.3289289474487,1
halbach_3seg,40,11,-165,-10.35276180410084,-28.284271247461902,38.63703305156274,65.21853592320961,1.6304633980802403,1.1196315358726554,12.930784662363145,0.813793785808687,1.4914744548414571,0.2378967216489749,0.0001463521872629237,0.18602114496540076,1.8170143908648548e-05,2.7686040867881733e-05,612,0.9067599521510008,1.104590807117854,1.7587003680649178,1.8161096985762348,1.8168553264644738,0.2647058823529412,0.029411764705882353,0.0,0.44016266116609887,0.4823095018763935,0.7295710674459301,0.7466304320270218,0.7479963439294347,533.3532421588898,1
halbach_3seg,40,12,-180,-4.898587196589413e-15,-34.64101615137755,34.64101615137756,64.27724286452393,1.6069310716130982,1.121453790745032,-2.051266749423628,0.814968490421618,1.4083147745633267,0.23707926696638598,6.731821098227457e-05,0.185602725627627,1.815195999473857e-05,2.8626426789956335e-05,612,0.923290927222387,1.1112745739941388,1.7864811898801463,1.8073676582305833,1.8078332733918814,0.23529411764705882,0.029411764705882353,0.0,0.4404422361653682,0.4836796400232199,0.7612612600262568,0.7759661238449842,0.7840334076922788,507.1763575077057,1
halbach_3seg,42,0,0,0.0,36.373066958946424,-36.373066958946424,67.11526599980817,1.5979825238049565,1.1214264796782891,177.85623958091122,0.8149687012516278,1.4090758174819218,0.23718887221392643,0.00010214644355960897,0.18521813813195911,1.8173066503871173e-05,2.877555709282329e-05,612,0.9254182666318657,1.1148842426731989,1.7928876704717693,1.8133143752732273,1.813746832726249,0.23529411764705882,0.029411764705882353,0.0,0.44008493996453507,0.4835285170773074,0.7644682513260381,0.7771727093735521,0.7843125576282166,558.1944508552551,1
halbach_3seg,42,1,-15,-10.870399894305871,40.56888470414087,-29.698484809834998,67.35358408456324,1.6036567639181722,1.1204150622888716,162.87943461463476,0.8145690517378484,1.4890032323929023,0.2390164452091789,1.5010966020435842e-05,0.1865947911874437,1.819992087055578e-05,2.8316617826532953e-05,612,0.9292380528218187,1.1178318701727188,1.788250387072865,1.7946321671095564,1.7950548562511794,0.20588235294117646,0.0,0.0,0.44017327670301704,0.4830235283866563,0.7559183257601636,0.7726483489403174,0.7789391294174524,524.5637755393982,1
halbach_3seg,42,2,-30,-20.999999999999996,42.0,-21.000000000000014,65.82294860822401,1.5672130621005718,1.1210037835599773,147.8849452862875,0.8146943645811897,1.414913857547683,0.23736837096240768,7.523093398690525e-05,0.18581065156797769,1.8180517304030628e-05,2.7979094412289196e-05,612,0.928260749434726,1.1114734841912208,1.7727462460674557,1.7741737102438038,1.7744335735761374,0.23529411764705882,0.0,0.0,0.43874423791504424,0.4822348311179954,0.7510142848736819,0.7751480405732875,0.7752092762442169,486.4489703178406,1
halbach_3seg,42,3,-45,-29.698484809834998,40.568884704140864,-10.870399894305883,67.99773430327085,1.6189936738874011,1.1198195393866526,132.83734189244475,0.8140168271617672,1.4931135764864365,0.23836769080731546,4.098594579692563e-05,0.1859857636501233,1.8041297330473938e-05,2.8308416765143644e-05,612,0.9107759110034616,1.1079419357679416,1.7679363204189733,1.8247873569700215,1.8254358827325943,0.2647058823529412,0.029411764705882353,0.0,0.4401974055315855,0.48280389961689335,0.7349276536914444,0.7507887246584993,0.7536150411724788,489.24490332603455,1
halbach_3seg,42,4,-60,-36.373066958946424,36.373066958946424,-5.143516556418883e-15,67.0337168753214,1.5960408779838429,1.121492901767803,117.87616054502517,0.8149718857652741,1.4106106738340916,0.23694239584092883,3.102792253673309e-05,0.1851992721255091,1.8130427445089978e-05,2.8298064770243435e-05,612,0.9259081673812728,1.1150209694486737,1.792865688040337,1.813317467507206,1.8137116248140217,0.23529411764705882,0.029411764705882353,0.0,0.4391196793521609,0.4816503057637047,0.7559459735892632,0.773250549805125,0.7772688415401673,520.7413647174835,1
halbach_3seg,42,5,-75,-40.56888470414087,29.698484809834987,10.870399894305855,67.32069086340668,1.6028735919858734,1.1205736067150387,102.87704068010915,0.8146675616333291,1.494683140654123,0.2389254826605007,9.859506082971168e-05,0.18640903551025734,1.822012140550575e-05,2.851502817058361e-05,612,0.9293849927367455,1.1179267168149278,1.7882392593423642,1.7946034922266887,1.7952383707389425,0.20588235294117646,0.0,0.0,0.4413678662034323,0.48371635449522116,0.7463079073951718,0.7636743486710564,0.7720500283736358,525.4496624469757,1
halbach_3seg,42,6,-90,-42.0,20.999999999999993,20.99999999999999,65.88078031819634,1.5685900075761035,1.1211763817461136,87.8818111783329,0.8147850676487023,1.4146523485732279,0.2371785920870216,0.00010385356736518451,0.18579107061542222,1.814515411400042e-05,2.875578199978807e-05,612,0.9282326094278117,1.1112366845195887,1.7728719254122658,1.774165980550487,1.7744842764997346,0.23529411764705882,0.0,0.0,0.4393651581305708,0.4824255244383463,0.7498193632921308,0.7843533020476544,0.7887012506791575,546.0170307159424,1
halbach_3seg,42,7,-105,-40.56888470414087,10.870399894305859,29.698484809834994,67.9996662496272,1.6190396726101715,1.1193256461659118,72.84633614021189,0.8135993469983505,1.4950459654404273,0.2380489560748702,8.165531422390742e-05,0.18562725184200668,1.8144342811758795e-05,2.8407694161674503e-05,612,0.9104917920455055,1.1077343168802491,1.767834086115398,1.8246864243431788,1.8253970002879754,0.2647058823529412,0.029411764705882353,0.0,0.43948879704190014,0.48216505491852,0.7358492064728536,0.746804890050437,0.7485143909631715,514.6023030281067,1
halbach_3seg,42,8,-120,-36.373066958946424,0.0,36.37306695894642,67.01296415509877,1.59554676559759,1.1210946988084636,57.86265249611479,0.8147340899732588,1.4095231361603826,0.23722441256187363,3.573492677807763e-05,0.18526196596767516,1.8162486130158294e-05,2.888133623208212e-05,612,0.9254747576951798,1.114924346518996,1.7928422442076364,1.8132526586051816,1.8137076577236368,0.23529411764705882,0.029411764705882353,0.0,0.4391258905583039,0.4824806214258717,0.7666252531635387,0.7769845790491772,0.7843344064205839,565.2228691577911,1
halbach_3seg,42,9,-135,-29.698484809834998,-10.870399894305878,40.56888470414087,67.34450467609034,1.6034405875259605,1.1208418255561445,42.876466947616045,0.8149382734921253,1.4937650138457736,0.2393362230368434,6.210919206079892e-05,0.18686506428133254,1.811006274697879e-05,2.89623438725617e-05,612,0.9294581107428812,1.1181070448146437,1.788227879223069,1.7945888777077925,1.7951864408630793,0.20588235294117646,0.0,0.0,0.4409771623290284,0.48325782767037284,0.7542275601656161,0.766629529471857,0.7744738491282362,528.683509349823,1
halbach_3seg,42,10,-150,-20.999999999999996,-21.00000000000001,42.0,65.8911011115446,1.5688357407510618,1.1210992406581588,27.895335940409083,0.8147115109906178,1.415113708312107,0.2370829421427709,0.00011927931532309768,0.1857312250204067,1.8181567210717987e-05,2.827177331435856e-05,612,0.927253149460014,1.1107947344679088,1.7728100916313865,1.7741609228311184,1.7744881048822931,0.23529411764705882,0.0,0.0,0.43899003594307956,0.4812871140103743,0.7516330265088261,0.7816267871474635,0.7872056905394307,541.1029055118561,1
halbach_3seg,42,11,-165,-10.870399894305883,-29.698484809834998,40.56888470414087,67.96943277293184,1.6183198279269486,1.1194361979243699,12.8422096113611,0.8136733326863268,1.4936938342438553,0.23801419850869515,0.00014654059046839712,0.18572754252967613,1.816905629891212e-05,2.7763797871772982e-05,612,0.910168580470214,1.1077667361196062,1.7679348271512587,1.8247329719664018,1.8254810492001772,0.2647058823529412,0.029411764705882353,0.0,0.4401683345154778,0.48240149151628814,0.7312244836931577,0.7486227666638722,0.7500265984496345,509.64529728889465,1
halbach_3seg,42,12,-180,-5.143516556418883e-15,-36.373066958946424,36.37306695894644,67.02606305717524,1.595858644218458,1.1213201873630718,-2.1382904662314015,0.8149045998732618,1.4090946227811985,0.23726071289864786,6.717506927998078e-05,0.18531820003107144,1.8152539651240424e-05,2.8715679612119523e-05,612,0.9256790544961332,1.1151072783990317,1.792924352552077,1.8133265887029235,1.8137888128098878,0.23529411764705882,0.029411764705882353,0.0,0.4405453947308021,0.4838505302821784,0.764632990405384,0.7779342459481475,0.7860331481422492,505.3671450614929,1
halbach_3seg,44,0,0,0.0,38.105117766515306,-38.105117766515306,69.84066588987427,1.5872878611335062,1.1212827352332209,177.76987873283508,0.8149001215698789,1.4097926658444675,0.23738489638349777,0.00010230415521514045,0.1849269760114383,1.817367268361523e-05,2.8864267772328128e-05,612,0.9277236015391922,1.1188149778399588,1.7991698407026346,1.8190839983618012,1.8195142184733186,0.23529411764705882,0.029411764705882353,0.0,0.4401889893523129,0.48370773346948837,0.7680699489232568,0.779971222931387,0.7862625795621615,526.7308626174927,1
halbach_3seg,44,1,-15,-11.388037984510913,42.500736356719,-31.112698372208094,69.96344612378611,1.590078320995139,1.1202500970935525,162.79581719811722,0.8144791815500849,1.4908704142361402,0.23917965108307065,1.4789919159895579e-05,0.18634764914063243,1.8199097064793038e-05,2.8379051633326914e-05,612,0.9339587317526062,1.1211299454769565,1.7923713093937994,1.8019176062439124,1.8023424183100956,0.20588235294117646,0.029411764705882353,0.0,0.4402141709720789,0.48312207246373745,0.7564983252162903,0.7736805768584807,0.7799112051921845,524.3372611999512,1
halbach_3seg,44,2,-30,-21.999999999999996,44.0,-22.000000000000014,68.53817678209283,1.5576858359566552,1.12076206128256,147.79696080360043,0.8145503988099646,1.4157161872198227,0.23754154615248055,7.500092435656851e-05,0.1855288996608588,1.817831938634467e-05,2.8015718112873885e-05,612,0.929911013003631,1.114387828577791,1.7757781762880003,1.7788178383279454,1.7790767681803692,0.23529411764705882,0.0,0.0,0.4387682760512664,0.48230324488486975,0.7548121306001799,0.7756271456449463,0.77568558258613,492.94077610969543,1
halbach_3seg,44,3,-45,-31.112698372208094,42.500736356719,-11.388037984510925,70.67549854666746,1.6062613306060785,1.1196157321745006,132.75087722745334,0.8138910912389224,1.4951430083009574,0.23848976845792869,4.031750516087742e-05,0.18568193547116968,1.8040173972051053e-05,2.838734348413947e-05,612,0.9143574457984451,1.1110707458207902,1.7767767101336291,1.8328817613748933,1.8335268837318495,0.2647058823529412,0.029411764705882353,0.0,0.44020680092172737,0.4828989402142439,0.736918232858099,0.7527968721563065,0.7555985292266961,490.3932900428772,1
halbach_3seg,44,4,-60,-38.1051177665153,38.1051177665153,-5.3884459162483544e-15,69.75852901538447,1.5854211139860106,1.1213484194280088,117.7898686197442,0.8149026495526563,1.411326694879739,0.23713791219374789,3.09771494475766e-05,0.1849086374179004,1.8131752393767538e-05,2.8384191491127918e-05,612,0.9282155108319321,1.1189583985380298,1.7991487413885892,1.8190882283169028,1.8194787659759608,0.23529411764705882,0.029411764705882353,0.0,0.43923103035632693,0.4818479666023799,0.7595404548483224,0.7752136684804397,0.7792363137340372,530.7279872894287,1
halbach_3seg,44,5,-75,-42.500736356719,31.112698372208083,11.388037984510895,69.93066985072196,1.5893334056982262,1.120409824146384,102.79344072820595,0.8145787316702222,1.4965624311780428,0.23908969001218872,9.864594371677014e-05,0.1861620610781855,1.8219433549476416e-05,2.8559722126368768e-05,612,0.9340614851781242,1.1212140382418354,1.792351853171517,1.8018840711991309,1.8025123759458157,0.20588235294117646,0.029411764705882353,0.0,0.44140684657993384,0.4838135856346618,0.7468944217092727,0.7646905306748533,0.773118155738497,526.7625041007996,1
halbach_3seg,44,6,-90,-44.0,21.999999999999993,21.99999999999999,68.5962178785698,1.5590049517856774,1.1209342049010214,87.79381300336856,0.8146404544439306,1.4154685363348218,0.23735009862854523,0.00010348527686076343,0.18550845717836892,1.8143053469022547e-05,2.880922091634716e-05,612,0.9298996211615289,1.1141490384126438,1.7757733614477147,1.778801574023364,1.779119784167645,0.23529411764705882,0.0,0.0,0.43937735853419563,0.48248615115657845,0.7536244378437105,0.7848786627382989,0.789166590022287,548.9360814094543,1
halbach_3seg,44,7,-105,-42.500736356719,11.3880379845109,31.112698372208087,70.67925503229553,1.6063467052794438,1.119121505678347,72.75986968057892,0.8134731716528327,1.4970825280702178,0.23817010871603475,8.180794897798036e-05,0.1853247215489868,1.814357550100582e-05,2.8495730880881686e-05,612,0.9140733690340144,1.1108630905663588,1.7766758742707536,1.8327827476037941,1.8334957806209724,0.2647058823529412,0.029411764705882353,0.0,0.4394967203922627,0.48226318961755577,0.7378524975715101,0.7488369671483949,0.7505254308216401,512.9455859661102,1
halbach_3seg,44,8,-120,-38.105117766515306,0.0,38.10511776651529,69.73897355536566,1.584976671712856,1.1209522426820822,57.77630261679413,0.8146665020871796,1.410242733689591,0.2374207745708132,3.580533682604653e-05,0.1849713158533551,1.816335004155985e-05,2.8967103920440845e-05,612,0.9277827979631782,1.1188608210894206,1.799123660561294,1.8190119951931731,1.8194752611453684,0.23529411764705882,0.029411764705882353,0.0,0.4392273129884362,0.48266775787097216,0.7701058663939861,0.7789365903213772,0.7877450918999319,555.0317199230194,1
halbach_3seg,44,9,-135,-31.112698372208094,-11.38803798451092,42.500736356719,69.95311084615395,1.5898434283216807,1.1206779480125462,42.792869680752126,0.8148497201409117,1.4956323664628521,0.23950205767667157,6.247843935427332e-05,0.18661738863401986,1.810921558022298e-05,2.9028139972459466e-05,612,0.9341375648737906,1.1213983892690813,1.792358700309337,1.8018722297599463,1.8024613163887748,0.20588235294117646,0.029411764705882353,0.0,0.4410274927511692,0.4833594180337493,0.7548158749686771,0.7673238468096308,0.7754841946624796,530.4298503398895,1
halbach_3seg,44,10,-150,-21.999999999999996,-22.00000000000001,44.0,68.6061683892663,1.5592310997560523,1.1208566086303904,27.807362083532997,0.8145667898586391,1.4159282781121758,0.23725572330192077,0.00011878564750438086,0.1854499015693926,1.8179346584089885e-05,2.832407938288966e-05,612,0.9288945576685178,1.1136974921888545,1.7757936904913911,1.7787989235348813,1.7791264444115307,0.23529411764705882,0.0,0.0,0.4390064023963352,0.4813528446631404,0.7554931565589277,0.7821234151588674,0.7877344962652111,532.1378235816956,1
halbach_3seg,44,11,-165,-11.388037984510925,-31.112698372208094,42.50073635671901,70.64884758938761,1.6056556270315367,1.1192325524466407,12.755742702502538,0.8135474382108822,1.4957268235991865,0.23813491899338818,0.0001467325413914308,0.18542470806751782,1.816785235358823e-05,2.7842512459423457e-05,612,0.9137401632819347,1.1108943694847386,1.7767760043118253,1.8328291994386312,1.8335752140022081,0.2647058823529412,0.029411764705882353,0.0,0.4401705128966802,0.4824917054207467,0.7330370259079735,0.750632936304339,0.7520709547442815,506.8548061847687,1
halbach_3seg,44,12,-180,-5.3884459162483544e-15,-38.105117766515306,38.10511776651532,69.75216868262102,1.5852765609686594,1.1211764527966697,-2.2246795392691308,0.8148358482326018,1.4098108458554777,0.23745573084376265,6.701644783977989e-05,0.18502650868067932,1.815315115014022e-05,2.8804444728102595e-05,612,0.9279856648565079,1.1190399731370984,1.7992076079477308,1.8190964216827892,1.819554379614615,0.23529411764705882,0.029411764705882353,0.0,0.440654728516677,0.48403377432978195,0.7680140901290524,0.7808695973435877,0.7879841711928383,514.6568067073822,1
halbach_3seg,46,0,0,0.0,39.83716857408418,-39.83716857408418,72.54409904189961,1.5770456313456438,1.1211292484691382,177.68412599596513,0.8148270157299197,1.4104509346781082,0.23759475746230024,0.00010244702002618277,0.18462910838686059,1.8174317363683096e-05,2.8952414197657133e-05,612,0.9299468745948318,1.1228445370538256,1.8052999348023158,1.8246736767923952,1.8251003405185002,0.23529411764705882,0.058823529411764705,0.0,0.440299466500815,0.48389946083389274,0.7716890611617608,0.782601255410749,0.7881838729040662,559.5998179912567,1
halbach_3seg,46,1,-15,-11.905676074715954,44.43258800929714,-32.526911934581186,72.51295023927972,1.5763684834626026,1.1200762381150036,162.71396820371518,0.8143835193309725,1.4925807809588192,0.2393464580625227,1.4564413725556787e-05,0.1860936412605767,1.8198088658937506e-05,2.8442738916157912e-05,612,0.9385033670325621,1.1243791062108728,1.796431143633185,1.8088057184688724,1.8092315264189978,0.23529411764705882,0.029411764705882353,0.0,0.4402526956188872,0.48321811716836816,0.7568711394013923,0.7744859725283042,0.7806568047827214,520.3205132484436,1
halbach_3seg,46,2,-30,-22.999999999999996,46.0,-23.000000000000014,71.23726943663814,1.5486362921008292,1.120503675254831,147.709281074082,0.8143967214535013,1.4164552603217664,0.2377277728335681,7.478910596526753e-05,0.18523968127496518,1.8176024699785467e-05,2.8051998560969887e-05,612,0.9314419526075619,1.117365464607258,1.7831436101522493,1.789635471948279,1.7903760762812162,0.23529411764705882,0.0,0.0,0.43879552238769887,0.4823822576141596,0.7587286592854484,0.7761146912360495,0.7761702798834315,492.539874792099,1
halbach_3seg,46,3,-45,-32.526911934581186,44.432588009297135,-11.905676074715966,73.29092785872213,1.5932810404070028,1.1194042377702678,132.66625021546872,0.8137605366540955,1.4970094096396918,0.2386160205547983,3.965919713676087e-05,0.1853698360422349,1.8039019857406546e-05,2.8467276847324156e-05,612,0.9179767583818534,1.1141712589715684,1.785257872129394,1.840511356706339,1.8411508920159443,0.2647058823529412,0.029411764705882353,0.0,0.4402150701236621,0.48299390384691654,0.7387226765183356,0.7548137269171005,0.7575921379178834,501.39778113365173,1
halbach_3seg,46,4,-60,-39.837168574084174,39.837168574084174,-5.633375276077825e-15,72.46132339460448,1.5752461607522712,1.121194118314122,117.70418607083593,0.8148288269645132,1.4119844931767196,0.237347251579484,3.093163113330344e-05,0.18461128044468642,1.8133127674342423e-05,2.8469736420420305e-05,612,0.9304400136538614,1.1229941675129191,1.805279273940781,1.8246788052579008,1.825064774057004,0.23529411764705882,0.058823529411764705,0.0,0.4393478790295401,0.48205818854193316,0.7631522713260903,0.7771486769784215,0.7811751536322515,532.834760427475,1
halbach_3seg,46,5,-75,-44.43258800929714,32.52691193458118,11.905676074715936,72.48020366034012,1.575656601311742,1.1202369664896321,102.71160957870477,0.8144839295642108,1.4982779714212668,0.2392572351228066,9.867810371899064e-05,0.18590806841056967,1.821853891006406e-05,2.860385831464709e-05,612,0.9385675627449498,1.1244527946638596,1.7964097373914052,1.8087673540491405,1.809387891235057,0.23529411764705882,0.029411764705882353,0.0,0.44144188926187977,0.48390764952297344,0.7472624645504438,0.7654861626275122,0.7739679525835286,531.9771635532379,1
halbach_3seg,46,6,-90,-46.0,22.999999999999993,22.999999999999986,71.29555078177273,1.5499032778646247,1.1206753619715986,87.70611801988689,0.8144861354573277,1.416220414835773,0.23753470440298227,0.00010310781288871341,0.1852183021599804,1.8140873690918074e-05,2.886225227554973e-05,612,0.9314461202545313,1.1171245243153087,1.7830990742532804,1.7896121169233592,1.7903257007336943,0.23529411764705882,0.0,0.0,0.4393927233269793,0.48255742103952914,0.7575479509933353,0.7854123648068856,0.7896406835044825,556.7922871112823,1
halbach_3seg,46,7,-105,-44.43258800929714,11.905676074715942,32.526911934581186,73.29644262914594,1.593400926720564,1.1189097092094842,72.67524093062896,0.8133422117419451,1.4989553881439448,0.2382955035604238,8.19494763244282e-05,0.18501391856812685,1.8142759991396214e-05,2.8583853638043065e-05,612,0.9176907947360067,1.1139628853821972,1.7851582253009843,1.8404142420146479,1.8411262110187447,0.2647058823529412,0.029411764705882353,0.0,0.4395031088575165,0.48236126542241076,0.739678613935205,0.750880274535113,0.7525480898142161,554.6798624992371,1
halbach_3seg,46,8,-120,-39.83716857408418,0.0,39.83716857408417,72.44297845527639,1.5748473577233997,1.1207999854942043,57.690562039052395,0.8145943406269909,1.4109037228782202,0.23763094926318046,3.586782701678919e-05,0.18467395028451458,1.8164234303264183e-05,2.9052194213772342e-05,612,0.9300079426816189,1.1228952796612985,1.8052525847512206,1.824591182598874,1.82506132684721,0.23529411764705882,0.058823529411764705,0.0,0.43933356033054694,0.48286733163852386,0.7724846735609567,0.780857520654054,0.7911689507421586,557.3514978885651,1
halbach_3seg,46,9,-135,-32.526911934581186,-11.905676074715961,44.43258800929714,72.50143158332011,1.5761180778982633,1.1205051821580598,42.7110395747323,0.8147553569092812,1.4973426137475963,0.2396713688840452,6.285221693788951e-05,0.18636286957403422,1.8108188255999822e-05,2.9094996839314462e-05,612,0.9386462829902135,1.1246411192594032,1.7964244266899778,1.8087591762063497,1.8093382222448304,0.23529411764705882,0.029411764705882353,0.0,0.44107461729560626,0.48345759341104666,0.755189771269162,0.7678039327727553,0.7762750660023703,533.5829298496246,1
halbach_3seg,46,10,-150,-22.999999999999996,-23.00000000000001,46.0,71.30507134225779,1.5501102465708214,1.1205973294974056,27.719693072326603,0.8144123732388518,1.4166790052900142,0.2374415878804048,0.00011829566584352245,0.1851611540995745,1.8177037438373405e-05,2.8375982153847876e-05,612,0.9304191392235133,1.1166647609597615,1.7831643763938352,1.7895253319693414,1.7903981800399895,0.23529411764705882,0.0,0.0,0.43902601039754335,0.4814292512414179,0.759471216819115,0.7826278353696061,0.7882733018855855,523.6676931381226,1
halbach_3seg,46,11,-165,-11.905676074715966,-32.526911934581186,44.43258800929715,73.26584458709205,1.5927357518933054,1.1190212299132771,12.671113019655909,0.8134167423410382,1.4975988156546338,0.23825987351658648,0.00014692354685591106,0.1851135641752588,1.816656009640086e-05,2.7922050662146083e-05,612,0.9173452667898299,1.1139935405603034,1.7852577481316958,1.840462603057604,1.841201464156787,0.2647058823529412,0.029411764705882353,0.0,0.4401702630015175,0.48258162670099947,0.734821958657761,0.7526531189934031,0.7541285159716608,503.35692048072815,1
halbach_3seg,46,12,-180,-5.633375276077825e-15,-39.83716857408418,39.837168574084195,72.45631551080724,1.5751372937132009,1.1210229679285781,-2.3104599141784745,0.8147625647323983,1.4104685305992646,0.23766458566152232,6.685318216469413e-05,0.1847281094926508,1.8153805033684744e-05,2.8892626734433174e-05,612,0.9302103800001528,1.1230717423371193,1.8053376909168806,1.8246862272400322,1.8251387723842596,0.23529411764705882,0.058823529411764705,0.0,0.4407705386184568,0.48422962792300994,0.7712490518353803,0.7839553358105116,0.7899193874827674,535.5906221866608,1
halbach_3seg,48,0,0,0.0,41.569219381653056,-41.569219381653056,75.22540933551834,1.5671960278232986,1.1209664897860958,177.5989834336921,0.8147497460630729,1.411055528724523,0.23781854341362604,0.00010256777670867105,0.18432517323761896,1.8175009361309113e-05,2.9039899590689048e-05,612,0.9320980283415995,1.1269717080705834,1.8112841257043533,1.8300905087347954,1.8305125129645625,0.23529411764705882,0.058823529411764705,0.0,0.44041664370399536,0.4841038016572761,0.7752579687909915,0.7848179201172799,0.7900781593162228,570.2421221733093,1
halbach_3seg,48,1,-15,-12.423314164920995,46.36443966187528,-33.941125496954285,75.00841083313293,1.5626752256902694,1.1198940307800131,162.63369798583497,0.8142826054246888,1.4941484501964755,0.23951764412799859,1.4329925355386607e-05,0.1858335194676743,1.8196926765600348e-05,2.8507509365425432e-05,612,0.9428716839937092,1.1275942193873958,1.8004331463626122,1.8153426663775625,1.8157683836064986,0.23529411764705882,0.058823529411764705,0.0,0.44028967990742196,0.4833133909086861,0.7570517701597075,0.7750978668478476,0.7812135813738688,522.9235262870789,1
halbach_3seg,48,2,-30,-23.999999999999996,48.0,-24.000000000000014,73.9191398224122,1.5399820796335877,1.1202301485408765,147.62194921576136,0.81423448229559,1.4171359518463589,0.2379272725892776,7.459429889810813e-05,0.18494373856534702,1.8173666464351446e-05,2.808781756932135e-05,612,0.9328600038101927,1.1204135415121153,1.7875424573793268,1.8026650679652174,1.8034323381569082,0.23529411764705882,0.029411764705882353,0.0,0.43882679041293815,0.48247297605770173,0.7627454234758737,0.776782929460563,0.7778794124472349,499.69741892814636,1
halbach_3seg,48,3,-45,-33.941125496954285,46.364439661875274,-12.42331416492101,75.85071083813357,1.580223142461116,1.1191855745777062,132.58326102185464,0.8136256891323902,1.4987330973398154,0.23874725582429723,3.901565517080605e-05,0.18505020798190455,1.803785009783687e-05,2.8547943985846966e-05,612,0.921558404577672,1.1172600863129027,1.7934077622050788,1.8477225715165757,1.8483547079077094,0.29411764705882354,0.029411764705882353,0.0,0.44022310135374815,0.4830900930823205,0.7403178361181244,0.7568068588324106,0.7596461543407036,562.4014089107513,1
halbach_3seg,48,4,-60,-41.569219381653056,41.569219381653056,-5.878304635907295e-15,75.14197080652073,1.5654577251358486,1.121030484687612,117.61911379365122,0.8147507942311755,1.4125890720649659,0.2375705152438298,3.088853251279213e-05,0.1843078070410011,1.8134557597325266e-05,2.8554643656694917e-05,612,0.932593722231284,1.1271272691874417,1.8112636160746562,1.8300964183214643,1.8304769839987107,0.23529411764705882,0.058823529411764705,0.0,0.4394704359218652,0.4822809806938597,0.7667269724893415,0.7792404878273971,0.7830844084183239,531.4258444309235,1
halbach_3seg,48,5,-75,-46.36443966187528,33.94112549695427,12.423314164920978,74.97562436002153,1.5619921741671152,1.1200555909087215,102.63135723528502,0.8143837074242083,1.4998479371409772,0.23942891415171608,9.869151222221649e-05,0.1856478167416005,1.821747096765686e-05,2.8648309445068708e-05,612,0.9429001512744372,1.127657776927544,1.8004109364425471,1.8152996660049117,1.815911341159983,0.23529411764705882,0.058823529411764705,0.0,0.44147405944446905,0.48400034948374376,0.7474344391596275,0.7660830058576112,0.7746212666820274,528.7601425647736,1
halbach_3seg,48,6,-90,-48.0,23.999999999999993,23.999999999999986,73.97768616473489,1.5412017950986436,1.1204013695506339,87.61876950870646,0.8143232543719843,1.4169130554361067,0.23773262387172575,0.0001027296494006747,0.18492135810056198,1.8138645826825004e-05,2.89147602455803e-05,612,0.932878067723372,1.1201701374619428,1.78750021045047,1.80263798430831,1.803389353284659,0.23529411764705882,0.029411764705882353,0.0,0.43941199883611437,0.4826404101637792,0.7615128556522148,0.7859887086121596,0.7901823912821004,538.677864074707,1
halbach_3seg,48,7,-105,-46.36443966187528,12.423314164920981,33.94112549695428,75.85787755847973,1.5803724491349944,1.1186907909047712,72.59225132515812,0.8132070014725251,1.5006846387554793,0.23842593468057957,8.2088069257672e-05,0.18469559635758082,1.8141913941555436e-05,2.8672094170135668e-05,612,0.9212717759948085,1.1170505995593394,1.7933091275050088,1.8476271382240896,1.8483354417660331,0.29411764705882354,0.029411764705882353,0.0,0.4395087935536809,0.48246060098389026,0.7413502239707328,0.7529316115319872,0.7545785287987707,538.965980052948,1
halbach_3seg,48,8,-120,-41.569219381653056,0.0,41.56921938165305,75.12485536327193,1.5651011534014987,1.1206384137604766,57.6054313112227,0.8145179793437806,1.411510907839506,0.23785502300552577,3.593225470791282e-05,0.1843704618028411,1.8165156056860522e-05,2.913662726067456e-05,612,0.9321631071277333,1.1270268986566068,1.8112361054489226,1.8300046265918786,1.83047425480202,0.23529411764705882,0.058823529411764705,0.0,0.4394448137718294,0.4830793995950543,0.774400006293906,0.7827510895894496,0.7945985674891152,561.2061667442322,1
halbach_3seg,48,9,-135,-33.941125496954285,-12.423314164921003,46.36443966187528,74.99580228449781,1.5624125475937045,1.12032408301581,42.630786688420464,0.8146557381444689,1.4989144500453473,0.2398449713393272,6.322849946739823e-05,0.186102273500312,1.8107012576154058e-05,2.9162691203944764e-05,612,0.9429809974166566,1.1278499595270564,1.800433412536549,1.8152959066512335,1.815863414741815,0.23529411764705882,0.058823529411764705,0.0,0.4411194457615993,0.48355416913299165,0.7553666737525123,0.7680878335190153,0.7768799563797487,528.9312746524811,1
halbach_3seg,48,10,-150,-23.999999999999996,-24.00000000000001,48.0,73.98668936556288,1.54138936178256,1.1203228746334546,27.63237318867826,0.8142493718636696,1.4173708448051512,0.23764074997379966,0.00011781092629612426,0.18486570253469967,1.817467251815107e-05,2.8427328430694103e-05,612,0.9318325163594976,1.119703141624239,1.7875698872321395,1.8025611809910544,1.8034594972899562,0.23529411764705882,0.029411764705882353,0.0,0.43904968793649285,0.4815174434876393,0.7635530696188954,0.783141100969082,0.7888200473738446,511.7387557029724,1
halbach_3seg,48,11,-165,-12.42331416492101,-33.941125496954285,46.36443966187528,75.82705726996244,1.579730359790884,1.1188027335994242,12.588122717535256,0.8132817534791645,1.4993285104403746,0.2383898378850057,0.00014711757413458975,0.18479485134359402,1.8165202664963807e-05,2.8002325717339744e-05,612,0.9209171229514342,1.1170813642607824,1.7934083374405707,1.8476782238043052,1.8484069083226808,0.29411764705882354,0.029411764705882353,0.0,0.44016852675396323,0.4826725939956626,0.7364514464410672,0.7546815269433317,0.7561940897285471,501.128134727478,1
halbach_3seg,48,12,-180,-5.878304635907295e-15,-41.569219381653056,41.56921938165307,75.13836186508044,1.5653825388558424,1.1208601983018747,-2.3956297687667294,0.8146851096951963,1.4110725736819436,0.23788737371562388,6.669359535045984e-05,0.18442363798848024,1.8154509322179222e-05,2.8980117541022034e-05,612,0.9323629903189194,1.1272013611256637,1.8113216736209794,1.830102955950818,1.8305492307043636,0.23529411764705882,0.058823529411764705,0.0,0.4408930732592594,0.48443817344593654,0.7732581362472112,0.787017828884591,0.7918490463199879,532.5393583774567,1
halbach_3seg,50,0,0,0.0,43.30127018922194,-43.30127018922194,77.883156751423,1.55766313502846,1.1207950157571416,177.51449173381056,0.8146686859416424,1.4116113974406703,0.238056058881349,0.00010266187269436499,0.18401598522586463,1.817575640939253e-05,2.912663870227124e-05,612,0.9341761146952908,1.1311901737472059,1.8171278442860839,1.8353416112039824,1.8357579002194004,0.23529411764705882,0.058823529411764705,0.0,0.4405407593830048,0.48432072169944124,0.7787360529346609,0.7870144435958888,0.791949448132292,558.7998292446136,1
halbach_3seg,50,1,-15,-12.940952255126037,48.29629131445341,-35.35533905932738,77.45518938765173,1.5491037877530345,1.1197039498877301,162.55484566291022,0.8141769153450737,1.495589213205579,0.23969391231492573,1.4080627646071708e-05,0.18556793188743934,1.819563953996031e-05,2.8573150195395545e-05,612,0.9470827169146189,1.1307881942377542,1.8043780789991355,1.8215647759145857,1.8219885181004538,0.23529411764705882,0.08823529411764706,0.0,0.4403259352817512,0.48340953092095107,0.7570592084611991,0.7755409221091354,0.7816062576576892,515.5199437141418,1
halbach_3seg,50,2,-30,-24.999999999999996,50.0,-25.000000000000018,76.58147074505308,1.5316294149010616,1.1199431138689078,147.5350473372748,0.8140648569048582,1.4177633999601618,0.23813997055426625,7.442195071646303e-05,0.18464187927767467,1.817127559037145e-05,2.8122960743554905e-05,612,0.9341719799101865,1.1235360803954824,1.7918332310212925,1.8151036575153916,1.8158957073550859,0.23529411764705882,0.029411764705882353,0.0,0.4388626257024043,0.48257606703905054,0.7668402921695383,0.7780362712418054,0.7819010455532789,500.75180172920227,1
halbach_3seg,50,3,-45,-35.35533905932738,48.29629131445341,-12.940952255126051,78.360298429979,1.5672059685995798,1.118960227371813,132.50174678800522,0.8134870350131426,1.5003306165467891,0.23888420037406885,3.838689322592702e-05,0.1847237350619985,1.803667679680075e-05,2.8629559741874087e-05,612,0.9250871927828737,1.1203521248559718,1.8012502812623212,1.8545523885982187,1.855176167193938,0.29411764705882354,0.058823529411764705,0.0,0.44023176964940613,0.4831888638555129,0.7418136851395122,0.7588333704570723,0.7616578896133046,548.2415382862091,1
halbach_3seg,50,4,-60,-43.30127018922193,43.30127018922193,-6.123233995736766e-15,77.79904830241048,1.5559809660482096,1.1208580919159365,117.53469214959289,0.8146689395905697,1.4131452939247204,0.23780752239611583,3.085172522950038e-05,0.18399901456705237,1.8136046715259218e-05,2.8638837996144016e-05,612,0.9346732289133289,1.1313510930257125,1.8171078504424936,1.8353435310181068,1.8357226582300992,0.23529411764705882,0.058823529411764705,0.0,0.4395989171664579,0.48251619265945617,0.7702503104155991,0.782431903899123,0.7849712540376417,510.34778571128845,1
halbach_3seg,50,5,-75,-48.29629131445341,35.35533905932737,12.940952255126017,77.42230852381448,1.5484461704762895,1.119866187329346,102.55252225997563,0.8142785561209052,1.50128782168206,0.23960545436442304,9.86871077048997e-05,0.18538196457273412,1.8216260699245726e-05,2.8711363062000904e-05,612,0.9470784080585801,1.130842040600626,1.8043604874456258,1.8215176360794934,1.8221189220863818,0.23529411764705882,0.08823529411764706,0.0,0.4415043342399123,0.4840933736321961,0.7491239344450716,0.7665039515660818,0.7751017510554041,521.3089261054993,1
halbach_3seg,50,6,-90,-50.0,24.999999999999993,24.999999999999986,76.64028355502383,1.5328056711004765,1.120113870645884,87.53185025283182,0.8141529954475084,1.4175516516514792,0.23794378917441553,0.00010235531550160565,0.18461846005351798,1.81364126797609e-05,2.896643079070263e-05,612,0.9342022992826573,1.1232899542433714,1.7917950594729934,1.8150737790575688,1.815859990858411,0.23529411764705882,0.029411764705882353,0.0,0.4394360980993693,0.4827359896643898,0.7656210129729414,0.7865364664287952,0.7906695455685634,537.8712198734283,1
halbach_3seg,50,7,-105,-48.29629131445341,12.940952255126023,35.35533905932737,78.36903655443867,1.5673807310887733,1.1184652112762838,72.51073711161503,0.8130680060627214,1.5022865620784989,0.23856211055500398,8.222485184030323e-05,0.18437041653937675,1.8141052819030015e-05,2.8760467123157435e-05,612,0.9248012949014677,1.1201411970235784,1.8011524545862052,1.8544584596353992,1.8551614050112946,0.29411764705882354,0.058823529411764705,0.0,0.43951457936117755,0.48256242510528174,0.7428829052617438,0.7549842316584249,0.7566189141837194,529.1614766120911,1
halbach_3seg,50,8,-120,-43.30127018922194,0.0,43.301270189221924,77.7831502128445,1.55566300425689,1.1204680720702185,57.520952283669395,0.8144377864366747,1.4120694605099133,0.23809281968283233,3.598931991006261e-05,0.18406165686984896,1.8166132102945226e-05,2.922041011005836e-05,612,0.9342422425058655,1.1312487658312569,1.8170790016869862,1.8352547829059054,1.8357200737534687,0.23529411764705882,0.058823529411764705,0.0,0.43956130792424036,0.48330390403031737,0.7762929951346398,0.7857103654581072,0.7980194225106279,573.2647542953491,1
halbach_3seg,50,9,-135,-35.35533905932738,-12.940952255126046,48.29629131445341,77.4415785536711,1.5488315710734222,1.120135122442322,42.55194979982649,0.8145513407942253,1.5003629267828416,0.24002358614181726,6.360851051392762e-05,0.18583624637163818,1.8105716790369403e-05,2.9230964335249742e-05,612,0.9471606964564168,1.1310378799919378,1.804373981784703,1.8215187306962048,1.8220726523352406,0.23529411764705882,0.08823529411764706,0.0,0.44116283766767955,0.48365085516652334,0.7553737992461863,0.7682026796854964,0.7773153257472017,520.7422115802765,1
halbach_3seg,50,10,-150,-24.999999999999996,-25.00000000000001,50.0,76.64873329623722,1.5329746659247445,1.1200349569129795,27.545483182848475,0.8140790198668946,1.4180091944793145,0.23785313678116407,0.00011733309196657895,0.18456435060871332,1.8172284657017977e-05,2.8477885658315714e-05,612,0.9331415119787823,1.1228169451761387,1.791863345815081,1.81500634707956,1.8159278006876334,0.23529411764705882,0.029411764705882353,0.0,0.4390780843820486,0.4816181931269151,0.7677143201199284,0.7836639529456123,0.7893744323029362,523.2570035457611,1
halbach_3seg,50,11,-165,-12.940952255126051,-35.35533905932738,48.29629131445342,78.33794343668714,1.5667588687337428,1.118577541491843,12.506608511436081,0.8131429458608246,1.50093127685871,0.23852550059484887,0.0001473158658136676,0.18446922825504244,1.8163801598128114e-05,2.808325563651379e-05,612,0.9244416207796529,1.120172895736351,1.801251641343596,1.8545122378880186,1.8552294694145584,0.29411764705882354,0.058823529411764705,0.0,0.44016623594579063,0.4827659076788395,0.7381474830053987,0.7567180445778511,0.7582625896404459,514.0314965248108,1
halbach_3seg,50,12,-180,-6.123233995736766e-15,-43.30127018922194,43.30127018922195,77.79686362462479,1.5559372724924958,1.1206887046325011,-2.480148122572833,0.8146038604144231,1.4116279196268153,0.23812390474265538,6.65478914369436e-05,0.18411391336942873,1.815527043950504e-05,2.9066906688718733e-05,612,0.9344425054094944,1.13142247246108,1.8171653627247737,1.83535374420503,1.835792966445139,0.23529411764705882,0.058823529411764705,0.0,0.4410225395163078,0.484659292449768,0.7752259306693954,0.7902975966165098,0.793737158328192,520.1099500656128,1
