magnet_thickness_mm,magnet_length_mm,v_angle_deg,tip_gap_mm,loaded_torque_mean,loaded_torque_ripple_pct,cogging_torque_pkpk,loaded_force_max,pareto_torque_ripple,source
5.1047388661548165,13.246478559288619,48.94482933172121,3.9252017622706465,24.99709592683835,34.028496019244635,0.05129579389216889,1053.581018482627,False,predicted
4.47748601284627,13.61082884688133,43.63463315259126,1.0815719052175872,23.162871606974218,35.50500762744396,0.04111352945260474,1060.037024568693,False,predicted
4.60378989140159,12.300889047905857,53.46982275431626,0.8073336188580917,28.002049470906943,30.659587178696054,0.031223146307246718,1074.319313387441,False,predicted
4.518599753788454,15.908496580506101,51.36686916256497,3.1432162768914402,34.53498605547815,31.15215562355963,0.14109613357465306,998.3366310141429,False,predicted
3.6152960746210034,13.23713888278466,50.7084068701964,1.4813127141124183,25.33989553801898,33.28436255919819,0.017105714819390792,1178.7218618306001,False,predicted
3.307562113304427,13.17948389662945,43.09138986693086,3.443817690963818,19.431815133106287,38.20400681053289,0.014722125722771132,1182.455162869686,False,predicted
3.193018017027206,14.114945440782618,49.00388076936607,3.085101000552522,24.862755842236076,34.11545073910285,0.02397382184128126,1122.9261082821263,False,predicted
3.8457537829071216,15.577097446768914,52.84079783904577,3.155830886372056,32.96925733935069,28.90687461296368,0.0932180950063472,1013.0938440566387,False,predicted
4.397602021676598,15.608010082599549,59.22317949432526,4.334429194761476,40.732651585774875,24.991346350025733,0.13637859948436856,937.4838326011464,False,predicted
2.903277523330964,15.429514635812735,54.167742540172675,3.174753414443157,29.48391867045005,27.75786717044219,0.06674984128178672,1101.7816969183436,False,predicted
5.4088897131109945,13.296729394941899,48.019763847730545,0.785451605204456,28.081604544796125,32.97183609368591,0.06940676683364122,1000.6911218650897,False,predicted
4.068055838353985,16.645128651258773,58.913482698318646,2.7089293787982482,42.247126010532085,22.148258601902846,0.06539940782854585,902.7324750689386,False,predicted
4.8332574684352725,13.498360982885231,48.08841520104793,0.8036363028364979,27.512304741413505,33.16213800742827,0.037695556412843285,1055.7439818981077,False,predicted
4.888247815272216,13.574729155980755,50.126613597529854,2.287867275202093,27.538530094763743,33.08960709075144,0.0343070188891907,1040.2702437585417,False,predicted
3.3028745523834138,12.424768371776924,55.06182592327728,3.3194473815521612,23.96537602176325,34.11409136106467,0.00824930871646563,1185.6061424787888,False,predicted
2.980413430843871,14.458119761409966,42.61047296829627,2.6024727720555387,25.47134188890137,38.307105655170496,0.036317345443071435,1133.6332936350923,False,predicted
3.7501624576591035,14.977241530841608,58.20762724881031,3.4039221633820302,33.91378696282171,30.78305513672049,0.060654647803276875,1064.8452855093437,False,predicted
5.238777805102917,13.855816270437245,44.21462378704168,3.638544898488101,23.93791150478672,35.966480253285056,0.0669346803577589,1041.8356172779177,False,predicted
3.8285071774002604,16.23395293647954,43.351858546059525,3.0351777283057055,31.691133286257198,35.311243100928166,0.11839818345735131,1027.19518468001,False,predicted
3.734846446236501,13.580034494205524,56.344922843772856,2.8977234920703685,27.299755911401256,33.09453010260789,0.019015304152142306,1145.2384483934354,False,predicted
3.4467804750553444,13.358404655504675,60.69773628672476,3.3821777682718346,26.27086825109309,32.74763852767819,0.016476493879405203,1175.029737155781,False,predicted
4.994975982170768,13.694968339477215,49.25644444851514,2.591068805811299,27.188574022618837,33.60050084988513,0.04886892161970067,1038.410108819037,False,predicted
3.591487499629487,16.241737070944346,49.26241449125186,0.9340510858534443,32.55129725071895,31.179240201448852,0.1301078958486253,1058.1428870754062,False,predicted
4.592557549660729,16.291720995884376,61.60141657645381,1.49319798890796,44.37022896727402,20.527147432587743,0.10925614204716251,879.2375831512736,False,predicted
2.56327437724294,16.61387290535376,50.08790830676625,3.10603948304101,32.38155359030733,28.969457612958305,0.07540128948683107,1047.6981119865072,False,predicted
3.4772375994648166,13.913407761665216,61.894824817276955,3.671833238553596,27.3288796166463,32.1022998190074,0.02036478329953212,1119.770055061716,False,predicted
2.9485147160605214,14.35458098285715,49.15059578653181,2.0039014398969117,27.91648468900967,33.048407974203464,0.027324610814340615,1136.716453259732,False,predicted
5.388016427165441,15.351787305426647,42.31762672394747,2.963712106110498,27.93687905963037,40.32091406744812,0.1285610408282314,982.300241957602,False,predicted
4.284927989141828,13.828122954050887,62.218730763254015,2.4605156629287577,29.50610259555689,30.804073712533697,0.032646792470364124,996.8024650896448,False,predicted
4.625245553980532,15.270208394619754,59.71216102103944,2.3849049159022875,35.107367026943685,28.07670278753378,0.10458397706212622,989.4578242313963,False,predicted
4.9895416842447045,15.482805659027074,46.05303432687728,1.5778068778711858,33.324810647536864,34.41327625779436,0.18686606509623976,1032.869383725922,False,predicted
2.810423690887984,12.032211467196593,60.942561290655945,1.819638972419268,25.781962410876925,31.20154140282359,0.012551904806621713,1214.5714333775513,False,predicted
3.4163763085265817,13.480174885378501,44.73952451062266,3.8183193155814323,20.58070319577612,36.71996540592871,0.01706791865199375,1175.6444682013985,False,predicted
5.321920761712001,14.871098215380286,56.057399923791166,3.1667594496654123,33.144612939797085,31.0675295587602,0.10927416986509213,969.2436161154876,False,predicted
4.063027964070214,15.531093323375234,57.041137409129135,3.8699831325624494,34.76811076113002,25.856423634807527,0.09006021235182547,999.9991835350952,False,predicted
4.272005191819202,16.729524412418705,62.70010182410329,1.9439517724829263,43.64181817010886,19.697479137943212,0.09007133264068383,868.5511152927098,False,predicted
4.3576247198428195,12.211407143917542,40.7850119394069,4.095421733745569,18.476035863573244,41.43117784620586,0.018636238815220377,1092.8513937863772,False,predicted
4.697713173064082,14.38109162347218,41.953751129083905,2.291240413106636,24.925063276391832,41.33925109839055,0.04880401313447058,1045.7676614658255,False,predicted
4.908524514131533,12.130615444309027,63.57825988891379,0.5716403981815195,29.1116409162584,29.667706442724544,0.03207596554258146,1010.2869459229356,False,predicted
4.647490443302193,14.71153466552785,48.16788377059252,1.6928244418606133,30.685838020234637,32.90900697783914,0.06617200768005811,1044.5120878464252,False,predicted
3.3859587219704266,14.030928513102968,55.41510195063904,1.3133718303368975,29.20850551928671,30.353896971175715,0.025977334313037302,1145.3167189418737,False,predicted
3.000869532943395,12.251309037646482,63.097230993529465,1.358598051244575,26.254411103340406,30.80752655224613,0.012904981827372018,1209.132378803757,False,predicted
3.2162727162658866,13.004153644725138,60.811879513968165,1.9110849802113319,27.196000248715734,30.91142904868599,0.01911435430113631,1202.2833034175392,False,predicted
4.694303259127816,13.67265099097664,43.17379408525656,0.5477209010996349,23.3309695983101,36.86215639107224,0.04101550727583642,1054.864396561408,False,predicted
2.8364796208709935,13.215999766768622,43.959553395926136,4.372656253046524,19.75141069546062,37.007187945874875,0.014462185939746556,1198.725747502888,False,predicted
5.441579197829046,12.176866772991144,51.912502984948205,4.248159659189607,24.893586593506075,34.656679303614034,0.06132294374671271,1001.1942052012216,False,predicted
4.609293186694333,12.410096067395493,56.902492033818504,3.0679235382741568,25.62818419432568,33.21740968049814,0.02412496301431584,1061.7583652702353,False,predicted
3.470780687687231,16.364170947348892,49.42698982837833,2.006989486171828,31.606693335436553,29.927117790945307,0.10873842941030078,1055.9765948188835,False,predicted
3.693860244356531,12.390211824867958,44.32652171434133,2.774600583629385,19.55682003021357,36.59079510954252,0.007543852387610778,1165.8790020529316,False,predicted
5.046069331534438,16.1102799688419,52.53136159121289,4.437624229815426,34.66953902338318,29.468956427837842,0.15290156676261923,978.2307146838766,False,predicted
2.7095287093264226,14.838232215607222,52.63384173380288,1.4125839009592318,29.25341061215642,31.221143221483736,0.05687823144362586,1139.6531090608519,False,predicted
4.095063934928541,13.999286615411052,43.79412384139249,1.2963842964426837,24.25745956637686,35.32736207748288,0.03242832871071259,1066.662883739471,False,predicted
3.20622307570134,12.642715406960857,40.46579899926999,3.895143096689006,17.213941513482762,41.47089961332015,0.007817827930393624,1191.6762062644143,False,predicted
4.121512484139544,15.61204026371703,45.619383440364885,1.4282142981261106,32.83962907696415,34.74753230514393,0.21276677095103586,1035.5041330108988,False,predicted
3.770989521538393,15.907223756265264,50.7568799838191,2.3173907483217246,32.44110304034944,31.11288270706076,0.12351413319525364,1047.394537079071,False,predicted
3.1671133531814606,14.956270708872115,63.820551722668064,4.255617840057902,31.433387132142588,30.414722716211188,0.06617659158141187,1081.2328439234805,False,predicted
5.302017158456694,14.446696186811252,51.85386575261461,4.173815565741416,30.007502054410892,33.79677572446181,0.07933330956965835,1004.8601331157363,False,predicted
3.551601798457358,14.89902455291201,54.57489083261066,3.665520992314233,31.148634295109776,32.1269981104289,0.060587591829555816,1091.3429543453606,False,predicted
3.7088711726746544,12.823042057495092,48.82869101609933,1.246492884690722,23.453475330153914,34.04873921635907,0.012766571545456941,1179.9917895969845,False,predicted
5.278614570469376,13.060826896297991,53.446989762529725,3.0265026082762527,26.581512996885426,32.569892971568564,0.06782727380597141,1043.99301955361,False,predicted
4.438959563443079,13.057441564966737,59.27690868194533,3.04381059787971,26.772931793256944,32.9863740970212,0.03523203626773192,1046.4248321225787,False,predicted
3.98439950627398,14.804498633590605,50.42385173965621,4.157425503019836,29.05571432570428,34.17077394024007,0.07438326338589768,1038.208570172392,False,predicted
3.199785977807243,16.078640695229048,46.719179048731995,2.1388074684816187,30.586810868458336,33.0986669620149,0.1860123908322311,1068.9396225332403,False,predicted
2.9733857826110013,12.943980880718511,58.06549907822155,2.2438765229280646,25.888217295691685,32.24581132579273,0.014340448255330509,1215.541775906375,False,predicted
3.3543908818131594,15.00801107821207,62.817102652618175,1.7603625259607778,33.60632332917716,27.8640919374106,0.05800104763343871,1087.1306625648667,False,predicted
3.571236898140143,13.815946549139321,63.20736348359898,3.0831681923861916,27.42857949655072,31.996788177513945,0.018448396057321553,1126.0909541580115,False,predicted
3.72751549466096,13.06726252457558,44.507524196012575,3.628197575072141,19.552612163011382,36.7064507274969,0.01295240415140381,1152.1303415952812,False,predicted
3.142404710009676,14.241746678834607,56.20588086703134,2.219484318404402,29.84044639597115,30.755167254058474,0.025532210283346925,1128.6750294128542,False,predicted
3.2753946880758553,16.058741723510643,50.25864411804446,2.9402849583754582,30.772068133336436,30.843536581250554,0.114231828873989,1061.1358942680545,False,predicted
4.687676493488765,12.965154813416456,60.38731595424447,2.4551436201763828,27.612284570828987,32.01005857282839,0.03333489205068376,1033.9658897164759,False,predicted
5.371858651094845,14.033259123763973,48.508379713105576,4.324261276547722,26.505480413686826,34.31893481961948,0.06992034226479668,989.7254104978367,False,predicted
4.013843352683128,12.087384352287245,54.5419050942396,1.4435121459738989,26.749667231167976,31.071629958740925,0.018522219038930633,1093.017684128212,False,predicted
3.6575232564230107,14.961480892135256,52.474955337724836,1.5854611371348923,31.910286066450055,31.01569050728842,0.06325826551361824,1100.6038049612764,False,predicted
3.3698008364128755,13.471901996871514,53.16555031747783,2.0528130554990462,27.32374247215441,31.04750424694436,0.020643777869658972,1187.4869082268583,False,predicted
3.198013775878939,14.722226846138335,62.53029796911565,3.626303843622309,31.612873580164706,31.391681763269844,0.03523710573050155,1088.7127674143446,False,predicted
5.304574073395145,16.307024784437765,45.16240624679947,1.8463401775897865,33.82997036268124,32.33296056208847,0.16499720867354567,973.2821507141241,False,predicted
2.707601472843446,15.660107736892076,57.52220070771891,0.6354742009120219,34.64288489860038,25.398263072462157,0.11647021767266112,1080.188522143174,False,predicted
3.423806507264599,12.505553034678616,58.64229847024211,2.678543594036313,24.951889551208595,33.9292067528137,0.008223179214274741,1188.6203087063266,False,predicted
3.317032583264525,13.645762083886945,53.881582174767274,3.48303877561423,25.873968914061926,33.56661648973123,0.019819269097626838,1161.7664265717235,False,predicted
5.396316700334834,16.00472502506429,61.01311378563905,4.389332618762255,42.5546372852048,22.62546785998694,0.15888106478324687,836.6205937692971,False,predicted
4.782856662829932,12.2308170106332,50.73759693124141,1.4080701852739452,25.450169482015824,33.12158921873123,0.02273045283695745,1075.8739079227194,False,predicted
4.202553882977935,13.72460322914302,40.802552902333346,3.997805657843704,19.23543484698806,41.421614386449505,0.02764838488774534,1073.2253923261346,False,predicted
4.613893442531067,14.267293104528491,64.39241271379451,1.5887956530659229,34.009613672141356,28.579284886435648,0.04391707595114896,986.9625902776658,False,predicted
3.2783907774725587,13.466588837013285,41.134106181333834,3.261329655177683,17.761930088381238,41.80124175614911,0.016844099584354663,1184.5727333454838,False,predicted
4.958599925850184,12.48182604710391,50.797601840572554,1.2137115514043832,25.812888779699477,33.05511405627815,0.03310156951816466,1074.7803115078611,False,predicted
4.402016628743529,15.239747874407868,40.430414438901735,1.9166095920967505,24.81219044740039,41.0532283246288,0.15445772498908908,1056.7673117417694,False,predicted
4.727014723065519,15.761381158269007,45.0185623269478,4.262526648049679,33.52820356674449,35.75248710121912,0.1631326149031826,1028.6049175022338,False,predicted
4.124149590626509,15.860799816767257,44.91657558301186,3.3861423851775156,32.24081809686077,35.55962524631514,0.1598015944552495,1033.5743420543097,False,predicted
4.115461106582745,13.502443766294911,64.43333713217231,0.9119233038562402,30.46267276392408,29.072139099992786,0.037555907697752876,1010.9113871851432,False,predicted
3.0294383499572906,13.714693424354305,50.536158450525505,3.862475520585574,23.39192332512353,34.64637263574925,0.018363027782588,1147.078042421796,False,predicted
4.653719491171657,15.025905322819048,45.56837688761568,2.285812873799257,30.072847114393134,35.114945890727746,0.15478465800551447,1040.9115164941195,False,predicted
2.6365088281341356,12.500871429388875,57.17941406672465,3.6435898866856147,23.231611875464363,34.33330930997644,0.007407543095198145,1205.2383170599562,False,predicted
4.630373538044637,15.311360390716171,59.62707192091076,2.872293122900288,34.911742824572386,28.93931571698303,0.10281670038692736,987.774341248311,False,predicted
4.740826515345605,13.738076153504188,59.11077482392748,2.999309061729394,28.307857271309373,32.29737643120875,0.03642359973544549,1012.454511675908,False,predicted
5.140680947819257,13.420219449957795,52.41443821651273,0.9696251974689187,29.606255151174114,31.302822856571833,0.06214743698528794,1047.197546690342,False,predicted
4.059434354993313,13.937997353079142,62.42243777228557,3.5895752351930676,28.40452725859916,31.261001501039004,0.026905531184430773,993.4675532886861,False,predicted
3.4025640147636516,14.017345569463508,51.1082862787684,1.7305456846618585,26.919304727846924,32.78272663738148,0.022823841244367316,1140.087444127289,False,predicted
4.091911341335644,13.852393563855225,61.336290002272776,3.7278501350388566,28.168364557475556,31.450476056207847,0.02684404423874281,1000.673378105254,False,predicted
5.181393020010565,12.73982175085805,40.936680458179595,2.524727618137053,19.053879278510554,41.39272053928576,0.06192383895127633,1058.1836367071853,False,predicted
4.5290488647172555,13.37121688730577,47.9229786666118,3.9578442110347423,23.732198829313916,34.356249276292985,0.03145332972566994,1054.7343776018752,False,predicted
4.312707277543539,14.335801085790562,45.463419606672176,2.5107407428895017,28.67994094535188,35.6926117263903,0.04574243462156306,1062.0296634864353,False,predicted
4.086561887038955,14.598262983273296,49.88357561071275,4.192807357515831,28.697535005920496,34.03725564447294,0.04415319470232878,1045.4564914579792,False,predicted
4.724140773809242,14.49521367230859,50.781367919881376,1.572275261429061,31.05585144762661,31.762205954332547,0.05006410677223218,1040.3467449475083,False,predicted
4.061723123861613,15.109235618888121,51.0319757035804,3.993014737120789,29.48725245172411,33.058065294628065,0.08169920995010137,1035.0430706823138,False,predicted
5.075660020030045,12.964376675370294,43.81080233006717,1.6755872187206968,22.86193945048716,35.123495264573144,0.05308655542408713,1063.8949611465064,False,predicted
3.5490867200432206,15.67611217902361,45.77929182605586,2.9037329178710487,31.649846176899317,35.544696217371154,0.1459746101139144,1071.960643795861,False,predicted
4.791638449380558,16.426143813403975,50.58145719208211,3.2462924135151847,34.69470210696279,28.986615474031662,0.10429432507933437,991.3070219958358,False,predicted
3.3991396727785927,12.324795457730286,58.43609074311077,4.167079397304163,23.88018161930623,34.17606294803786,0.007725624267307348,1179.0763399391562,False,predicted
3.677996927132055,14.51203088632414,63.162277012976475,2.5661285671828162,33.821966963408826,30.876293629165772,0.029394984158282,1101.1107901726093,False,predicted
3.009469097353679,16.522791033787467,53.841069840497,2.6641711716762084,33.017280025267056,24.27141783675285,0.0684247161454988,1035.4387323078904,False,predicted
4.452729843454113,12.371529150350408,43.391112244659936,2.310350687582147,20.97921610301789,36.21817863449807,0.02313435416119993,1079.163442610267,False,predicted
4.885731035271676,12.57401772944539,53.554454196860036,2.2004169857339697,26.623751142259675,31.13859853531682,0.024745132402276642,1067.0926415013566,False,predicted
3.3140163458550913,16.62342963993644,46.132914158870044,0.9879240681759276,32.881149705172156,32.37899401021459,0.1437347262202539,1042.7017221643237,False,predicted
3.4550483735441415,16.379743338549083,42.15189859041056,3.8546349785360716,30.18277962280692,37.10233965538687,0.10882164281684045,1059.4257679202444,False,predicted
4.468499432967803,14.488355612960126,51.54532911416718,3.6626197522694506,30.143597624223645,33.445115256637216,0.050261730073562695,1033.0295753769856,False,predicted
3.5380423847305797,14.925620528506023,55.808271981844506,0.9760391332123399,31.963208618593935,29.42519650565119,0.06510078776752919,1113.3496681507752,False,predicted
5.0540325198027105,12.096583923064168,55.00893080825185,3.765879679597826,25.822397533301977,33.01216960105887,0.04639865480245953,1058.425757492623,False,predicted
3.9103009979123513,15.941413252729571,64.18014483757932,2.5271680477559713,39.96405339377632,21.777612351231827,0.11918248914278058,917.025079990405,False,predicted
5.326546273256662,12.196393608128671,63.86790859120732,3.976738019371739,26.464168296328292,31.78539095373739,0.06187608789472544,947.9836819034119,False,predicted
3.5649144485946604,12.923749647367845,43.00076570283438,2.478253983871648,19.027997979639686,37.802431113724616,0.012644533950125313,1172.5440636557325,False,predicted
5.199555878002595,15.054258053067434,50.99739182624732,1.3374303934242233,31.544254524781472,31.483191544551264,0.12858213499823262,1030.6303414840672,False,predicted
4.906312972308969,16.144032320578347,43.60095473578503,1.9996842141121691,33.31689733843351,34.24661773918631,0.21487723190620314,1021.3090091601355,False,predicted
2.5658172861300006,12.12870036807609,53.60905119348553,1.4755019271754346,25.120680917095598,31.529357227859673,0.012539956360172487,1225.8871401130816,False,predicted
3.93576223323537,15.869724452091729,49.11637811107168,1.8010450995189333,32.801739685638,31.96918354082177,0.16546670600968047,1015.5334465912326,False,predicted
4.813263150002008,16.382958983651996,43.72969609337567,1.7480416419294973,33.36229512294829,32.54641627621958,0.16208711087242683,1011.4844814478616,False,predicted
2.5739586111405695,14.350612660640532,56.198465288125796,2.9956223939413182,28.24618619224541,32.70801149860807,0.024294176661945208,1149.9993589923902,False,predicted
3.8389836218071602,15.642508364679223,51.59659695103424,3.0479482008605183,32.6990121241138,31.716649643270493,0.10645248222682818,1016.2265627809224,False,predicted
5.307174845063548,14.654991505997469,55.927265099457216,3.5391481897971087,32.46566085609887,31.394578615585484,0.07859682398325334,1000.9853230439004,False,predicted
3.528157381817949,15.39899100347842,60.041026911657724,1.1864353070314917,34.66522913158839,25.906051635333657,0.07460441888582167,1096.5354856767353,False,predicted
3.2330517698363406,14.050249796056123,42.68959853298199,1.3527326049083093,22.58696932138996,38.10230447550397,0.029139835267820234,1150.7545417199601,False,predicted
2.5766308157745885,14.398787578307292,40.870493140935764,1.8504179347391503,22.811532519182176,41.26310337550866,0.033387144206759936,1153.1968853188328,False,predicted
3.7732960210433264,14.492011763128605,45.51970944392543,2.1827745995009464,28.744516482749862,35.33881018887504,0.042110772259798895,1097.8254200352922,False,predicted
4.25379330832047,12.840653472046816,42.00750607395234,2.152874967499191,20.337451980260695,41.32530340430071,0.023978820254341775,1091.7277043714475,False,predicted
3.4219168984346258,14.338870757390335,41.070609876884525,2.5558702949858736,21.99991599350353,41.4063670021595,0.0318025181051448,1117.374411956997,False,predicted
4.332787833615006,14.89180386474727,60.56584775374316,4.419521375569636,33.883603263727174,31.110722406359262,0.1015711770187267,997.8650180569812,False,predicted
3.5898877719581197,14.579611537767406,60.308835135067504,3.2211599573966927,33.32644825033006,31.591507415584502,0.030313720168004876,1108.0565786200746,False,predicted
3.3120307957160438,15.98687922250563,61.401007482383996,3.7943976138514617,39.48301689994318,22.482648636930822,0.11042105049301068,1003.9028225448398,False,predicted
3.6518620510458515,13.20361848990375,57.313481453197355,2.88591559617975,26.760021147706745,33.30234231409242,0.01563710184305048,1164.865207224738,False,predicted
4.797816228271348,13.741929262248041,53.1318091395424,3.5011220228958893,27.332160697585127,32.40838239339937,0.036398229088386885,1034.9106889761426,False,predicted
4.0489755742253895,15.789526792798696,45.59050545923224,0.6383593104212747,32.8336628711116,34.820177078002615,0.21146250098295236,1031.825831402577,False,predicted
2.6609693266189987,14.259813410196044,45.44809106348346,4.396380838943606,24.565479254918078,36.77731437287226,0.025028708957222374,1139.4117338700955,False,predicted
3.144048428101408,16.220524842574598,64.3342471190218,0.9998589464545924,42.046115512079,21.131550594374172,0.09106872391178954,1000.7465903760678,False,predicted
4.34484561160488,12.308857442552554,61.16721582478352,0.9921044498976936,28.643109591527402,29.729449607200568,0.029793950960673082,1054.8411613548808,False,predicted
2.7610306127707194,12.683062276285927,51.26020568932924,2.424983692719407,22.55639127023386,34.70797213226421,0.007157875770036882,1213.0369277997672,False,predicted
3.4389559128983542,14.055380688753933,40.50956312787229,4.271599561347924,19.54890966722736,41.407635448830895,0.024644753535186664,1128.3727979898765,False,predicted
3.7187700870196894,14.757501916190758,63.42571210718631,3.7069003668418095,33.29202566245129,30.67898126279246,0.04138595460336025,1071.9932754776503,False,predicted
4.904980301263396,13.0505400947007,64.5123455139522,3.6838570648085347,26.980702552769067,31.831220877984226,0.034613019860149044,999.6594370247376,False,predicted
3.997143059507647,13.119196775432224,59.87276728845076,1.6723313563029087,28.704946955033428,29.936676259353156,0.026942095994999388,1061.1837700936276,False,predicted
2.90188373755037,12.596663477891946,45.97862633173874,1.1254782057879984,21.063601083495033,35.728222435824826,0.016328459896060986,1226.0581493155528,False,predicted
3.8562159631750603,12.149880078596361,46.62873890912236,2.2427811014595838,21.651952202832142,34.95144228301864,0.012623067719237508,1093.5440270312183,False,predicted
3.370910289620019,14.404641717771444,60.48291314943563,2.3723046752987464,32.51621012705179,30.504231680244068,0.028575612899089182,1117.1918982914824,False,predicted
5.161687440708938,15.37951817182463,54.93716765661944,1.4317070349737224,33.053040897082596,26.348095136220753,0.12570222971086795,1024.432538076296,False,predicted
4.381266184473555,15.43495975965833,53.77403136204357,1.6832776513213092,32.84596555627802,26.39739729361568,0.1188749951038419,1038.444521165067,False,predicted
4.392835215704681,16.102836124400863,64.5444365288657,3.9498836535994633,40.94177453495841,20.630070891995402,0.14510694957395603,891.6008741063946,False,predicted
5.168369883800908,15.035711101303425,59.40839150740045,1.9513426304020491,35.64412891562592,28.15466331184232,0.11934005921120991,992.5668638908144,False,predicted
4.341753529405812,16.7543304655682,55.882761713841646,3.5315116675267446,36.21488266231928,23.266842580859645,0.09036732020914161,972.6152894601698,False,predicted
5.125795412667185,13.688518551493475,61.833998343205465,0.6147597288618424,30.946115311720497,28.991703465435243,0.05750711314552055,982.906104449746,False,predicted
4.811862252113469,12.537175738940428,48.82367862263275,1.1281705977559418,25.419848392195217,33.65200176165533,0.023589359249352505,1074.8846802599599,False,predicted
3.132565340730832,12.960055497696478,56.391455195055336,1.5817788460177535,26.415672931375173,31.874589115855233,0.01880822704474943,1214.1160818855008,False,predicted
3.269663700545608,12.310039507387643,62.76010889503111,0.6793387165561261,27.4660835035621,30.452225677552146,0.018089265999578174,1197.101408153669,False,predicted
5.015257807036388,14.239115063962142,62.976723346707765,3.032224851488596,33.09250618805009,30.652636527562954,0.054279345615377846,974.4001023994048,False,predicted
5.0297499695114025,13.457618451388981,49.33353660386953,3.9866656679673174,25.16859985069918,34.07101536613488,0.04885392659340411,1043.75301856339,False,predicted
3.440264454897204,12.880811541101725,63.78709832035821,1.5614781680700434,26.805464307444396,30.546477841319238,0.01724106612791075,1187.5406431169688,False,predicted
3.4457618818260976,13.698262245076444,40.650820370464224,1.7589093937761642,18.50200415172018,41.33489090453473,0.023071058237281075,1172.4717202784368,False,predicted
3.175787223360121,14.146035022599285,57.70380955400024,3.286971411857888,28.923216575342874,32.927638973182276,0.024236116262109333,1123.2648594932261,False,predicted
4.705452628601352,14.409486754940517,59.3193047067748,4.243308968032399,33.1687563945676,31.8553416541012,0.04994718378694586,1006.1135757733963,False,predicted
3.942414778930162,12.875679208210675,52.9252238185543,3.743765518810705,24.032824810474775,33.913187326337955,0.016188459725918376,1083.0960345877436,False,predicted
5.131286237445039,14.995072615914214,47.77633284370187,0.8887107092445214,31.258928209254425,32.82940403443666,0.16574451588981007,1040.6982423489476,False,predicted
3.7911947776143156,15.99168790281302,44.453683539951896,1.933086707664279,31.567412319604095,34.390954570918524,0.1951661283874388,1040.4744730607104,False,predicted
2.7428344676096654,14.320297960310366,47.864767403007356,4.069102049125832,25.660988509495603,34.788274243834934,0.027932051769291755,1139.108051499495,False,predicted
2.9494809902488135,13.534789872971349,46.005590031427346,0.5554857937473154,23.427978391042714,35.60031094919341,0.026629446319996388,1216.9764219704991,False,predicted
3.5166976440588504,12.551365563964437,61.71448154767834,2.169364949902374,26.047753295712553,30.860118616365458,0.009034800564759077,1169.8823156256385,False,predicted
3.0860507090089575,16.678039710589072,43.900413441985066,3.3041828535385385,31.826229129954,33.10892878478124,0.1015292760218861,1043.9160217292108,False,predicted
3.6052978193490146,15.021261039692828,47.0104226038916,3.9011732560893617,27.851769587625004,34.521305915366774,0.09579580128933923,1089.9982380792762,False,predicted
5.037517646063627,12.584536991207393,50.966022972350814,3.9444728519319234,23.72835794021518,34.36727428678211,0.04416023715167263,1060.40225144817,False,predicted
5.099999646977955,15.891386367069392,49.38993744604713,1.555595299130673,34.70544824592228,31.48855794815577,0.19682922388845212,991.5964365904316,False,predicted
3.567564993969098,12.847399395889955,49.76488012015553,3.3009336360765995,21.7648555765744,34.68642886813316,0.009558101334138775,1163.336691024873,False,predicted
4.509359118644307,16.43427875274024,43.5184667211711,1.3269334919619191,33.89483765918774,33.072830466807545,0.16477977903543745,1012.5864180275297,False,predicted
3.1547937526473655,13.421389025232083,60.90129825257871,2.1211858699112986,27.893824951134235,30.68485618379272,0.01971150604000287,1199.2984158391557,False,predicted
5.143081753700185,15.648118328311316,46.53158779115024,4.032645121486307,34.40142324418487,34.195912633953206,0.1654982333395085,1006.7239043715996,False,predicted
5.329915235275259,15.060915114096261,52.077348885252206,3.966280199562873,31.02338738666901,32.740600514226735,0.11563737629848385,970.1050377900388,False,predicted
5.017815959490182,16.335759793537466,55.60363792128081,2.8304760238488678,36.579099646040966,23.441722750183434,0.10202659919297488,966.8098133022343,False,predicted
4.136809269514954,12.43642333625503,44.29451064700192,1.5229593894787135,21.336217133813225,35.5107319754487,0.023033206245879595,1095.1709917217534,False,predicted
5.354232365160774,12.341677591815442,41.393725930595096,0.5944622062529051,20.205382148394204,41.437484792341614,0.06578405835268367,1006.8754129527822,False,predicted
2.911007987574035,15.462515873224136,57.61647617124352,2.726318992924192,30.64708902509502,26.80421895832303,0.0690570316583829,1100.944627856407,False,predicted
5.024098659714542,14.16271549432021,41.28365287317897,2.472549827278906,23.21813726586308,41.69421347798476,0.05587077717836204,1045.3972321312938,False,predicted
4.0534124460786565,16.51601203248316,57.976034442333535,4.013884594497407,41.870693878451334,22.3977432201497,0.08245614014548895,914.767314067316,False,predicted
3.45179511861691,16.603749978061813,47.54270936353367,2.9082031461434728,32.783874775663534,30.89233712287196,0.10242875382739573,1036.737552069334,False,predicted
4.364033393584318,13.979350985158023,49.4982720767365,2.02519806359948,27.629012106009228,33.11599878370565,0.034566486236339816,1055.7269571578388,False,predicted
2.8407787959682254,16.271525550477374,41.008888527758,2.223045037152926,29.617356370515513,38.02837791539636,0.1390639723020768,1069.644328901776,False,predicted
5.448505242033397,13.810377988352432,50.55058397215952,3.4785916576982334,26.750065930695914,33.492415320934704,0.06933538394411937,977.4752845846141,False,predicted
3.127138494447595,12.710791517104392,49.60563406943119,0.9026955258816102,24.068472177113076,33.47063512562819,0.015279076712649553,1217.379161034405,False,predicted
4.716899240852923,13.323809227551955,48.91854031238965,2.657422483364051,26.233019777086586,33.90852737261729,0.03090592585790147,1053.8631979894044,False,predicted
4.15861196920682,13.53062146614058,49.64322520757097,3.4371435475426564,24.753526030733713,34.02946037891111,0.026407558399058822,1054.6670436355714,False,predicted
4.589296543979028,14.304521279907835,64.36568924454261,1.0658660605549635,34.82746356000461,28.339438095191063,0.04855618670018025,988.5161712936831,False,predicted
3.1129354320714686,15.14102611765385,46.1156951803612,3.0620539197901016,26.729967321920977,35.908103725795975,0.09396070719638096,1107.8437289397918,False,predicted
4.002745720149006,13.839251674383288,43.04691838195918,0.8109056024725755,22.870839406123714,37.09166491225456,0.03321204876886246,1066.6111409055209,False,predicted
5.0199074862125475,13.393518445121343,56.84946730390662,1.942034500292138,29.700910578909497,30.127253084206586,0.05078470549489506,1044.6484436814392,False,predicted
2.9271453797270572,16.696633516334003,43.222456367112216,2.3090311233788094,31.961498779873626,34.168117267140715,0.1280348000857793,1049.4725138400618,False,predicted
5.0502447086987505,12.353682380687363,61.24633109330489,0.6999322603583042,29.248354741348386,29.789642179608897,0.04817937120991112,1026.8760663361181,False,predicted
5.286271290309722,14.729910278268202,42.26717592880759,3.3337648414120262,27.319006230177383,40.573524975369125,0.08584760734057016,1033.3808170388763,False,predicted
3.0977984003946943,14.694266633809727,49.36685775501147,3.649075185486875,26.840528575674952,33.97184721977385,0.03639252610251114,1105.1048732533784,False,predicted
3.9493953818882703,13.473167177480631,42.277050451922705,2.1626492556456647,21.392344389847246,40.57425604649025,0.023782754169100532,1066.2903148720386,False,predicted
4.967679868378984,12.719746074176244,60.11938475343778,1.3028703671809683,28.368610299354987,30.44776623768893,0.041039432574316706,1041.222843413132,False,predicted
3.602677858068898,12.909278084994229,46.03266586067888,2.0581804161659347,21.15149413994234,35.742359870393386,0.01620763189797567,1175.9689074209252,False,predicted
2.971405445841561,16.471236892934574,42.369212731652695,1.1784819681663203,32.333973210229004,36.42463848223734,0.14834321614146947,1049.2145583832837,False,predicted
5.315374372608716,14.519962341562591,57.33460651294419,0.9227670646991064,33.17733670748146,28.921223314735457,0.07848491051553588,1007.844990615665,False,predicted
2.6248801174665304,14.324256062185674,54.452930970269996,1.2744488741138533,29.015098531533766,29.99417220323431,0.025731025425505864,1156.3425877151983,False,predicted
2.8676021044141855,14.843171176149621,58.31854466886051,2.804428194281208,31.083759508494058,32.25941621722371,0.052312192170761884,1116.3390898979799,False,predicted
4.197845828340796,12.350725706021224,62.665026805540066,0.6036927694896308,28.55328142171478,29.750537409633278,0.028427978821586892,1030.914738096664,False,predicted
5.062140098890741,14.586393849434344,42.05954659430518,1.7906240943045808,27.45971460017902,41.03184883437663,0.0738856952569622,1045.6094072509763,False,predicted
5.205590380136382,16.197215724608313,62.11454200232865,4.3498623425024405,42.36127138144562,21.040636795931356,0.1308744584954296,865.8681671762123,False,predicted
4.177226660318935,14.924548867383027,47.22981373116682,4.045860320927155,28.903722775701016,34.47622440985643,0.11112438937158374,1055.9534989417225,False,predicted
5.193420061169823,13.01553529899639,60.71896938379085,3.0543176917266806,27.2691351427717,32.32488282497889,0.06711074180064537,1018.7602529634571,False,predicted
5.189012550264622,15.05230153757649,55.37893885101032,2.876146891100716,33.08954313430996,30.846365556932973,0.11269426112930062,1019.3533942946925,False,predicted
5.033558038355883,16.359184950782108,59.729370037434656,1.3328241172771715,44.833774373132414,22.158089894968484,0.10612996840173958,898.4620263703038,False,predicted
4.290697030301626,12.782246576496204,61.80564243744064,0.6055780146315608,28.755892883564293,29.758726342365033,0.03271228643619753,1029.0207748683579,False,predicted
4.2086311328771036,15.554429670947933,62.479518622753574,1.2882844360096055,42.944143137915496,21.832606390853083,0.13979870735931027,906.0178215837927,False,predicted
4.4237523289203216,12.797019130148291,48.199153684301095,3.839111419117084,22.634170072856,34.5167605214232,0.02399590648432246,1079.0028681360193,False,predicted
2.899335512612602,15.738512690123763,64.4838223833563,2.9204640174413137,38.52159185725414,22.58934345547029,0.10243727792189171,1030.0179192716555,False,predicted
4.144559431691546,16.091032797743935,43.85840779337726,2.391483334485215,31.982398856710937,34.606181896113654,0.20000558687551492,1031.493535400823,False,predicted
5.417005936715997,14.17992433494103,53.74943115425157,2.6978881024351464,31.868519918772474,31.187998568769068,0.07273439664714447,974.472974329896,False,predicted
2.592608904942192,12.429713705497646,56.11612828709585,2.54445487445077,24.457273291997957,33.67849714064707,0.008959887762481423,1215.188012263266,False,predicted
2.9167709279508762,14.133153570022074,53.10887021263743,2.534781840351703,27.533702529825476,32.43713406200978,0.02326894525948395,1141.3359926111552,False,predicted
4.525413322394618,16.416243222517636,57.95315716382759,2.8347031489155574,41.62015083772189,22.383227609536323,0.09419218676090883,912.4249855172171,False,predicted
4.764224562125817,12.179531827938241,58.57625138629352,2.0288295644783525,27.356804259328964,30.9367632419638,0.02681190576247914,1041.077048565646,False,predicted
3.521475250075206,14.478045360786867,61.21419358380887,3.487372778303556,32.853880737922495,31.481407445232197,0.02995590458964451,1106.546052362775,False,predicted
2.61968542868888,15.317033452380347,55.73514696535751,2.4938996522252705,28.765112932530805,28.732224591033347,0.055180405750540035,1124.4875222740252,False,predicted
5.338581341149819,13.036022467914071,46.57613683492551,1.386275736026977,25.455687944438893,33.9393150983186,0.07039858640175405,1005.5645057540519,False,predicted
3.4864158776278997,15.28980307581538,55.657526518633446,4.417157885876886,30.169019201224895,31.229820865338624,0.07068944451127127,1088.2129048543059,False,predicted
4.634341059585088,12.118327569338092,53.24176059082384,1.307744909506888,26.74968099445014,30.92933041204734,0.025687747983998168,1077.0312896728444,False,predicted
3.5312930367275697,16.59257389862987,46.49992317285338,4.282570035967894,32.959646814502,32.900226535205476,0.10949746595261645,1038.3798680044597,False,predicted
3.07994637722547,15.713176579676563,56.77858659157961,4.311647770723033,32.73023031176908,26.3854916781337,0.11193560677685804,1063.0948801573925,False,predicted
4.041624454539953,15.972825906811417,44.479976802615205,3.02341881160033,31.969943003138958,35.538589864770046,0.15606191704424668,1032.3440676644877,False,predicted
4.142015969661237,15.569641691741312,42.14100924807608,1.3937650319353034,31.82830170933563,39.587158971855594,0.20487872145977243,1039.772707011175,False,predicted
2.8001770232165533,15.366261940131343,56.63369304903587,1.6798062664420401,29.590415321672324,26.824601361554418,0.06431598313270645,1126.778855284319,False,predicted
4.304423138526168,12.890162546845547,61.66370883310682,0.7043642938972381,28.91586679920502,29.753578505924448,0.03341548078310032,1028.8508567324757,False,predicted
2.6748201121056794,13.20099696715031,56.52779391821039,0.5791731428424163,27.12286478750458,31.067309848317603,0.02371099805331419,1228.6583412010407,False,predicted
2.777037713990182,14.719660863494035,50.24412215366949,1.5453973473952907,27.903865002753296,32.37643063242767,0.03543096792592992,1140.935460862987,False,predicted
4.868295880117713,12.714264579798696,51.809045322798035,1.9749100523278074,25.765350611303365,33.34004361400651,0.025016316938222947,1066.4733815995708,False,predicted
3.1022123898032743,16.53039593088755,42.66293336754937,3.133566362555714,31.73089378078303,35.20277775467983,0.1044105233651138,1046.5453880187993,False,predicted
3.261380307539998,16.666762016768036,61.3212622474666,4.319824486845941,40.946901858435815,20.830546282359634,0.07235023024716564,980.5045605522815,False,predicted
4.943753614681889,15.22678815877379,51.71088194962538,1.592986979993663,31.56142236624081,31.323636132424493,0.11359182901872412,1034.183998973408,False,predicted
3.4836543936026234,13.415136069258951,58.10247171599332,2.1140484775320565,28.0253974784366,30.816834835469503,0.01916010049713077,1182.5550418623216,False,predicted
3.380574973857654,13.070156623642239,55.49884509661362,2.422258840897966,26.08757566552494,33.26399099995878,0.01579242687163961,1187.5557334574705,False,predicted
4.998425532210906,15.210124124174811,54.24060142607665,0.885315928115094,32.79046488769184,28.296956555859296,0.11379688016578732,1034.4432670438077,False,predicted
3.892735417013041,13.261366595761222,40.49018266176954,1.2294705709965636,18.409665867610777,41.31650078272671,0.022880351976467636,1088.0840076683469,False,predicted
2.8636138972431837,14.673987455594528,59.50302571661334,4.177407217768404,30.282230452230205,32.97023935753051,0.03224537721547422,1126.7948790317137,False,predicted
3.6396704701073643,12.240345780765956,51.192042913554616,2.919253623254135,22.252515032003778,34.846147526333176,0.005340586124993499,1167.113525576886,False,predicted
5.16499819468882,12.077296776469183,43.559715125125464,1.4653063993224815,22.56481648138401,35.41055450641752,0.05751154802478601,1066.8158161038666,False,predicted
4.171371198211276,13.183744180933791,59.865853766998015,1.4495821714181185,29.673270958435687,29.744939254956886,0.03459853039022609,1065.4329136784388,False,predicted
3.5884806551554735,16.726787198210012,51.8961624498385,0.6541717308573313,34.00610954177568,28.814444934287188,0.07404234470583215,1035.850392005595,False,predicted
4.286638886609846,15.961952789362119,42.86615712980376,2.7118409154877656,31.803158226612865,37.317930364963125,0.17251270304163913,1033.4208886641884,False,predicted
3.1563321537069733,14.54624963228935,45.08749195958318,2.977323864391123,26.092813755002297,36.10289721712375,0.03811399335652137,1117.4552860082454,False,predicted
3.104576862276769,14.418764410266306,56.59191271021167,1.137432588286976,30.49946430373977,30.088390024096,0.03227886441629586,1138.1761477494103,False,predicted
3.881089747907901,15.516435670585755,57.72217035205531,2.0181906964957084,38.44493176915,25.391892467223954,0.07175554373970722,977.9697925386163,False,predicted
4.710995206164384,13.240711312572385,48.28905132205477,3.268869383314706,24.580773721726214,34.00112595109656,0.029696273746733403,1059.2604244212516,False,predicted
5.282651960523561,15.91349176956157,55.30096219034401,0.5392647349760404,37.3086694267209,24.86886764901459,0.1665985157490127,966.8474736872021,False,predicted
2.9602218421916326,15.622830805723435,44.282860773481794,1.248201868622162,30.85197401502728,34.864025624078806,0.19554727823100845,1087.8609239590617,False,predicted
3.2911496728552674,15.185684114462013,45.30820725017255,4.2499164049043365,25.855063096390676,36.37419886476051,0.09461300025902425,1093.6138028165099,False,predicted
4.436053391710748,13.509606150983688,62.88168259832058,4.3568588842512606,27.29906869780426,31.673672091304002,0.036403681405840514,996.3411276669024,False,predicted
3.2022140510671915,16.512557610520158,42.94434496940765,0.629797850411556,32.49665366616516,34.47809029455004,0.14934839525565757,1046.7871473702962,False,predicted
4.484801643061673,16.68884331292743,43.313799938691,2.0829327373480124,34.527670350239454,32.75461803893577,0.14902203029345354,998.3495761632611,False,predicted
4.760374896179206,15.019748105240863,41.3636880553179,1.9295975785603585,25.155626044222526,41.37860913692314,0.15870118229089528,1045.085317534131,False,predicted
3.667159284921031,12.88791922960408,46.47111252990797,1.0761634257823367,21.748954746584573,35.441847310891816,0.019785883990465644,1186.9778878644115,False,predicted
5.220404943559084,15.523613311600604,61.66681212019,2.087397877266112,41.80872687757173,22.68551698442824,0.1322880481469641,888.4879524658382,False,predicted
4.554111492375824,14.760519305916738,50.44685306108346,2.157310085942929,31.06368895299312,32.13561379025145,0.06783498887501718,1029.3551274772017,False,predicted
4.27112873442545,12.725930815262743,47.21060678658729,0.6897135753317944,24.045126482246786,34.02323368278943,0.029623754119604887,1095.1151149678703,False,predicted
4.3519990465105405,13.788460838198837,42.47374322986709,3.3455835581480806,21.81329806070487,40.71006396148444,0.03094696171885962,1064.911156854285,False,predicted
4.414969569542365,13.80650774771762,63.695523997322226,1.3449204051663568,30.439737582781007,28.951003811281463,0.04115543679636238,1001.7699802147923,False,predicted
4.899271194037932,13.605264073309202,46.60174317181372,2.1313615811249806,25.795179333537373,34.30395938847154,0.03639736802736266,1049.6085578856969,False,predicted
5.405684329195891,16.265950430427083,48.377192242220474,2.9812678498827476,35.19239141964167,30.567500555543827,0.12043552057909004,905.5101595396503,False,predicted
2.8746698030888727,13.041111388363827,45.911279057622174,2.895780862171663,20.714346511445303,36.63903655486406,0.01391283788780963,1207.2334897248263,False,predicted
3.3452053386733756,15.652308488059152,59.79861442893525,3.8300348895535916,38.89002746342434,25.433172855203697,0.10264622406818878,1032.9299452177538,False,predicted
3.6297975049781344,16.47872685002706,56.16716862441085,2.413161960802812,35.5121473018572,23.493514854030398,0.06990566203172141,1024.9220905864818,False,predicted
3.322005539375973,12.704085759622771,54.10192208834955,2.4796122309573954,24.646557377449188,33.360102911738934,0.009240559549671434,1193.0254750706304,False,predicted
5.109445847607187,12.279413026121127,60.428973346194624,1.8825857284631455,28.083693325131307,30.32152042092411,0.04930783340085198,1031.181440243139,False,predicted
4.808052823637871,15.671565533824792,57.82992631945488,2.517781904945028,39.78730790059779,24.781784685347947,0.14824731148861947,955.1870365080478,False,predicted
3.7857208486632876,15.751313076590314,51.07283698748581,1.8884831414936807,32.53809045524313,31.136118981379493,0.12142678963735239,1026.831215057578,False,predicted
3.5467395832934248,12.666345159886049,57.81706202425501,1.2029286910947898,26.23140118853917,31.51003018988397,0.014268724927579194,1191.6785113313986,False,predicted
2.7000997454524613,12.605361610584414,58.87491982811901,3.7919024789759095,23.2565719472275,34.28096933545938,0.007366666745685753,1203.8434887253977,False,predicted
2.8272097403662366,16.195533790198095,45.000397552481125,4.375037233656112,30.327058215804943,35.2972756613662,0.12315570820145089,1064.7208380391273,False,predicted
5.3775721592337336,13.586336719130154,53.00008040317789,4.1441355139680125,27.168704834522803,33.32083297820428,0.06918942657901013,979.0944523975022,False,predicted
3.3750467822968115,15.72491794927576,59.96247970489969,3.2250395034449344,38.9254654175266,25.190703090041104,0.10244950218731455,1031.3908963624704,False,predicted
3.24300116615255,13.95789081431195,52.343336669641204,0.7990312434452636,27.841918198898473,32.52473703196482,0.026961334841588882,1153.854932336509,False,predicted
3.824637694773381,12.29975812106021,58.8577323159362,3.9033128738763416,24.38116235011607,33.531130516609686,0.010683971553320095,1071.3175451113336,False,predicted
5.010534607706829,13.191055158254574,59.385840886762864,4.209592613246039,26.912060732449298,32.703444363742506,0.04924921705467921,1029.079377014311,False,predicted
4.340342010195343,15.500175648515636,55.68704372372075,3.6779118717616512,34.210257253688795,26.538423147362536,0.10421423736162362,1010.3283634359534,False,predicted
4.867317609732826,12.65963753265253,50.15832676100745,3.8475765023566093,23.31011410548126,34.30026355060411,0.020343037151118203,1063.8456396945082,False,predicted
3.9710764765302144,14.978415724446581,57.08796870948896,4.10316267177987,31.560449415569124,31.32713004721808,0.08042154267751055,1033.4986934351161,False,predicted
3.4987849233407387,15.683505662528457,42.83275568086242,3.2327194769758787,30.932002164449745,37.55581489643612,0.14050700732783006,1071.5915563065196,False,predicted
3.002380306842528,13.12301866125896,60.10574786645675,2.8577153941230113,25.71656803232836,33.514026601982174,0.015012975922141463,1205.9044818719321,False,predicted
3.3885714462173566,15.859464397274792,57.884667417866666,3.7646228194888423,38.3714209835931,25.571300169232504,0.11106289240016282,1032.248212070633,False,predicted
4.231849828084797,16.48549923568695,47.17379298047007,3.1729675177806174,34.14929050115914,30.898992260700954,0.11286330468415613,995.3204752658804,False,predicted
3.1161862440143855,16.564678853007926,40.5410524990738,2.2478404838071446,31.126436552928404,37.050695427833766,0.13443469281619136,1046.75570391502,False,predicted
3.061921749601502,16.720371504215382,49.53048607711134,3.4221675717388242,32.18216929936944,29.16821579001191,0.08539266061152517,1039.1074262679747,False,predicted
4.311496531601973,14.779589147781383,64.45808387402985,2.4354855182503887,34.70840698723417,29.711514249657245,0.08772633472048194,984.2059564776085,False,predicted
5.251474029233362,13.116041342715798,45.84226671626633,2.295433055953951,24.617351874648183,35.308741379316395,0.06754192603228382,1051.156823595927,False,predicted
5.296915694997984,14.020183651083464,63.72542853846913,1.8279415730246642,31.34590607984111,28.660570901681044,0.06928056948125497,961.8971863073391,False,predicted
3.885595902588947,13.09403405449539,51.08583642042196,3.069152498089513,23.739419384971175,34.357758339579654,0.015400163961975119,1082.4395238079073,False,predicted
5.2840329420614705,14.443748223536236,47.256464433704245,3.0076204772209434,30.140162884542075,33.819446443443475,0.08383669829514556,1029.4044804325836,False,predicted
5.21849297495962,16.04121723010929,43.205163619093426,3.2667474038809172,33.51634467408002,36.36709553794039,0.1700773345729511,1002.2016742668274,False,predicted
3.5443385621681336,14.555371904365627,49.3073855495372,2.3544742332262953,29.323292665963105,33.284756721047295,0.033700703649138235,1110.9559024942432,False,predicted
2.544920821451257,13.425599952540992,48.85195279555235,3.2011795340351075,23.120558800894564,34.43191314631552,0.015032842800662657,1204.767568262651,False,predicted
5.268448613279002,15.368620111974813,63.355420429455876,2.584730121840172,35.224093050780006,24.446998723650683,0.12191555805194941,946.804308167919,False,predicted
5.083932654635526,16.187134322471028,49.82277998880611,3.2257046181502673,34.700690073929884,30.218831650149575,0.1296484572943019,978.498560162307,False,predicted
5.434191390519985,14.4602261563342,43.10541085308575,1.7511745818506226,28.80198549927421,36.29098442668405,0.0850514809981546,989.8519687213708,False,predicted
4.318473913705142,12.225325150187391,54.97864687117682,0.5699456790495544,28.08719954262852,30.805100005222553,0.03051191275464491,1097.3263217967606,False,predicted
2.6789792075467735,13.966396081987556,59.51613290458027,2.1010632663683415,27.501602471616234,30.83223920262943,0.0204876427752274,1169.3774179759437,False,predicted
4.732828022390546,12.934681756187262,49.22867245526636,4.075109051309773,23.515010094938138,34.73341525600593,0.028862269091885086,1061.8977670926647,False,predicted
4.260176484097289,13.753354931081152,53.35815298447334,1.4051395520520917,29.202603212283986,30.08122151777332,0.03580199915667801,1063.0440483953448,False,predicted
4.407000848837145,16.685806604652697,54.598070379106765,3.999523274175678,36.56606865698623,23.796622123780153,0.09478400051466179,971.6349167110321,False,predicted
2.7719060683579766,15.79935715519867,53.517833620811516,1.133460221497482,32.3609299091455,26.444979689956583,0.12093113192846042,1084.8441990687074,False,predicted
4.445469743747131,16.190921859710148,47.92947038406907,1.90085967937227,33.99363886916108,31.602735160265855,0.17059936252336166,1007.5789889234836,False,predicted
4.793344161815146,14.084113141719385,62.265564793863234,0.6237966308734313,31.94128719024119,28.581228175726483,0.04356377783190895,989.8453569555112,False,predicted
3.8332581998255115,14.864890080324658,40.73214194955727,2.2055944807459893,24.352885381837517,41.14252966584572,0.11183704230901981,1057.1657799435982,False,predicted
3.3932616793349295,12.335069434140873,45.054024290368694,1.627153100291007,20.23683826119645,35.7327047914541,0.01359287422235504,1201.3865512301898,False,predicted
4.572040082700287,12.464459935808817,59.8232860648087,3.962759106307157,25.351373913323318,32.99506071957024,0.024415857201831488,1037.593949374928,False,predicted
5.235186712090837,15.830421925391802,44.617602800870024,0.7522868674908312,33.915087185520775,34.440512260691136,0.22304607465395035,1009.8266229068653,False,predicted
2.9520170142636557,14.501302869249539,43.371992808898035,0.9302628979768983,26.42104236667272,35.73389697430011,0.04504939664963189,1145.8244081192154,False,predicted
5.400960995110979,15.045462404139466,54.12123156128014,3.3507516468138867,33.140674835941375,30.66438200426605,0.11217399144211056,969.099970356778,False,predicted
2.987798548411603,14.282299769613367,53.57483441604901,3.523792251901452,27.20765913287321,33.261095125794775,0.024452323440446688,1125.5970050301505,False,predicted
4.513045345095183,14.681434268361865,42.448093378993114,0.7608213163240484,27.409733644791128,40.10444921878928,0.0664215780862332,1052.7577398513422,False,predicted
3.816722075429338,12.078818617875088,52.451959472668435,2.6143855144272528,24.390923121795307,34.20471608179125,0.01086719108178055,1097.5005485047122,False,predicted
4.448413593771313,13.680385888748251,63.77125893680187,4.00741682996639,27.446765828004484,31.45376970877536,0.036977950074613734,993.7017422953513,False,predicted
4.768125250182034,13.98645194966972,56.81610665189005,4.364045227268639,27.755642598216113,32.6547309889011,0.037422136579238735,1036.2870918855028,False,predicted
4.920184970069482,14.092003132088685,42.50318161911703,3.2114457667096277,23.809357049080774,38.82454179623966,0.038537406993071975,1049.96982827282,False,predicted
5.373871240317453,15.21513702215272,41.206023673776684,3.444404881040189,25.577799615140286,41.382868447081485,0.12662495107111663,984.4123005192981,False,predicted
4.74892687921745,12.290176712174427,59.99605425154668,3.194272811668512,25.91832064048074,32.72614782094728,0.02380896378398911,1033.80095781863,False,predicted
2.6926352940310507,15.97756835396099,48.19331276959628,2.1876573812239424,30.80569627010906,31.981484614862136,0.17008257501036989,1076.5928001434447,False,predicted
4.199243930994989,16.246995390310442,59.118929390745514,3.4319425483522545,41.343677003535625,23.214747078181542,0.10588013536180683,920.3063199400868,False,predicted
3.976851591622837,14.796860093217234,41.114622490047424,3.192198716002174,24.275754510728007,41.55041351062788,0.08637699842664673,1054.7628722192392,False,predicted
2.610274881797246,13.078355065647806,53.04562095415224,2.039586053644548,25.293896585427863,31.70430176738809,0.0173720821092411,1216.7988911044845,False,predicted
4.005095505457987,14.668841542364804,57.41519992430315,2.0493454570015026,33.26980241651632,29.294590300730427,0.04079521184382262,1036.3274029250786,False,predicted
5.093049985840051,15.353417549578301,61.533875786262,1.425547188933789,35.8458990232937,24.9994476903142,0.12180032345367353,966.1541164479052,False,predicted
3.0960887524899463,16.119846861361804,53.98756224518372,3.4119863026846216,31.457694815375422,25.733568648186736,0.10972365162964622,1055.2833173257748,False,predicted
2.647672745385466,13.172858241866964,59.16273325053369,1.7795499680690945,26.576904525247752,31.057282690910753,0.01924035871100567,1217.0188327112874,False,predicted
3.674015676295692,12.454193127338634,56.23150727404316,1.2793124395592606,26.315450518170373,31.483429364371126,0.013787216810210706,1182.525863825731,False,predicted
3.92954412642863,15.983038256226038,52.92877706572708,3.235167241803646,33.50230612221348,27.961945051830124,0.11723183584066585,1001.7330758622181,False,predicted
4.187126104419876,16.342457016283888,41.5328225149113,3.464725428222672,30.854750668656667,37.95570483946084,0.11745663319637548,1026.5483555370513,False,predicted
4.421054662745972,14.0609206974421,49.77357462573002,2.0429906468160697,28.236160081373747,32.29098676007155,0.04037974397910541,1050.6962721724772,False,predicted
4.152956234147897,12.159692744612016,57.59506050774088,2.8683518107954136,25.960265148484723,33.16832535761454,0.019387958723977333,1079.3700253459097,False,predicted
4.638961168527901,13.629378705946246,41.49410308094269,3.0973314048767637,19.828790176919398,41.73265317071195,0.03225021848761032,1047.9359165633368,False,predicted
3.6353718764801086,15.08436323759501,63.12811863734993,3.7717413702986757,33.47576340262042,29.41699833601327,0.06281377527533341,1074.311591108891,False,predicted
4.297159695261685,15.99620590908467,53.86747233965072,1.5352385668348478,34.17207901287313,25.22615028849377,0.16123800547555286,1004.8151581818914,False,predicted
5.136070079656726,12.654350231550048,63.07871682649055,3.394908891567206,26.321218046414803,31.895130754807493,0.05438306628593908,992.8865131147123,False,predicted
3.9875487795670495,14.966554184315436,56.72360941926695,2.103577278649114,33.14298318811364,28.834634924433875,0.06828425679834207,1035.856262278778,False,predicted
3.1814455923322664,13.361263386596844,47.503394796108,1.7155227077694373,24.188144863594484,34.19718209534586,0.02189162803236361,1202.8163829818288,False,predicted
3.9653380012553834,13.406539585543468,60.764374878399806,2.5991821493192013,28.455417061016774,32.03101933959733,0.023228998099910032,1027.009052439835,False,predicted
2.9183908165881443,15.427830610298033,63.93663081275347,0.8436683495254783,34.54726915969264,23.75957707636709,0.0745081813387683,1094.4756061044725,False,predicted
4.246110772503464,16.223805064740297,46.78349140171358,4.410879011962298,32.653220124385605,33.85884430314332,0.1360498412597777,1024.0073554739006,False,predicted
3.366961268020617,13.650954479730704,45.88095262471374,2.547387350421101,22.550630269135034,36.233280180911876,0.019610861696447292,1168.303937011178,False,predicted
3.0357221932368073,13.717848056905986,41.45053342177112,4.1089852114321594,18.632080359695397,41.789836769097725,0.019331703953647385,1149.1124807744563,False,predicted
5.439878713550678,14.203450229606396,41.631138713392154,2.8284870678385263,24.031527799076386,41.56309141999354,0.07300949658710364,986.7538948699387,False,predicted
4.348646380936516,16.743825612195575,46.93469642118468,4.085937887518361,33.93643975510725,31.697871993719733,0.11489718359528571,1002.8897309131876,False,predicted
3.606665796758925,13.857728829988016,62.64793377104641,2.9519163143483156,28.109255650058408,31.994659241229503,0.01980148083217148,1126.2916756357865,False,predicted
2.6325646476969164,15.015192466813835,59.66212043455599,2.6539769543552474,31.55581954052011,31.12784161789827,0.05262146298476209,1123.6408357672028,False,predicted
5.364159108550119,15.874890577102429,47.709598073334,1.9951962979433135,35.03982639118755,32.312744973982284,0.20988445948122,928.2901454827464,False,predicted
5.370347101083105,14.119743259667409,47.69368436909137,1.794830776559381,29.007260126883565,32.73188240359102,0.07418732587467555,989.1138136571876,False,predicted
5.250313391193368,16.44303005883727,59.18639159702221,4.226595195257399,42.787577812785834,22.19134576447249,0.10949375047625576,888.3928295131074,False,predicted
2.945069166431039,14.265182391998657,59.2553986927979,3.5354042344025567,29.1279039802698,33.19855268781702,0.022896096693850742,1128.578493197734,False,predicted
5.244322058155194,14.66815316833343,49.98340310308862,3.3258748825637334,30.585052152217706,32.62905987217004,0.08150569664099748,1024.6216154083968,False,predicted
3.730324187598307,15.786914202575343,48.31570559371013,3.016753770266005,32.38809616809145,32.70989301323511,0.13443425389586564,1062.5126169287792,False,predicted
4.701722490059935,12.675475154429547,50.2141659538607,4.409667242122437,23.087368992925143,34.852341383771204,0.02058832664632097,1061.867380815118,False,predicted
3.082916603926547,12.146329697007163,62.84354833231758,4.286663418065225,24.157472095211777,33.184251351838334,0.008010491271817365,1181.6048196320462,False,predicted
4.729083835792116,14.78780409977826,56.2560299521913,3.130350368099486,32.9255494691895,31.398931925190457,0.08891203519373438,1023.7917189791626,False,predicted
5.128357545836044,14.637191272993785,43.762446216635254,0.9932888967439193,28.990064412942587,34.80076057289412,0.08125766812048299,1047.0130879560156,False,predicted
3.4011792945836348,14.66401367388493,60.52339349310678,2.4971726417818245,32.78589690886565,31.187358707417868,0.0325617876196734,1114.255220250926,False,predicted
5.336341601340434,15.81646893763156,60.823288387873305,2.417504397911805,42.46347711280217,23.665771123856935,0.15815489859556292,859.0174971469769,False,predicted
3.0699564382749758,12.392363251093604,45.921387773994695,3.6992745072233135,19.87687667664816,36.86809106126909,0.007836360520970476,1195.5813073762347,False,predicted
4.293985956670567,13.610027832309047,62.5843999629094,1.3106343396704756,30.13524863674942,29.129805869076275,0.03626462686033704,1003.3402483825279,False,predicted
4.210681145260737,14.007734108166225,46.18305640094366,1.269147250103896,26.099428575205987,35.17624808401136,0.03573841520753058,1070.3366475802554,False,predicted
4.147591800701583,14.52314829363101,59.4708669988739,3.122563598027362,34.220203151749025,31.344509137876546,0.04350694302374982,1019.3658914308469,False,predicted
2.582435557056148,15.93383561674437,45.95564125485093,3.4855329902355163,30.418152172506254,35.59928991387954,0.14741751831286765,1083.3022452655364,False,predicted
4.016132701505405,14.228506474518475,53.58236146916584,0.7806078552489356,31.44805415453315,29.157559798764428,0.035681432365290984,1053.6018172359313,False,predicted
4.239916893473744,13.13899084892792,55.98921642388803,3.3081393016736174,26.876039611184652,32.7537293558022,0.02856229646089203,1083.4490062209895,False,predicted
4.550936701679728,13.226538435600776,52.964550811836396,2.149479037763476,28.442580569336144,31.3108130602092,0.03539357325833539,1062.7247556932484,False,predicted
2.9384090903721396,16.759571518737317,44.668917581742264,2.627638801652195,31.942398475639486,32.6689519776709,0.10718126714000255,1047.450431672602,False,predicted
2.5482400626621935,16.162312967929157,43.53703024348969,2.7521684764469785,30.346312845898293,35.361247047602674,0.14637333916403472,1071.345420500236,False,predicted
3.627605935327682,13.029199106191014,57.866693801046424,3.658987193125663,24.9030291807248,33.68007251640821,0.0141487016821276,1161.3135222788483,False,predicted
4.280060609295012,13.781020937295573,57.565104953538594,3.953498578053684,26.950255324970918,32.63478668165257,0.032682661685603354,1047.027753407496,False,predicted
4.229072420304899,16.717510482219556,51.15548730978124,0.7476553452696585,34.72284115340894,28.754410061550846,0.0992386156545823,986.6957510674566,False,predicted
4.492201861401273,13.43494398588022,41.42827867299719,3.57772204139237,19.2549763216662,41.756162972520244,0.03162801865513562,1057.2151776075386,False,predicted
5.008302442639344,13.086663977837595,42.7614993685271,1.3713953041037277,22.447110826092562,37.54793378648628,0.05183896295448472,1066.7008925927835,False,predicted
3.074421643709682,12.812223335817697,48.64072571085063,1.6230999760902005,22.974019625150888,34.2069761570053,0.01304728839462507,1216.1765725584603,False,predicted
3.384182893618854,14.932347386910962,61.13041607145465,0.824964057476521,33.92883517976216,29.012377513480452,0.06292801651109843,1107.1191158451538,False,predicted
4.951270970880211,14.687246256892573,57.0033549230198,2.02271332622866,33.42822260248739,29.145322221494773,0.05511035727724429,1032.110519442786,False,predicted
2.6453697254316273,14.300231722110667,52.71275213844168,1.4197393045251077,28.858006482852485,31.415478541185877,0.02759021369569669,1155.5719307898635,False,predicted
2.9842974771655766,14.618017039739032,54.29177881713436,3.6401829048380123,28.55910722054923,32.69464562010071,0.02967890858903215,1120.4095086262598,False,predicted
4.08178714904758,12.589269322178719,59.048361562238284,1.5694956564073541,26.907460672706815,30.844821590599384,0.01997283434899146,1065.253620371641,False,predicted
3.832120120778094,12.195327064187927,55.255321168357845,0.9388609991587179,27.356340630620718,31.129007226344328,0.02138939063870929,1107.9010336367285,False,predicted
4.139451097041152,13.907747825041191,60.842068986063275,3.3673214786122236,28.646287729081923,31.730886419582806,0.03145844893027566,1016.9455201740883,False,predicted
3.671613981124161,16.097340825443066,60.24047497869714,2.563716820244017,40.40583633032357,23.655741269063686,0.10930791917293944,1015.6181101905804,False,predicted
2.9072628451699263,15.59157544389018,52.80202883303221,4.291492048456307,30.880643729344378,30.26944738364829,0.1064441168622942,1070.8635104028285,False,predicted
3.151453397331111,14.386527336797723,49.90348244478211,1.4594900668179993,28.27689675076619,32.377824972891005,0.02918081056532978,1124.2375830144497,False,predicted
3.4284561162586646,16.40261318654013,50.08514839590373,1.5375308095979037,32.26659778299285,29.13758567648457,0.0904846680462175,1052.8833354711671,False,predicted
4.549157354550713,15.92167037806971,50.93267087005796,3.5985170395560817,34.32021740054456,31.439635208289566,0.1413076751142607,998.6077147870742,False,predicted
4.282182123307212,16.451876994632826,62.795128402018975,3.9699770944159236,42.041394777285554,19.630773616252906,0.0998820560179144,880.9721600020675,False,predicted
5.209665570654985,15.279821803992771,49.96170870373229,1.8745062032246325,31.35397075977452,31.13368843678972,0.145542535531248,1024.8453733436118,False,predicted
4.384390060292884,15.548062270348465,61.50545475621528,3.528772757903692,40.69916845315655,22.927183165031632,0.12403157850968513,908.8981874020849,False,predicted
2.7121800606407676,16.6426910284215,45.1292414436407,3.885731198210812,31.91882778890497,33.14756639030321,0.105117571502117,1048.2400273254796,False,predicted
3.208197338157294,16.57596198636721,47.60406373679157,1.2571147320774898,32.92765887611394,30.727350368522053,0.13769380880355392,1039.3471889114578,False,predicted
2.8533410695940344,15.07527893661577,56.684482729988815,3.073479041005217,29.24546842950419,31.617015424631642,0.05950137063665228,1125.7972311995222,False,predicted
2.8921948297082087,14.73089451386926,59.364753110623056,2.838842366566665,31.242676281720055,32.50322548640129,0.032659379859916925,1125.259542912274,False,predicted
3.5993531751236283,15.511216068685764,42.89343070604948,4.106395482156048,29.765420818100857,37.81047966076901,0.10551176589551306,1077.9655978860455,False,predicted
3.9568607806246474,14.101511290640165,64.30824095189652,4.361807327128721,28.68657429045833,31.42085266815556,0.027862843639239514,997.0489433746496,False,predicted
4.90244994706236,13.632416559878829,58.814422260794686,3.114428960318657,28.261049183945904,32.356291594699776,0.0366019897131133,1012.300615639715,False,predicted
3.297243176629025,16.23709588815932,61.06799145194643,3.188350438331147,39.61707562031209,22.887589111902507,0.07705695073385957,1009.1307796503232,False,predicted
4.010183571618431,15.928037101329409,54.32763836346298,2.7504038552596244,34.99010195274676,25.715648621346165,0.11483274161795937,991.0756516960653,False,predicted
3.9822632800267566,12.792499679777425,49.02686678225063,1.0358694521541811,24.911555508677594,33.59830046573026,0.02035394809469782,1090.7974820279992,False,predicted
3.349181383822554,12.760974182449772,50.85768619934706,4.430831793906344,21.22417255119107,35.576179433174374,0.00862364472366884,1180.9626663947622,False,predicted
5.229336597488862,12.563097589979282,64.63725778657516,3.1620062519145726,26.33996714253127,31.906011304453536,0.06198674827740847,993.9460502217629,False,predicted
3.8220461721315973,14.365753427009608,52.8116957626275,1.0604231491768608,32.071583124264336,30.31635987583966,0.03609656565738732,1057.4802979124304,False,predicted
3.8532733105233774,13.671420803382391,45.739481400444944,2.2779742678803854,23.542521617697385,35.75906830347457,0.022792548658900638,1065.4876565608633,False,predicted
4.223737097798884,16.66923206685374,58.01537331256162,2.378867034917289,42.626621462395406,22.081722802531825,0.08773398628773528,904.4875853035034,False,predicted
4.738854147315128,15.033188402860404,63.487248773211576,4.224662993848017,34.07657756669964,29.209763356842995,0.11127105322640035,964.5257640436523,False,predicted
4.258780168795291,15.63241707967915,60.375894660658794,3.610568366007594,40.90669920588812,24.35736673009975,0.13342743102240576,933.0445229050184,False,predicted
4.449302188924422,15.149959601648103,40.674997516364485,2.175543824425357,25.125942661429388,41.08479969591001,0.14887534703976696,1051.1008255188342,False,predicted
2.6039292317105,15.33072698429,61.42497779720907,2.4061167130659653,31.53697273746918,26.77221902562005,0.05362354987197643,1108.5817975884402,False,predicted
4.1661502908185515,15.697815790242476,56.46962945134854,2.639791637691446,35.17530331821145,25.566136364904015,0.126795373365948,997.3589968082578,False,predicted
4.6767541788420175,15.177885517628754,61.63553218521942,3.9466616098819665,34.162433111744164,28.37455191996363,0.10608219195821252,963.4166128791562,False,predicted
4.328816834510752,15.620878551254473,42.52710173519022,3.1663649221998087,31.74803556272641,37.85731336669087,0.15274203694650473,1036.5416042265772,False,predicted
2.568202825778061,13.946275683784899,54.42917143427176,3.1237004706050273,25.545190666780044,33.34676879333284,0.018048419180873517,1163.5089256437732,False,predicted
4.309082098038605,14.308684214553761,56.13097165986767,3.0799185058287497,31.728759865033858,31.755138910746645,0.04062458550701259,1047.1148175888852,False,predicted
4.577437536661012,13.558788730407066,61.46535958536906,3.6355201395402776,28.005944240464473,31.57051093551152,0.035693998685529645,985.9356447712331,False,predicted
4.442981613070125,14.537883911439728,42.3469818525898,2.3589298785061326,27.05804053044306,40.38069027401294,0.05640632257173605,1055.2396857411054,False,predicted
3.7633019551407623,16.27339100013717,46.85148181310465,1.5637639685681863,32.56946293406528,31.69906776766776,0.15273861911608166,1043.7578025193145,False,predicted
3.148505872346113,13.835115901711683,41.59257011236031,2.169711540506068,19.31057062156797,41.68805132935564,0.02231810273652289,1152.4157806141884,False,predicted
3.1301788960324552,12.54730844365816,59.979426421056246,3.0508336794977007,24.11111776037366,33.844273887264926,0.007754974142373733,1195.4093462593632,False,predicted
2.941874625200296,13.430547230863375,52.59855884689179,3.820055764375329,24.051622168536763,34.685647578562794,0.0171898927407697,1197.4352758948887,False,predicted
2.883523037121895,16.459355132580612,55.442706308140664,1.1053599202601223,34.954763534686116,23.88383859264744,0.07499204008766026,1044.9235891208389,False,predicted
4.804174650922835,12.972640362803332,51.99532389937268,1.7682699897295162,26.68555395894525,33.02128052058201,0.03428008991090832,1068.35327502996,False,predicted
3.4938861236560697,13.33118736410278,62.958124824503415,2.60939734108074,27.627749767720243,32.11040029793587,0.01700531501659348,1165.2574828698316,False,predicted
4.1009518963215,12.592752728034498,43.65830866930773,3.141588809788416,20.05410864111758,36.71679697814758,0.013584651092878194,1090.0188525330861,False,predicted
5.121257957076973,13.489562174323112,54.87434689898681,3.2081962116563973,28.026525734493717,32.373452515468365,0.05693933645217363,1031.8332715248334,False,predicted
3.8657534370898405,14.91773495202369,57.22651563938609,1.3815360371794778,32.976021041037214,29.270708609936204,0.06485780446083579,1043.0449153361546,False,predicted
4.458600907307993,15.374726585970695,56.29374765959576,1.9217544521994951,33.0856408888902,26.095767414294645,0.10747447606132608,1026.8210757875304,False,predicted
2.6545868712779748,13.0494026490641,53.72565449085378,1.3315599478908624,25.89968691894934,31.270342517977546,0.018782204402202757,1225.7369417990367,False,predicted
4.149586104408171,12.941107165844482,57.51011237316042,1.158907096507804,28.394226701115585,30.840507113108163,0.03300239351177955,1087.3164782292365,False,predicted
4.2210978222746895,14.84680954835714,46.09772484664536,1.9700958162335298,29.929860150855447,34.96207770951656,0.1413825479810271,1057.7063890321401,False,predicted
2.8461170872376766,13.306205221187952,63.73347897959668,1.6371508064582354,27.297845035259527,30.50443817422569,0.01906076650766947,1207.8156129670895,False,predicted
3.947215020212151,16.39780379602637,62.15663748442962,1.0979545133559434,44.360501174134015,20.288332041110692,0.07579198422082697,887.041662660725,False,predicted
3.339530327404961,14.648505099988226,47.66867429364357,3.9887117741322817,26.136293414618546,34.381676270148766,0.04337556476080125,1104.8991020370006,False,predicted
3.01046663802609,14.576843301248118,46.29286299410242,3.8747005421730374,25.965061870124785,35.972937094442976,0.038970737569069394,1121.392620818788,False,predicted
4.570622310480207,12.036942081259477,51.744638824389355,1.5588564840686097,25.355352114547422,33.46099431435105,0.023469411851165422,1079.2528707688316,False,predicted
2.7816953078458972,12.662095094362327,43.9888590511484,3.917579035391964,19.03314646730832,36.81450826808116,0.00803344372928633,1202.5727518647705,False,predicted
5.132422064404885,12.345989617776885,40.86128454335133,1.3406129177709178,19.516157863101714,41.25440836068638,0.05246997603393009,1065.655733313747,False,predicted
5.150090085843239,12.442129965679294,53.18894260793826,3.060043259276727,25.473671793826625,32.84216901581656,0.05407025126291294,1056.4845240492316,False,predicted
3.4523480121058103,14.93826658114929,47.80209382739217,0.8447083779285525,29.03837059173722,33.19986238964248,0.1253334046520238,1116.1451722859329,False,predicted
3.9182653001841583,12.818248344804333,52.35004643054848,3.7105126351032163,23.059805719524068,34.65051684734722,0.01365204691095937,1084.6807810591315,False,predicted
5.11770184410026,14.528219546296869,46.17074272774662,1.7194959008756316,30.471897559947525,34.33240273184298,0.07785587814688158,1044.8572987750529,False,predicted
4.665582496550371,15.117219012388132,57.475543218633376,2.224842366396316,33.981124298950796,28.309979175639437,0.10653289197322281,1013.8067409375257,False,predicted
3.748309739559547,12.187806870963927,60.14882592965716,2.8207365804913453,25.686333240321755,33.129483963199775,0.008789037888331968,1136.4363466423943,False,predicted
4.931535120190443,15.770462645405292,60.62437592643582,3.1184322079310767,41.70243362207556,23.906489178558584,0.14439681238229188,918.9564265887409,False,predicted
3.4078850065396527,15.885113561219848,58.66867156885942,1.7337647155695963,40.96946890743581,24.81281171864457,0.11563309306478059,1035.5093888639424,False,predicted
3.8972952063624664,13.891596434778402,63.519778918802174,1.5952353355217541,30.282129357892448,29.190923932668213,0.027765210928721393,1001.138374464552,False,predicted
3.324573278570952,12.106346468448216,50.37185194226346,3.844433821367041,21.359957500109232,35.00019147850155,0.006176864993396063,1181.7406526748018,False,predicted
4.4649697833738635,15.485492919695982,61.55770328940004,2.0140194535667675,39.87622635832414,22.880117820386488,0.11620974486909175,920.3929755947431,False,predicted
3.3325559597241323,12.919317724940967,59.93761093420423,1.665983746874566,26.634929910036526,31.11225280086352,0.018723372577854735,1204.4862863622413,False,predicted
5.152544047884309,13.767836016189454,57.384899530688415,1.516304829325112,30.18883132741134,30.03460575539999,0.062315218982784575,1035.7937586097537,False,predicted
5.043113721562314,16.627885080849964,50.89141833408705,2.825472866669601,35.86008666523065,28.779897390198528,0.09790622522491035,956.4356064457106,False,predicted
4.82835114864707,13.791381619325048,54.039783302826905,2.324238816012668,29.319899784459224,30.084534835071103,0.03785166571555992,1038.4220796488228,False,predicted
3.025973378442229,12.292622772493006,52.68240329093691,0.5890747321751715,25.80133784676863,32.45072192196397,0.01726596917786821,1222.3567501009472,False,predicted
4.659504422200049,14.70964631725429,61.191339902914,1.6211218969582886,35.40565630092626,28.532672931677798,0.05806598083126219,1000.5351549427986,False,predicted
3.7659668897050946,12.91336943675415,45.26944432590789,1.5508349055458743,21.4104695473623,35.63058615913179,0.018296024762209227,1152.8828029010883,False,predicted
2.8339496619811055,12.641540292770182,45.36722305750645,0.6503576657988035,21.405007684628377,35.658428838686476,0.018768525110669915,1227.6321565551655,False,predicted
5.22587634432065,13.934245827902124,50.497713475408275,1.5986686921796482,28.555249808338747,32.2573468761634,0.06964603610383889,1039.6244690196409,False,predicted
5.171731746277315,14.828735743679145,54.70036063654157,3.5102603132207317,32.666153080691785,31.32086731098935,0.10713992420189941,1019.0756971563927,False,predicted
4.254311667262154,16.350745127333553,59.78930796549022,2.239322386093635,42.191998912704875,22.141657394163044,0.09596488596614093,908.5586962838647,False,predicted
4.821366548898326,12.807840426544029,44.24609386537938,1.5256532172889892,22.268045179613697,35.21391798824145,0.031027880728966756,1070.8796782367324,False,predicted
4.776394775883953,15.667024936758603,47.32210097350783,3.5517436960132516,34.55197269125467,33.1375280913971,0.15672577433447732,1012.5404277256937,False,predicted
4.331222057339048,16.73373440572623,51.71733409853136,1.3622919611847422,34.85642754687599,28.750891519764235,0.09984008609335158,986.8128681269444,False,predicted
4.394121900479104,15.480234719023564,41.57697659054292,4.257825432296718,29.51784579095275,40.873047943555,0.12389118355013244,1048.0972070518908,False,predicted
4.856009679201563,12.511567592350001,58.13968572352664,1.5047648209188922,27.687970489815157,30.943581133020665,0.028396446713837398,1049.9742081904417,False,predicted
3.6609284813609717,14.208188512401467,48.44813488205962,0.6965989472271219,28.634852219987245,33.231698851326826,0.029651614668600338,1129.182277201913,False,predicted
2.8091958854578505,14.010032689355267,45.630821433754754,3.8113133914569426,22.92046324732205,36.53513709193451,0.02022247071833435,1151.9305233789921,False,predicted
3.8636555790597824,14.125457670028258,62.246425995476756,3.8244312206514124,29.184810391970657,31.254010856322726,0.02608774122478397,996.2192577604937,False,predicted
3.463962748078706,15.997722457569724,44.095485200799786,1.3875221002781362,31.208502856725346,34.67235546890987,0.20426754482802895,1070.3023531296196,False,predicted
4.410413607724536,13.000430421239765,41.23006686999448,3.2781119561387824,18.47938421627915,41.75353990109677,0.029765700286253655,1079.0444214545787,False,predicted
4.853435530098677,13.87842748769524,41.181991232552534,2.7151812216750337,20.731187914519115,41.71335832011872,0.03384096875861649,1049.4071234165442,False,predicted
3.175048587266831,15.84634682208974,46.25818596205782,2.431798686332565,30.43720312353948,34.91197761993194,0.1811434679258529,1074.2434286274643,False,predicted
3.9205538915746896,15.505567567853582,50.81524109833425,4.093006119149202,31.762334257753214,32.610559820678574,0.09227728350375282,1020.4237420588278,False,predicted
2.608701517079465,16.372854251372853,63.53811944759457,4.435723153570727,39.47998728202874,20.144805794588564,0.07793136108796477,997.5136454592223,False,predicted
4.1906349593921615,14.439620601978135,62.38842356942057,1.9915871436099755,35.130918792508346,28.35709001888051,0.04523800739944759,994.7781147731613,False,predicted
2.9652590434030826,12.202183092155225,58.08456969988492,0.8567468983080151,26.669962407426105,31.322158553242268,0.018532141644387982,1227.7115301671013,False,predicted
3.9598154989957877,13.166356593392493,59.189606882702684,3.57305761393897,26.378610836705352,32.85983867003905,0.02068827978861034,1054.049379760889,False,predicted
3.161103671127243,12.674817280794915,40.57816272388458,3.005038876690178,17.120094380754843,41.478144679516795,0.007686428068769877,1198.3671968100587,False,predicted
4.798653202124361,13.209026677420335,57.462952639922854,0.8924102063980455,30.177474577807924,29.915894071768022,0.04328714706275133,1063.9379810361368,False,predicted
5.086092934373769,16.674733110758257,48.533676120577724,4.307221018063163,35.43988137333082,30.58490451200181,0.11328719673419527,968.6637197621972,False,predicted
4.5191574167942195,16.062198787144357,48.587041176989594,3.702214296037518,34.011008513319965,31.913854548699142,0.15483328346579567,1008.883267146628,False,predicted
3.1701230995206284,15.088153008429034,63.836561333659,2.445373156586197,32.62410837262311,28.7969916283159,0.056772954728986885,1088.8327490420008,False,predicted
2.831880014471047,13.10967063734203,62.41306578350152,3.691468144093447,24.698673256306446,32.80175679085333,0.013599352436851017,1186.302600596896,False,predicted
5.273289878950289,13.667196055454227,64.07412601749915,4.383898615706677,27.810636410874316,31.480038263793677,0.06782931826117665,971.2101343936001,False,predicted
3.7336797454557367,12.05056118818366,45.67477406085834,4.346701609299025,19.92768898317219,37.03094023463162,0.007767480746589248,1152.5902467133917,False,predicted
4.533429569777353,16.348190863942875,61.08427216061423,1.8973528742999237,42.69293574353092,21.36896386592504,0.09886551786701009,899.6361754357522,False,predicted
3.2873122465054663,13.105765942096513,50.18874167964182,1.222132199879237,24.425357302678147,33.488246955880456,0.01730985919286641,1204.812370112342,False,predicted
5.0893418025555714,15.263881196863624,56.91452159605843,3.108117763858618,33.05247726468149,29.19223291772228,0.10733328767702328,1017.5782837734316,False,predicted
3.934241839694078,16.14894285415635,51.52048485705629,1.3981530524568018,33.44452522890461,30.33633513602481,0.1301542088250152,1011.322152779157,False,predicted
4.7783613974303965,12.624789157125946,58.157993739490685,1.6467209403309946,27.424396808674512,30.97136612204285,0.028195825740603992,1048.8391223456963,False,predicted
4.019652980022771,12.377009504920988,53.2819151076644,2.552375951086033,25.160992039550422,32.9443477445604,0.014269407137607519,1087.5132395821108,False,predicted
4.455108554405553,12.87384972056521,62.910962690211285,0.7901657626523892,29.157294951769146,29.680397743062645,0.03716153156688226,1017.3794863902184,False,predicted
4.368584592436447,14.61190471103083,55.52812659669467,3.25639485191091,32.223338368055984,31.46841927270021,0.04813985065195639,1043.3380305312617,False,predicted
5.275364800493666,12.745782090807314,43.68079449908353,1.4862864453626425,22.90151186028357,35.11331860219063,0.06564606007927737,1054.628331586946,False,predicted
3.7379419221189063,13.772573309866207,41.71253353476757,2.6329170692271506,19.070499793616467,41.76890378746841,0.019336860236818736,1131.02940373794,False,predicted
4.248430282792704,12.843685929439351,45.69937426966959,2.98461763134282,21.537701535595133,36.555740040972644,0.021109529108363508,1090.7710563861845,False,predicted
5.11377044561884,16.151731682066725,61.37473310808725,3.2926379332644524,42.38591173990235,21.365884646927555,0.1448718566534759,872.8628266469719,False,predicted
3.2473191155832946,14.768371012738648,50.62659375743197,3.8907309185308563,26.979667606537475,33.95856299419698,0.05738673632866179,1096.4684362339476,False,predicted
4.656216060574209,16.43834367024998,56.93740619574882,3.203604421216211,36.60023587423987,22.896111813076526,0.10035937407034433,972.0883231278893,False,predicted
5.095880331687397,16.590274633445027,61.877556695716876,3.3408883886225356,43.56893804285924,19.912210462841312,0.10084862224159585,852.9729267992165,False,predicted
4.470711035536563,16.49118309887071,43.12490135711719,2.864493056096465,34.62805255684439,34.59645233814632,0.11850415244464657,997.6076258211768,False,predicted
4.218784153798687,14.631172842816285,41.976376786007194,3.907620254488832,25.90778658929139,41.30211540954395,0.05278980069989665,1068.5853027745877,False,predicted
4.692268386899993,15.774677707552883,41.756553602716885,3.8659572749670588,31.99322327646469,40.59803717890679,0.16053587257714455,1030.7959335769272,False,predicted
3.716262482291924,13.158057579479681,60.96722019459553,4.3298511591145745,25.33694689308751,32.88816371406424,0.015024239101858997,1152.680614495032,False,predicted
3.8769482004457396,12.53983017481852,48.89370096985213,0.8763618145588923,24.420154374424186,33.683735817978274,0.01638265856242441,1096.3867237932184,False,predicted
3.228495810217538,14.988975966022863,42.970786330561765,4.18828635055705,25.343562536580986,37.93462741944701,0.09024137630484816,1095.8224807347945,False,predicted
4.947337438760488,12.866895367122455,52.772451533299076,2.71811724091383,26.402936506077545,33.7011722117951,0.031067160519895314,1061.1015879403344,False,predicted
4.942317477410123,13.720292245194631,54.84940899813327,3.5118101945757303,27.78303638647869,32.4845695924323,0.03972706254700245,1034.8679941612265,False,predicted
2.725004940530801,14.064804131036944,54.22863630290858,1.0037319567605736,27.987623442459494,30.062374034320598,0.026845043360535052,1176.0227120465886,False,predicted
4.976126673959287,12.459105975926603,54.46056454079642,2.55917299290555,26.920875784748482,32.53546941817515,0.03829669080650011,1062.1767405313456,False,predicted
4.071466467213536,14.34250907521107,55.1864458979434,1.829938795943133,32.51550083391075,29.27023921635528,0.038943476356556886,1047.469591309472,False,predicted
4.499200482175862,16.28503659847032,59.89385501265132,1.2252800281855871,44.24535040943924,22.34034092657467,0.10790250348385587,910.0011972256899,False,predicted
4.743537494322428,16.25745865925213,51.64281247187098,1.4974922487732614,35.08906107377483,29.055496293493725,0.12000957908977208,992.1656543730775,False,predicted
2.5570133079568333,12.360616631700521,44.769240878854326,3.091973838704559,19.042537523860464,36.65759125711623,0.007347719064409552,1208.145386123616,False,predicted
3.754854184285948,13.250819788035699,63.32560659789546,0.7170870409648993,29.500194713119683,29.375694684123772,0.02565712172171151,1132.9589878013817,False,predicted
5.185352887846295,14.078321194142756,47.12772002777529,2.7663561652245843,27.590645860114083,34.02101276188987,0.07110568108831716,1040.2140928255185,False,predicted
3.0186900467810434,15.201472238170568,63.30623579825467,4.078764085729129,31.12843117934053,29.304749832285335,0.063862973325769,1089.8350428962474,False,predicted
4.802346655119891,12.31829254887991,48.097960247675594,3.7999386946914355,23.141782677942484,34.30550890383475,0.019386207779008728,1066.669308067064,False,predicted
3.257412678833745,15.685300898507634,42.80753515530846,1.78919782008319,30.18088409854861,36.949840173008404,0.1900051465806346,1081.620150563376,False,predicted
5.202987711463779,16.615636096693333,47.09269062290275,3.1800902107325455,35.64623518985753,30.968544477006386,0.1129202210086109,966.221523792488,False,predicted
3.2414479991570198,12.219358130505872,55.51156179135596,2.124897268289778,25.644420385658275,31.916003202610977,0.01005125577695435,1202.7950888854878,False,predicted
4.830772952692124,16.506327120423027,46.34306145918852,3.214231645337656,35.413507755693374,32.40794049530872,0.12074270790116806,990.4937517861526,False,predicted
3.7752927539410064,13.592801798948285,45.352169925406166,3.4488352571900003,22.134341521899604,36.59502714521575,0.018558184311375365,1123.8449208043423,False,predicted
4.759635399050341,13.927488895708121,62.008108612637585,3.3575222775653017,29.040564324729434,31.173129791705055,0.03699175298038335,981.3423956172495,False,predicted
3.319677983875125,15.810046739807852,52.04839063877157,2.768367004969925,30.99289615910889,31.55697949266972,0.10650953394353412,1067.8653537084544,False,predicted
4.034831649848394,13.6574355686472,52.02695329190836,2.5005851062150204,26.779251094921527,34.010083794071846,0.024539443450019665,1051.3454019594049,False,predicted
2.8607477899345195,14.983020623018515,54.34639468477489,1.839740848161497,29.600637316670806,30.004744425613122,0.0521760174519284,1125.3023306637306,False,predicted
4.156477326484662,14.909713130837,63.87727155296223,4.069859409135742,33.61980139842456,30.334906497904544,0.09137011489001066,979.1171843630403,False,predicted
4.673904841497242,12.139721496016083,40.63999121586025,3.739917796591247,18.57101163867076,41.40015090266584,0.020161908030300095,1069.8123839070968,False,predicted
2.5615029197537362,15.843596801960071,60.68017516651513,1.108596511445017,41.77241935359929,24.39619386746678,0.11964572525137984,1051.5651954749978,False,predicted
3.6127226207766734,15.235493956982328,63.661968284615455,0.7372865896750375,34.40620755114412,26.79534470148371,0.06384642093578452,1093.9693418374554,False,predicted
3.460867352338105,13.26697382187645,56.79442776488663,3.786601677751908,25.41857805966563,33.48916738283371,0.015280956435662556,1175.754731585162,False,predicted
4.923438081431686,14.112402279871157,44.20900338645924,3.365115017591246,24.716476873682172,36.032297488178585,0.03849757991634949,1049.761813786984,False,predicted
5.198297257340098,15.543027426258103,49.51236572122632,3.3150569564096637,34.614743404488244,31.80711682532445,0.1322356312122205,991.4904063049574,False,predicted
4.663407681371379,12.800892642804904,46.960494928991125,4.0275884194992635,21.982788780955598,35.25546771803546,0.02462754917159736,1065.305043525697,False,predicted
3.2567773287677415,15.360570170294311,44.01107114834508,1.2392307725519154,26.764858414137763,35.10860279540217,0.14454812619659085,1107.1972726396175,False,predicted
4.108814889729149,15.561301235777037,63.22859747266896,4.293237929412633,40.4230398504897,22.299724186114958,0.11072916899838844,910.7590103264813,False,predicted
3.740234681953363,13.326009637953534,57.7578089566238,3.6048929283737596,26.085557563361714,33.09074861315931,0.01750352966461354,1147.8442329957923,False,predicted
4.995788141216405,12.138143499926086,55.977716162225036,2.7912497512358994,26.959100917735135,32.9088892793783,0.041140290899289826,1061.5225271258562,False,predicted
3.334676900099238,16.45512275606582,57.7429474476656,0.8333665572177038,40.687252256320456,22.98827659431538,0.07298178648932542,1013.4432532632593,False,predicted
5.364763678529425,16.549761490147127,59.53590022479938,2.660519909478062,43.854782392154696,21.899911659923404,0.09936621778937972,829.5110021401148,False,predicted
2.704261332236504,14.873184359892345,61.2572409002355,4.353433440478868,30.87896228536199,31.623397904546472,0.060520257570340914,1110.328909804478,False,predicted
4.875591047519064,14.390155067449854,48.34645492672818,1.4678181672719015,30.700658550765326,32.67878425457295,0.04798321065085299,1049.309197888953,False,predicted
4.1813595989740175,14.209142719387104,43.33172224184928,2.883973327601931,25.87613227936599,36.63470551293626,0.03605854268619214,1061.9894117337312,False,predicted
3.820912472085186,14.563693757632256,48.06781262228871,3.1482263124732595,29.00709133252983,33.79492273160992,0.03959098770538112,1057.7920386869282,False,predicted
4.714382637228367,16.1288740764584,63.60491180875351,1.1634024721948297,43.76815766224142,20.499922640035138,0.16111924155277726,886.6524937883137,False,predicted
3.663098110580674,16.304975264062794,44.46827218383735,1.6514478439686786,31.76367288775768,32.88600411906835,0.15136796776044784,1058.7031918186105,False,predicted
5.405274019971356,13.747889320088591,51.6760665437631,3.779745333624838,26.82891246069187,33.650250584923945,0.06854423313875332,979.3014624797231,False,predicted
4.542702986765793,14.594037314455596,55.69542971701891,2.8015235678256025,32.757623298664946,31.403751369426416,0.05092177061203828,1027.2184262594421,False,predicted
4.876585884087898,13.012122396656908,60.33286767559014,4.127254739520869,26.188455934595105,32.75293426260872,0.03440294595832514,1032.5342588006858,False,predicted
2.8215817096974924,12.245362028074574,61.75993048654887,0.7684223538596249,26.909938602203045,30.737437380681826,0.017592130247157698,1212.4353779712162,False,predicted
4.04269599379344,12.699280974450144,44.87131330865654,1.172461455975736,21.15197417520857,35.491325460989465,0.021067482062343525,1091.280775430079,False,predicted
5.264809686445757,13.700927856009448,56.50969729437852,0.9591720834098192,30.569822525909093,29.734798330112504,0.0689820440152186,1033.888945914253,False,predicted
4.824291155370771,12.499534766168182,61.96078083494806,1.0674118783944193,28.18413146776748,30.030922334890057,0.029680282319326436,1009.0876226806,False,predicted
2.5534639987520147,14.590887344584313,40.76261371430204,1.1004034891855625,23.17435951441205,41.16357778756848,0.04341107975308571,1162.3416882344966,False,predicted
3.664282435712627,13.336591885327458,44.70566664676601,2.746224052555559,20.861892717237833,36.47105906470545,0.01548548698981367,1165.0557687743358,False,predicted
3.8602635735412525,13.27017581396047,47.61794955381798,2.6236847403654213,24.10886575181298,34.34785237742373,0.017427731407636572,1084.517866988361,False,predicted
2.6700247016826446,15.192379081671376,48.14175048436543,3.5765339173244994,26.739924254803515,33.28522584777875,0.08491089126051168,1118.6819855945082,False,predicted
3.1114374203499957,14.604887569340542,43.28146826653526,0.6199741910504822,26.601445815110896,36.860868217766075,0.04641035429877017,1136.25934696879,False,predicted
4.472713451565201,16.63282496860813,58.39099562308827,2.7780810190552243,42.327586534484695,22.10046728386236,0.08724630527919126,900.9442079145387,False,predicted
4.6191734370983575,14.225406623399396,52.645073868228465,0.915767272272914,31.601151480983535,30.6773332974268,0.045661704183487355,1040.787795062753,False,predicted
2.842285240666839,12.046891308487593,43.49288357641846,4.184190932712376,18.952249768695353,37.314992513333635,0.008189840799539378,1200.1762022813834,False,predicted
4.67951452996296,14.850637548726475,53.804729801968556,3.5048211450786155,32.65807274303218,31.432229031755092,0.09458432843643404,1020.9404259502693,False,predicted
5.350488587903129,14.622983790329148,54.18949570952579,0.8521793643767348,32.891300811432195,28.737420349118594,0.07985632169466463,982.9653932634311,False,predicted
2.9239885530970806,15.249312039041058,49.577167337649,0.5439750421650996,28.216175976080564,31.915329125164398,0.09652071050843457,1132.0560166782086,False,predicted
4.055415203227277,12.093518191782673,55.74566771033637,1.5196665397427385,27.039643108498684,31.215374834294906,0.020527106535307628,1092.263857853305,False,predicted
3.2635190235761247,12.235400459843834,51.310330751496245,0.8809175550938204,24.75407416045549,33.44377750299523,0.01567806216047606,1210.0020745600084,False,predicted
3.5027011967982276,13.519530781535689,46.21957219673981,2.7984165949921214,22.635130597126253,36.233739539847534,0.017521565482728357,1171.9868587823582,False,predicted
4.359442195288855,15.64036938961403,58.62479306621809,1.8447306781200914,41.118017194630895,24.228438553778624,0.1479908302750556,937.6737140572513,False,predicted
3.1225291241843447,15.472969706536396,50.02685863423465,2.9331947180003377,28.57136089330276,31.818263509178784,0.07919548393937884,1093.622442484213,False,predicted
5.3107711350705475,16.207935444010364,64.27269927058506,3.5442542016631444,41.85992317336765,20.503933638225668,0.12303273003831512,855.011465756188,False,predicted
3.0735734138563164,13.300332990389196,50.313956336464614,3.6704378122455186,22.87021574747162,34.77866270785488,0.014335421049793759,1190.8764351892669,False,predicted
4.7210951841418325,15.401606883370535,60.543031030626814,1.5058965865250737,35.822410715046885,24.97670454593934,0.12309638464257641,986.692100194831,False,predicted
5.1443997475063785,15.95064526676046,57.12212285209475,2.0922630464980756,36.762328420240195,24.24812686397202,0.16347314637825042,968.5196113940349,False,predicted
5.160644622850022,13.54613934418766,45.41765433208873,0.7261125102916045,26.23617533787623,34.917918976232514,0.06594413032887618,1049.1930011344978,False,predicted
4.962922757918227,14.085125875882756,53.3274986357576,0.6280575479228048,30.9642082486447,29.00322469503363,0.050036460174733316,1046.641367447353,False,predicted
5.0715558888754,15.719891096023364,49.353050176428496,2.3290252149033916,34.84026984547451,31.729849279172385,0.1847589313398576,989.4249998502356,False,predicted
5.040615905332151,16.174472905600616,46.068619223093755,3.468628664099467,34.231856791272044,34.86988314270624,0.1499443668704365,1010.0959671461599,False,predicted
2.6023136182898234,13.847582910436465,41.83439825401465,1.9126305868232523,19.85805569952658,41.564454099676404,0.02303641717552832,1174.5971639600702,False,predicted
3.3612828919495716,14.816738157825911,53.431495263117235,1.456511645623235,30.78384523701771,29.77198490688557,0.05821433988988703,1107.1831776259212,False,predicted
4.78682986975814,15.765348017409256,51.784512934119974,2.3679705665500315,34.79742678510944,30.99058106048262,0.1564980079694104,999.7088674909318,False,predicted
5.399538738162846,13.342575388413213,57.070184946562165,2.926103214947828,28.406735830243033,32.25269133934357,0.06806355053311484,990.0788337191425,False,predicted
2.697925588335024,13.492957126842038,47.417190326397936,2.2332858387098025,23.94644642065245,34.35987560465088,0.019305361087716463,1208.6535792376928,False,predicted
4.914083712326359,13.196393787967908,46.80470681041192,3.37765825754512,23.879276246419074,34.837120754590295,0.031285185226880695,1061.3284832489437,False,predicted
5.3592323940397595,13.2779668764771,53.907852400469224,4.3123428279354235,27.070707681725626,32.66115497936576,0.06874575105934255,993.3294099198347,False,predicted
3.0510749325425257,13.391889022644474,55.14658165466627,3.8361281099551627,25.09377870665388,34.10079414793826,0.017750566283121837,1192.8346045169833,False,predicted
4.935964563770776,12.771713185515058,54.27075534492775,3.812266371199947,25.56149867154406,32.93913348541436,0.029889639459325778,1058.9487589083965,False,predicted
2.7407016582516386,15.136263755139543,50.01049511082812,3.4254839137764126,27.333750121532564,32.73284445877486,0.06475327622134348,1118.8213836019497,False,predicted
3.6208194059723287,12.856996886238912,41.892143952402996,2.959695700635982,17.55052928843624,41.72414548311204,0.010849709475295281,1170.589710597951,False,predicted
3.5784902331720785,13.749857731141285,64.33902705372586,2.7849799131356474,28.36233019950433,32.07167847257797,0.01962011127787236,1130.3072452855379,False,predicted
4.386783339891905,14.428105443788382,42.55954432630853,0.9025032462725479,27.781287473740964,37.873919735478175,0.06041586245404969,1065.4544559426836,False,predicted
3.5043507244982477,12.989030374222267,60.58651477640973,3.1539747596209624,24.896824570886157,33.2521154420481,0.011964091855774727,1172.8407047408184,False,predicted
3.792544551403198,13.286705020161532,58.36617328063389,3.137200852355111,26.547347257522055,32.94522234331693,0.017847557235081347,1082.7930980091733,False,predicted
2.7346729032697032,12.397474701713652,43.8447227679623,3.41932743734484,19.131931375351698,36.728009693741576,0.008141694675458909,1201.9170459537474,False,predicted
3.056760198711503,14.159283856418222,41.66436626150035,0.9270562817271044,22.018303777978684,41.64860387432105,0.034159440001388916,1143.9729676748343,False,predicted
5.11720713637502,12.901116315640486,44.371052811331175,1.860095799136337,22.908502210153568,34.925056990621954,0.05186713455629396,1060.540903405125,False,predicted
4.109507815671044,15.689275528282852,63.274396564058435,2.616100233205478,40.82031567140284,22.012846110314506,0.11666427470022399,905.7829158725784,False,predicted
3.992995292201303,12.365103600704906,51.04719112263627,3.929393365092773,22.082897634918787,34.791012867733365,0.010655327311717741,1087.66881622059,False,predicted
5.077366729367774,12.578509464647329,44.81662717153227,2.9374437931767625,21.80803070222237,36.23686488334823,0.045161934769815094,1061.522602351815,False,predicted
2.99588314190407,13.450044165365178,57.916206261947906,1.7444889501108336,27.24244267507597,31.351204587663574,0.022058808480898712,1215.1965023236503,False,predicted
2.590554764358624,15.74294215536075,56.0101197708223,0.6587274222809368,34.116314130232595,25.83406714760479,0.11839885517960917,1081.6412962652605,False,predicted
4.504168093906054,14.166455530670202,64.57576693102044,4.210800416437611,31.336678307252868,31.111582081301183,0.04116036119275407,982.5100342996091,False,predicted
2.7145904657217184,15.438750627070206,41.50611696053002,0.6423105716632785,25.011165836294808,41.20931671559464,0.14833269486112177,1129.8387248313734,False,predicted
3.466973092839697,14.026733203565007,43.43844495431732,1.6394092283677697,22.87749183386439,35.96720337525879,0.028687515045320248,1143.7885788813405,False,predicted
3.064716148401529,16.635312935082574,54.75338060716419,4.427597778886802,34.008493348282094,24.492994699453664,0.07850524733173948,1029.6492954388875,False,predicted
3.5119688187260456,12.978651789076919,48.78405111915052,2.03393489592819,23.555856355369084,34.079676967050446,0.013931523847291261,1181.467192272758,False,predicted
3.534585475569635,12.609165870440235,41.924897244802864,1.1322956333562666,17.80479127797551,41.602119610996674,0.016360349084363228,1192.1170577268865,False,predicted
5.345810010823861,12.981325391695758,54.67728434883749,2.853721549303752,27.563983980419504,32.59316885343655,0.06777650016113038,996.1178975330472,False,predicted
2.7871262210577656,14.858154493888573,48.973093530951274,0.7649125115479664,28.11258414271548,32.85221231896134,0.10258312978403251,1145.0713365681013,False,predicted
4.373658396527384,15.389137015478736,44.41744444160565,4.061496484982022,27.86603638720811,36.20401859572116,0.12173373780656159,1060.0823531165595,False,predicted
4.175576926192692,13.68424038711656,63.19040441112365,0.9186093339065571,30.611519776726244,28.95045154727359,0.038074264598044,1005.3837193019565,False,predicted
3.0363344433044177,14.769140749219929,56.648598060815544,2.56851632796301,30.006502847234778,32.129026925489484,0.04950724176393792,1115.9213474823398,False,predicted
3.2352854439902305,12.320237475627785,62.74857758199272,0.8596829261506357,27.383996174150408,30.411081668416163,0.018679059756726207,1200.772951363604,False,predicted
5.246686358701959,15.468346912780458,54.772738220796036,4.393036187968415,33.12925187348694,27.34687196670211,0.12445192301535962,1004.4308469890348,False,predicted
3.013619167105658,13.660223816976663,47.37544597417179,1.3760928871901663,24.884020637542935,34.15100833192218,0.024539141398255943,1195.9521661507088,False,predicted
5.379801344129822,13.040199641479852,52.19107481709355,1.7658541487074664,27.918160352613317,32.522367161539144,0.068140733633092,1002.2887891165504,False,predicted
4.022184851667257,16.583618627421117,61.14705014623069,4.2768509906199474,42.4824791824143,21.139849713660666,0.07965920871081979,899.9087695788477,False,predicted
3.0674155207648974,13.931966370872885,62.310124823417475,2.3438870377412933,28.280128097839388,30.977677075842198,0.021823458228393725,1139.9310455710884,False,predicted
4.637510461131498,12.488208868676614,61.488472208291725,0.7417079549557317,28.748059869631216,29.896997612000966,0.032065942253175155,1015.9709128493541,False,predicted
3.436045973681411,13.956226896612467,55.45285267585306,2.066368786946329,28.916669409198402,30.70513771153384,0.023920123337346954,1140.6029714077893,False,predicted
3.364137690302021,14.465082625392663,56.87368123692565,0.8722305125665705,30.932030822208034,29.611361629852997,0.034059218687432925,1129.9534070316888,False,predicted
5.030844028422988,13.524148378350837,49.85034919328365,4.44792062918519,25.297367884908002,34.34380214632525,0.04925102242081557,1041.010331475501,False,predicted
4.9793802388153185,15.492766436633042,42.79273979360352,1.470880450872617,32.35044008950834,36.9091637876888,0.18734390603723955,1036.6852518045014,False,predicted
2.8052514682339553,16.546228274178027,47.10534209096154,1.1478999744262566,33.07256195150538,30.76599201381106,0.1404126867434026,1047.3439439791227,False,predicted
3.8439344714625348,14.371106577227646,47.44604458846832,3.2837319501232964,28.646160851568656,34.210695453520806,0.035388706320100945,1056.1489694180418,False,predicted
2.6931681693978153,14.47045445517184,60.66093289539761,1.0416295255236907,31.823175689138814,29.648793105059095,0.03216556038445466,1159.8207540975425,False,predicted
2.7474905035118735,14.151736200273833,49.46017795884526,3.7602870641681188,25.23434063775694,34.13141023897856,0.021483322169761933,1143.6190720954253,False,predicted
4.596368093512444,14.912265158098934,53.485434640495356,2.403807310615883,32.971929212176114,30.611883630846762,0.10175449865324335,1023.1698939741075,False,predicted
4.6443977550150155,12.621272743914055,41.084079015896585,2.2583775061002394,18.560180297159157,41.30228987204337,0.023782980963911547,1066.2188364833703,False,predicted
2.7681358054923497,13.615453878341159,43.70522679773517,1.654664887035421,21.430767084903938,35.69177062152321,0.022255896983529276,1210.8862500142193,False,predicted
2.8880527367220106,15.132447243958197,44.97250496957875,0.5929914404517754,27.356069565663237,35.06090384068489,0.1307535619754607,1134.0621288691586,False,predicted
4.1875182090496885,12.382068037297856,48.762084954514414,4.195753097610172,22.307073821003044,35.08773870622844,0.015120135611585116,1091.0927743461352,False,predicted
4.506596429013462,16.085476326210724,50.391509129142804,2.2314534081286928,34.235535349951874,30.405250230104603,0.16018074777845115,999.9748177180666,False,predicted
3.6791117506909394,13.551772720943042,59.600933276899866,1.0506712589520393,29.683439110701165,29.792399625074054,0.02716224339920139,1177.7797598994248,False,predicted
4.036489817818899,15.747469302760473,52.198493552612234,0.8167715272017992,33.51456864396021,30.591545795136863,0.1363334507299477,1013.2909287936895,False,predicted
3.352879438007649,12.528430931623719,43.26224630290988,0.9505875491340273,19.68264463777211,37.19900581520692,0.01959326693903012,1210.194814079842,False,predicted
2.885261998762734,15.34005082351078,49.940091718199206,2.264561972703019,27.962238345251166,31.938718358212274,0.08441946336692972,1119.8018563618925,False,predicted
4.431721093618241,14.454527179302666,41.04606261975478,4.44491988017702,23.86104290839165,41.33470491059325,0.052723511302257324,1064.7735252084317,False,predicted
4.755570104804395,15.077242849276978,52.55461045239264,0.7837143113329459,32.71937379525183,30.422096503961676,0.11550484007237757,1034.2624520324612,False,predicted
4.914657943394774,12.83036499359593,41.72380870094848,1.0222842751963634,19.682021432814356,41.572424148543845,0.035339275346074644,1070.4092368994436,False,predicted
4.8614247832135735,16.034276325494048,58.52302934938234,4.142025393408657,41.25785848660846,23.730991817247535,0.15207369951522903,918.2860406085188,False,predicted
3.2823788728251286,15.00017144422997,60.06559131387803,3.9732855481829277,31.87902425989289,31.23886539803309,0.06285085444983861,1087.3935631071129,False,predicted
4.163672989524215,14.97157940740355,52.68993765293106,1.1881962777888178,32.45902873192348,30.703211333713632,0.09645088005624917,1047.932227753687,False,predicted
4.3882104527726415,12.055301021401277,50.28394937391314,4.024913875032783,22.651665415885976,34.65590650217365,0.01723701882235332,1089.237307722263,False,predicted
5.006065031393282,13.82041110548609,52.12790578232717,2.160185960205249,28.634482069409895,32.416094205433865,0.049485188036317664,1037.9354792394538,False,predicted
3.1848734415778357,12.516830360726262,57.78521582260683,3.27310173072624,23.750875984852573,34.19001531887136,0.007840598669862526,1194.5679689239796,False,predicted
3.7041916189339297,15.391991049999897,62.27203173854808,3.040477779850942,34.06864799617135,24.634714207469308,0.06617070003423794,1070.250273894179,False,predicted
2.792227729288108,16.069541656454035,46.42279084844294,1.6440016377221718,30.940707340130853,34.0467327005415,0.1989674149291314,1078.6890149087476,False,predicted
3.786623275198054,13.999822570990094,54.8244600536073,2.6859250502059853,28.692273789732866,32.64605191672801,0.023953411034133225,1067.3100776150807,False,predicted
5.148741009777751,15.584146156199798,52.89056974398339,1.0346442947891914,35.318552679466336,27.915198346210673,0.15847233503804492,992.4688672348659,False,predicted
5.314714833442605,16.038284922230133,52.583904009657196,1.876843954572069,34.77751654996634,28.22029220462201,0.16585535050094505,957.221569342851,False,predicted
4.840524175589786,16.74986917368866,64.14977455582914,1.5288099056556987,45.572046984709054,19.70776510680719,0.09797541230259219,863.1735871372098,False,predicted
2.796611237984484,15.732824774489044,47.885810124972366,1.9254372578071925,30.747301503544513,32.416207388386745,0.17654876237994713,1089.1016863422203,False,predicted
4.842648629813226,15.300083885293228,60.929300690989706,2.108631111921256,35.514849026888285,27.077098100976652,0.10756321996472508,982.6275469727416,False,predicted
3.655367735481972,12.186545570799286,64.21791767085855,3.5931031267956635,24.628575872710623,32.59816920970988,0.007492873807019306,1149.1001117763376,False,predicted
4.496757833939402,14.277287557121511,52.431531565824,3.4353837806829315,30.436490627457477,32.89192965070836,0.04366639363865669,1027.59383980926,False,predicted
5.318280581165238,15.5571979880636,53.67794941186493,2.4505716753695284,35.32327481630397,26.000304253372196,0.1453024238153531,964.3506893566105,False,predicted
5.262628910740277,12.814170864317203,51.94133063887889,2.93039381348474,25.245178148018514,34.16171927966333,0.06257157880304033,1048.0518585410384,False,predicted
2.6501488963421918,14.19121985458269,62.63371928144761,4.122177238635251,28.539191703733472,32.22246593767267,0.021337570933891836,1131.426827581492,False,predicted
4.264674729386043,16.01450408212469,59.335681526669745,2.9494276433424047,41.50719377632494,23.456401777501608,0.1413728706499749,916.5416498260739,False,predicted
3.9728624168770574,12.750396186765592,62.50329709287746,4.399694770586566,24.98886970938363,32.334575687323664,0.013743913949651111,1020.8913937234114,False,predicted
4.88462831479041,13.567108465010001,41.986464566153685,0.7200743288332362,22.641708770036214,41.2257869128203,0.041231763847282894,1056.5287955999038,False,predicted
4.67006600234048,13.800939928909969,48.667181653496016,3.745420201246285,24.997476850750644,33.871472017847516,0.03269411678201955,1046.4622419946013,False,predicted
3.5580414682716146,15.615126714592305,62.12622207680707,3.9826654930903795,39.624065430033234,23.101686401599924,0.1012528044693113,1017.5672435557149,False,predicted
3.5818368274006023,15.306000059809652,44.16860564901969,4.005469133560098,26.387193689892722,36.15709419810075,0.09379878137241401,1089.1473341869685,False,predicted
4.752159351071841,13.31730690029555,56.71262526239255,2.7350916969154335,28.721349730002498,32.40998172391753,0.03572974681576353,1052.0942563763201,False,predicted
3.3359066638971786,15.5948096664995,42.32778168420073,2.333826202768232,29.757842878906903,39.55587372278072,0.1753707915258781,1077.6218831841618,False,predicted
2.642769613142559,15.127509399991153,50.45339259115317,2.704226329930921,27.575975851152876,32.71139019000471,0.05832314853185914,1129.5515550501198,False,predicted
3.700422376433475,16.096913850365866,55.7869806344313,0.8650191773414398,35.3116989367333,24.79086966204643,0.12571358586276013,1049.5037394147919,False,predicted
4.083949381394409,13.8755905712495,64.12237751093681,3.2507557719449998,28.739001867633558,31.299633949206502,0.026490417794781167,996.5914692776585,False,predicted
3.873570689675044,14.375306514822311,45.645809083293074,3.921763023987924,27.00006409178474,36.26640406166745,0.035604989515100834,1063.9422945676642,False,predicted
4.576481916206696,14.29527048733449,49.57401987739754,1.0558800030694435,29.996341788947507,31.87511792406715,0.04489982108191845,1041.0125986760538,False,predicted
2.7796191424426597,13.56882511556875,60.46089243949683,2.986832933534177,25.900321751014175,33.18202549622745,0.016398460783264394,1196.4491868120615,False,predicted
3.194730446937961,12.405929258372844,43.47313217357684,1.0048107625884641,19.787671245796872,36.09165773809668,0.01974317076288727,1217.4284121868911,False,predicted
4.872995900799408,16.36907883692251,57.015086110669955,4.278020184044895,36.4694468522296,23.100335809404854,0.10961303040746659,972.785214074903,False,predicted
5.412256764276246,16.764452508547333,64.03157057995189,0.5510691695396285,46.01385854070376,19.668931936350003,0.09990245870546348,799.8085907602194,True,predicted
5.357528333952116,13.448709636584887,42.23422309278069,3.3793671064349797,22.40099438267334,40.73369416370437,0.06620295837014377,990.852174691188,False,predicted
4.355554143765867,13.020581032726923,41.880667696026755,2.3756020502794777,18.87733425931692,41.68339145167816,0.028444698177018498,1088.2984136087966,False,predicted
2.599218137975484,15.144108525080192,41.17488242308892,0.7124446232878281,23.498512861489925,41.45054499735959,0.12987568034223376,1145.5782070553876,False,predicted
3.2922040007490967,15.456788264823768,44.56719497650889,3.5854307612443366,27.1636972509055,35.85938284064953,0.10396545332695964,1086.2862489134511,False,predicted
2.8570543940728763,14.149601776523824,58.583096567315295,3.6163355479993395,28.219262987218542,33.23133101082967,0.02163372181877069,1143.7584128581886,False,predicted
2.6230814926637493,14.776277586480942,46.372447347047185,1.6614231213572799,27.247545385598364,34.7205649119723,0.10417510709751762,1141.166106069713,False,predicted
3.0438789030527795,14.746391050880991,58.44663939623138,1.026959167576765,32.455597856199915,29.751344996638117,0.04473762187895092,1127.2376616285665,False,predicted
3.219802526110747,15.259542363306373,51.97470809000631,3.7183078485586805,27.391004524762504,33.10334635912042,0.061377829603870324,1091.3274063850956,False,predicted
3.7048968540387572,16.388372618783777,44.630254202566434,1.8949531399480248,31.71396808405992,32.705299254202096,0.14280916376849817,1056.9986429674427,False,predicted
5.0656808789120875,13.556753315355955,44.92675284299221,1.318936285216494,24.867236137556187,35.0127147970456,0.05650525046443005,1050.2696474987763,False,predicted
4.850113415237448,16.500266709457243,44.57853830714529,0.6603154716311587,35.10815624603065,32.2371793063498,0.16520825676677958,994.4746265589091,False,predicted
2.9310522203635334,13.175687719180203,55.859368776323635,4.338383253247353,24.1177384280046,34.577924587895176,0.015238814345773712,1197.961925042811,False,predicted
4.237320241924997,15.923407710051464,50.04799356570804,3.8571591277113844,32.825758602248165,31.52603520266208,0.1446767920294119,1013.3951976444785,False,predicted
2.6318308124680745,15.804097051650762,63.36488014007236,1.4777290111041999,41.6969494831594,22.194659332404033,0.11559151660886362,1035.306759820581,False,predicted
4.301756671242238,13.709193323627757,49.052906009865275,2.6356444159161176,26.166047599149547,33.9178693456875,0.030922575300570847,1057.0910342514717,False,predicted
4.07957495863619,16.15544891916236,54.49319794092665,1.6575998381307313,35.64137677923971,24.764493875208956,0.13147994622651407,994.920126359566,False,predicted
2.8784877572901415,14.07537157856113,40.558481057408926,2.647485651453051,19.882893386294416,41.44865417254511,0.023852537543365172,1153.9379310055742,False,predicted
4.373224427150372,14.218969802459924,55.02524850303335,3.288100356713867,30.595737314066863,31.85923383299192,0.038263417589044606,1045.3460786742671,False,predicted
2.801996216852511,13.993418745835902,48.51375686759822,1.869632835181442,25.494640795807154,33.372421147282,0.02118600738432249,1165.6345108763533,False,predicted
2.7333680196432013,15.938565471020018,59.57307612535707,3.18347752026399,39.085126631650446,24.6386345427893,0.1067641844160455,1041.441048824212,False,predicted
4.1347297266358956,14.903103646464897,43.928397608873006,1.2091477113240803,28.70515326400166,35.04582080062268,0.15694178755689048,1061.0413876237828,False,predicted
3.760995067399906,13.903237322796395,40.40817040008539,1.3492261849259357,19.72727532244107,41.300336740179695,0.026270821649251565,1125.4217088839462,False,predicted
3.8957825906223262,15.731531687924086,55.89036831872865,2.970480304604778,34.71127057192653,26.095437648602978,0.10700200260668347,996.356895615879,False,predicted
3.6443211626859604,13.092205389633898,40.92311654745276,2.380623387847184,16.839647996832063,41.44459751077254,0.014113125739643927,1169.5100648357889,False,predicted
5.3278123764559275,12.758596127985578,50.877875760106306,2.2696926044219063,26.282502850317787,33.39567674015053,0.06337772436448771,999.0322853352732,False,predicted
5.25646752148152,14.706649750915869,40.6980576654558,3.1029805684839973,24.96563471491343,41.15871802018345,0.08573459548812323,1034.8340947794954,False,predicted
3.9257048089679873,16.021146527267955,61.92115414431714,2.2798536732733385,41.26640916728006,21.23755376519832,0.11944870325078816,895.2816847234166,False,predicted
5.21340899255933,16.55778453382308,63.60964952517174,3.0938559468893194,43.023602855906084,19.563368312568375,0.10171835211269777,854.1267431331225,False,predicted
4.970362043238406,12.416521250845665,59.677988057420635,1.492088417201928,28.301221803814638,30.47789414120582,0.0395860920308094,1041.2603449069943,False,predicted
2.770883996184771,15.44286115639976,52.23543990381335,2.0682375229040297,29.123885348597042,30.887436844277104,0.06384113780343093,1119.7711048327735,False,predicted
5.223025963585756,14.535736482284321,47.36794984497785,2.0850133970752673,31.177951954433947,33.282808752592935,0.08755338624444595,1037.4807267052468,False,predicted
3.379057934339714,16.227305715137955,42.615272902517624,3.517791337241652,30.155933355232513,37.01604228879036,0.11895704806933058,1060.3542973186336,False,predicted
3.802057945113569,12.984493536428753,53.39634636172157,2.467381177437403,25.51904301108658,32.78699145629707,0.016024871608101374,1103.2655141812406,False,predicted
4.267724641305511,16.4448283889192,45.30252353737909,2.8164157531990073,33.099026909782346,33.257672661422234,0.12445392404297154,1012.0681148921958,False,predicted
4.522074778607176,14.286744565848137,44.03982343899638,4.3407261488718465,26.140129276238767,36.573701762225554,0.043119288721063895,1052.575547509828,False,predicted
3.5968514960957827,13.867738253040272,55.26379541375031,0.9638765516444885,29.58921893172517,30.164658922153958,0.028407533018209096,1152.949860716888,False,predicted
2.5545957014214706,16.25995799314687,57.259928208279646,0.6460399892453007,34.91122023046618,23.464713074631895,0.08184903628181407,1051.205378231981,False,predicted
4.298930540424213,14.274176658123666,55.10723172053138,2.4655107733419097,31.631367234967158,31.14843528198108,0.039124185389227455,1048.674939917044,False,predicted
2.8174217199736926,15.299589115893538,53.926128346202624,4.2343050507868485,27.96010546440982,31.545734598433157,0.06781951632443556,1112.3136747922356,False,predicted
3.8506778856746875,16.7685826390143,42.18044667547759,3.833765137935997,32.44162053983455,36.609946481541606,0.10297066313444263,1012.5990685135203,False,predicted
2.628092810886632,14.811634528178338,50.6063763774859,1.440520571412565,28.072580300167054,32.397154382459824,0.05943810504239363,1143.0970685599984,False,predicted
4.487975727273781,15.155239925061064,47.65839782200056,0.5661083399228948,30.779602168048985,32.854568320139464,0.15837087132100178,1049.00949947019,False,predicted
3.618109175052392,14.107895381919564,63.94669186921542,2.8101755214255086,30.012385330723998,31.52685205551742,0.023559093387823884,1111.2983805478186,False,predicted
3.689110911414109,13.588646128146491,53.29783132547523,3.5691573383534565,25.84833436114864,33.30301120102551,0.018508316114554155,1148.7970210574001,False,predicted
4.031108896270666,13.380771357581033,62.712872079220816,1.7719553508005141,29.371582948517162,29.231783678918934,0.02810729662958601,1009.9156862390947,False,predicted
5.384489822355297,12.56936903626853,54.89937589111581,1.1824142465397363,28.176261117638678,30.821496258885166,0.0633232414616649,1006.6128051882889,False,predicted
3.907557541753808,12.686970821745687,63.99538415056715,2.0975303582801264,26.735897131860053,30.256241834347986,0.014022067094725857,1027.476475934982,False,predicted
4.817955321171201,14.253542756115122,55.36322013359836,2.5022561510131545,31.9874833856551,30.947026355823848,0.04188057311184005,1032.2345833820348,False,predicted
4.986765570607234,12.072553206102741,58.48386970634147,0.600957653446539,28.917030732972766,30.409652261779677,0.04356548165759963,1044.2496111778614,False,predicted
4.226783923647462,14.184360185398347,54.1460832392105,3.782496138333077,29.88725093858543,32.017717026101714,0.03565376021405837,1048.359814314203,False,predicted
4.966287403966065,16.464769570251804,53.69040871685409,1.0113944620262196,36.06855849849498,23.671301188400676,0.10793449187082615,979.5394140650437,False,predicted
2.543766758879624,16.534296829049225,59.625669447427256,4.267173967686852,40.76753886441268,22.583912410920195,0.07625203462134701,1001.0591632195435,False,predicted
2.6694156959167676,16.473688752673564,48.43314645615931,2.4404004588838157,32.34600093714941,30.08555503950306,0.118636978426977,1045.2574444509562,False,predicted
4.585936404727414,16.579431648363876,62.87550990415349,3.9133690255326186,42.4313442245003,19.530649310822433,0.09938524060445111,876.7975226945034,True,predicted
4.954687717183289,15.041385491034415,47.061273928451804,1.0900020506093493,30.74676289909364,33.360855438538714,0.1651388948733292,1046.0902150978097,False,predicted
4.205370013771404,15.256101617957842,63.015899532547905,0.9777837643802726,35.47278622030347,26.129535078545214,0.10528924407623298,980.9816324067655,False,predicted
5.100642034534493,15.071220774340308,45.19431460407809,0.9071798952062287,30.317407920871524,34.5783749503671,0.16998836356561298,1044.7949373881665,False,predicted
2.662244614488297,16.393774243895486,47.53087383923542,4.299735995542747,30.807166320940695,31.702849483278246,0.10513667077591608,1058.0549772325246,False,predicted
3.8104922816691804,14.233934962775779,62.05242268598646,1.868188910046599,33.38100983897288,28.81208004145196,0.02901574749081304,1003.4767341993136,False,predicted
2.7219514202780664,16.13222136272246,50.33841750381427,2.5155110422550746,30.879553525109596,30.574863055923927,0.11512865924255636,1073.1896615091377,False,predicted
3.9525449733683833,12.903720326213225,56.44333734256035,3.2423512657119162,25.065897242106796,33.397745266472434,0.017378964466045914,1082.2480894905245,False,predicted
3.239542339745908,13.621228597125857,48.025253655289475,2.1157590267404855,24.946606695160497,33.99132186565174,0.020055271446579957,1188.3483041338577,False,predicted
3.6866957147320036,15.197124291231857,48.95773543038924,3.940567951942233,28.426010094165044,33.28114468011504,0.08493182931702159,1088.4583628152006,False,predicted
2.9135815499540616,13.310537370726767,44.34973331919583,0.7461515505059855,21.19488223869989,35.6229113813188,0.02442874722471303,1223.1653016742512,False,predicted
3.0551718351165924,12.467325784234694,60.16877949326187,1.1721625356622614,26.303452396825218,31.337672749272727,0.01514318879630447,1220.9649779290298,False,predicted
4.026137832347045,13.765447517729877,62.18994916211764,2.7800308641993503,29.0404465577995,31.429471748261932,0.02589597903394905,994.9188467917202,False,predicted
4.770674618923639,13.442790804463364,48.714740317023065,0.5843857690488033,27.491204981954063,33.14005865612198,0.036736135999312636,1054.2637860627005,False,predicted
2.8494635407198214,15.273490774145253,54.00694073960435,2.2747020389320958,29.339107852319838,29.373682490622333,0.04999349541553839,1130.5259694850922,False,predicted
4.565755722977203,12.066466170421947,64.25191285594792,2.6067413436849067,26.98240759538261,31.957533052442653,0.02399691062280577,1008.8989046570725,False,predicted
4.538326270547821,15.417299296788208,63.05919238593342,2.3514784218754,36.519315219964284,23.236031288226037,0.11632716490154381,949.1729282696243,False,predicted
2.689711454729978,15.882856322501384,45.81891440513174,1.144800964295213,31.159399784317554,34.92145543131995,0.20097984563959567,1090.7009235411017,False,predicted
3.868748225210039,13.882210724276746,45.39651511313285,0.8397562612524183,25.14655018501016,35.28210237976369,0.03131387261102612,1067.9729046355412,False,predicted
2.8675101175611886,16.54211632494045,47.840005355439544,0.9675374788531751,32.948349867669776,30.215326575758446,0.13689433358599784,1046.639161203487,False,predicted
4.895247737782892,12.628942178175464,41.01589111784888,1.365782130431808,19.197418568926754,41.25754997825207,0.027903208940394074,1070.3353257095814,False,predicted
2.819354803915318,14.48289162469989,64.10865330492257,3.5590880243493253,30.508627900397556,31.76661582797589,0.027752451853932943,1127.029172700734,False,predicted
4.216359328173695,13.641323935342019,60.416731046896565,1.0829441044297106,30.18292462615323,29.60789246091423,0.03620471892074354,1037.8252679046905,False,predicted
5.418970081143872,13.36424437266966,41.82115485970719,3.3921690409750798,20.755416085553723,41.53517838788299,0.06583092467468156,992.5208245946698,False,predicted
5.3851513719347395,14.198685016729478,55.57395707013823,1.7046092911892834,32.31744826601299,29.09803050902621,0.07256611699477516,979.6532003490443,False,predicted
2.751920112748148,14.544054927942124,58.95226827194284,1.739048632389217,31.389419037335415,29.91207292315053,0.028860755765269898,1151.471042002012,False,predicted
4.479434925810088,12.401675746318302,49.73618938905704,2.6683230920521352,24.049784215711192,34.32335267613635,0.02169004170983268,1074.1289476253414,False,predicted
3.300165536180571,14.18590576324404,42.72749733275923,1.270860770331467,24.792357396393104,37.80555168363457,0.0313927060420201,1127.8453784256917,False,predicted
2.7492202355175777,15.380895926556041,62.05443926787373,3.554361961643993,31.458896080569176,24.96657592393854,0.05917671648079964,1091.7291998356413,False,predicted
5.423968813808598,15.895448437150275,40.818825959046535,1.692006447840392,32.79933775814792,39.945662762969384,0.22445192533425398,937.9174928284011,False,predicted
5.108746541295975,14.128944989168733,58.35071466407766,1.9838228345220723,31.8092543820611,29.12845329337434,0.057928025653084095,1009.0932207566414,False,predicted
4.277254368845397,12.635465381819088,49.674191513595844,1.2935456332941415,24.48329295791647,33.44152046387385,0.019781909575988597,1094.9743060678618,False,predicted
3.0237297253823727,13.351840060672155,44.53901430157759,1.9366696441459181,21.171604482966043,35.52993930372241,0.020384424184530726,1207.333394813367,False,predicted
3.3564718320371014,13.098248333237207,44.68643331168001,4.423255089978427,19.329804670233766,37.010136497188995,0.01349896733195119,1181.8087674566789,False,predicted
3.496754312618168,14.068052976460173,61.943987516553605,4.214744921944708,27.75698967326339,32.02415464370547,0.02287232572892257,1117.0917641676358,False,predicted
3.8090851920977125,15.795188114190248,47.28920916821392,0.6670603751040977,32.824545612832345,33.240743150376105,0.19123828791838313,1030.2745960415305,False,predicted
3.0777389384977085,16.1117174813246,59.756964806806764,4.163208937563809,39.28341433353876,24.25076708493875,0.11427549297381702,1020.1386114931317,False,predicted
3.9155594777500493,12.205988264052161,64.58996277806014,1.206099766065555,27.24214932381726,30.14315513014973,0.017357211077797297,1033.0378776187072,False,predicted
3.0492048907716782,16.279194187761252,41.679082877430076,1.5097716930830196,30.205544889837352,38.25857298194254,0.15395500271935744,1063.0851291084396,False,predicted
3.5244275402137752,16.74242680610994,41.322146063189365,0.6920873406507062,32.24793606017488,37.2673724441407,0.14479126414252458,1044.1615519453976,False,predicted
3.806080582380548,12.471576821785527,52.29560306359513,3.717582076619529,22.622549581661353,34.817411300547974,0.009402975339261987,1104.42016890139,False,predicted
3.4108302548955765,14.94762045749954,47.29892697009188,2.3412787838193108,28.36160113529504,33.81531700320761,0.11160645335451289,1103.0015495825105,False,predicted
5.069198742335425,12.897748882868475,57.16437756789871,4.231227359190978,25.884571744114602,33.24990232469754,0.04829342112360308,1051.405943389712,False,predicted
4.9175921934419575,14.9529522031555,51.435482652790746,2.913536591377687,31.391272367847336,32.424301236341826,0.09968012403449372,1024.5180285871224,False,predicted
3.721604698635475,12.26446581391928,55.18128267391059,2.6432645519255047,25.351112552143732,33.4705653863996,0.009506162822680016,1156.6097578743252,False,predicted
4.606474326591947,14.355570371223376,41.550962784913274,2.1965696031603046,24.570982955097726,41.5611318009563,0.05013359521809471,1044.9803161260197,False,predicted
3.526229546534407,14.626071617035558,58.833007423161504,1.1524807306157125,33.87076268609905,29.36519058112317,0.03518060451050007,1126.7240412085548,False,predicted
4.403026443241131,16.322175106378126,54.65887725358927,3.347365234860163,35.66030127537797,23.884925443658073,0.09948881066143617,984.8543252983528,False,predicted
4.243403894600209,15.336706459535467,48.30634521740471,1.3235280827163822,30.49496345948712,32.60000516118329,0.1522384902398015,1056.0817043394097,False,predicted
4.704778145227278,15.450382364165227,54.941786859484495,2.4307434286662852,33.745808853354575,26.61246302087687,0.11731778940031877,1014.8389530308659,False,predicted
4.49273693387161,15.865836124371581,53.38298203992875,4.083258594769353,34.70593667680419,26.949085600827843,0.14250008584529802,998.271379577428,False,predicted
4.627920238795085,16.313909405713336,51.45612120583084,4.056629603049044,34.311152696488456,29.943253587947677,0.11073257526060393,994.6479684870878,False,predicted
3.8380759288216337,14.64196756334626,58.19358051574653,0.794042089790063,34.27803179301355,29.24936903830899,0.038989045540086434,1036.234436135751,False,predicted
3.724111387983851,14.569977496263563,45.47844910147323,4.064185971457675,27.058289006743106,36.53478116959706,0.04062480229553787,1102.0324475205966,False,predicted
2.9356209719682185,15.16806152314106,46.244028172330886,1.9875198356820398,27.425462771582673,34.55879513243387,0.11926036094698719,1123.5363850799083,False,predicted
4.8641105893965735,13.730325341147351,62.54528008981117,2.2524203463787047,30.199396803837498,29.604933401026802,0.03720621158596384,982.6077043315197,False,predicted
5.431250870316507,12.058647247151903,61.03519387274298,0.7291571768313707,29.359263911594148,29.72862134146379,0.06244453732888446,975.558122473344,False,predicted
3.417286352789874,14.79961381375544,63.97044740066365,2.973373097113877,32.42380400429289,30.848558143215136,0.05194905989234664,1092.9813926743836,False,predicted
3.164135932822924,16.42330328074345,46.40939086763569,2.4866892643442835,30.848276301453584,32.58702041703043,0.11502366168008246,1056.2303258491263,False,predicted
4.956116136944157,12.272365825153301,58.78717861303963,2.620760890490495,27.156127693706388,32.81875573681239,0.035305373213148125,1034.4720171715496,False,predicted
4.579974870994407,15.52011318385098,46.92000695465849,4.0999591880356485,33.75698781454269,34.60471019205293,0.13368805693984182,1021.931481119909,False,predicted
3.5743089622995146,12.76912858174857,55.22448646994059,0.6124920089897825,27.199717067043366,31.136366276607813,0.020153627387178557,1188.1150044657215,False,predicted
2.852800997419547,14.742395120350011,51.21408032977676,1.8070274050992703,28.264953194089816,32.2383506795932,0.033656173321476135,1138.1329104411036,False,predicted
4.418518441393511,12.834226660593618,42.10109036226073,1.9473228580631927,20.754246610207154,40.59051958484894,0.03029464455665186,1080.7580601059908,False,predicted
3.902164291609946,16.57030396517797,49.4360666116284,2.6842422560029124,34.07320248144392,29.635193148483616,0.09044643582760818,986.3984989471957,False,predicted
3.682838704144954,14.435454419863298,58.27181961573825,1.0927335692218438,33.95977030009324,29.428716392451886,0.0324822956896313,1126.818572015994,False,predicted
3.1836783532409854,13.965923957109219,57.93268235212439,1.1544084957060057,28.910630585402583,30.838843073914084,0.026997650250234692,1157.331586988873,False,predicted
3.690926971191976,13.983510891893859,49.11558814041291,2.8436576318481053,25.720101506151277,34.145476888669464,0.020089140732219565,1128.0859523972365,False,predicted
3.041398712532001,13.78369865805987,58.715243488794684,4.046894457866404,25.553269640763226,34.01098612596555,0.020412676243847135,1149.5002603231972,False,predicted
3.9030206151609987,12.255676472627945,40.38482766816886,2.453093995775274,17.42355046556773,41.43551831870205,0.012093818565298103,1090.8508441811746,False,predicted
3.9624487662879053,16.067856982595536,43.14825319025314,1.8171561609560696,31.830728873017453,35.99109730568988,0.20306799579586646,1030.0389550090713,False,predicted
4.0072715565129675,12.60307660721896,64.20741573176335,3.801309243138512,24.955268532122094,32.26101525199345,0.013695449976025438,1024.3859596910052,False,predicted
4.098384153023946,16.021985362798116,58.54644073496793,2.6731744240692406,40.82649988633127,23.653956214033176,0.12468608289164879,924.2937433219878,False,predicted
5.29849533651973,16.293708023046868,47.8249483856818,3.6816601763925623,34.46709863097654,30.776337216000805,0.1223880532627676,964.7636465281964,False,predicted
4.119363618149162,16.524838328697427,40.91075410619812,3.6534631163625386,32.37177929528222,37.189241298091275,0.11222617324325447,1011.0464722171967,False,predicted
2.9757294886678514,15.664693796990786,47.98636755062963,1.2849722098907714,31.358266531653992,32.68975368866343,0.18286495203144976,1082.4917176243391,False,predicted
4.076724009643257,12.93083227096937,58.98639084182442,2.8145032634977065,26.750592865465045,33.04582551080835,0.021266469883093147,1057.482549079844,False,predicted
3.0906141779827623,15.121656316087469,45.224467070634695,0.9483373830962417,27.670386624723744,35.11395012313728,0.13417712140775861,1122.882655198662,False,predicted
3.8725119632683977,15.603514994251839,58.3012552305278,0.9444555629763982,41.99856114686884,24.904151734410906,0.11490618911374892,960.4001991642351,False,predicted
4.533047157720312,14.361251422134174,56.402137472944815,2.5837224994745456,32.58944428254226,31.509941562895065,0.04609797277810993,1028.5658999242671,False,predicted
3.8883857202083614,14.137925147117429,55.55413365244816,2.4000137755972943,31.085174313317385,31.42762848494921,0.027036413651092234,1044.126066528317,False,predicted
3.94007868737601,15.327590106075785,58.230026012976865,2.320435999741253,34.51946147825573,26.755601359925606,0.06916244976427247,1001.3654191821475,False,predicted
3.1874151758125,13.921290585418939,56.31222739817244,2.137239494021626,28.408535835472065,31.0706122747956,0.022794103943226646,1147.4506352461383,False,predicted
3.428641429023861,15.09536264217692,51.8132278523112,0.9564245869166528,29.944201873209906,31.956248749340872,0.069184230138502,1112.1069219804465,False,predicted
3.7832084368740615,13.798784293940823,51.49685608902486,2.4083362410008853,26.105461110193087,33.89695954342626,0.019787416877020916,1108.758137737972,False,predicted
5.334752698232597,12.123365992874145,49.20236384137486,2.912157795033955,24.92469960494637,34.03287826911801,0.06154347252812285,1001.3232940942084,False,predicted
4.983866332248295,16.13667319465037,57.35853920587236,1.969705845107883,37.03265153128492,23.634610862821585,0.1581438682304464,966.1542302520796,False,predicted
3.119700501752431,15.627910560196279,48.73361029206254,1.7845759378303434,30.862151925543785,32.24086736409408,0.1626194260028116,1077.3954915693928,False,predicted
4.973272335703574,12.526396071345381,57.42043209972782,1.9661369798206154,27.673005811741074,31.00216934035519,0.038950930295367475,1058.2811624431379,False,predicted
4.937681566615691,14.879850373160746,58.68450611346421,1.980212893481088,35.37706491428617,28.775737072301308,0.10658992534343714,996.4684458599912,False,predicted
5.4443529012596485,15.099994321844287,41.33481405652123,2.879015114298786,25.699933148575973,41.39188599081343,0.12994335333505105,984.4256867007666,False,predicted
5.155444585300819,15.065942387719527,46.88940989302486,2.9470328044293472,30.5837391860568,34.0188335712114,0.13415873850131466,1035.2323968355472,False,predicted
4.818720737895978,12.446736072776185,60.28039776556993,2.395667946850424,26.829766411533882,32.15859487369829,0.02483412683824805,1036.2732992057308,False,predicted
3.0060568227796693,16.357331258816615,44.946618450223326,1.418148128333904,31.255629483800384,32.92493723048161,0.14910963086039267,1064.8474527746905,False,predicted
4.7083600085326305,12.788934528990472,44.12287239511286,2.737613264246786,21.571670583218395,36.177672633742056,0.024731466085855733,1064.9395400991007,False,predicted
5.421355272550263,12.692277163391301,56.08973963769477,3.5637110121114977,26.058382134531264,33.01068083439305,0.063131173992213,995.6395578667305,False,predicted
3.2231146584978294,16.40952827450041,53.79930076703932,1.0538733345244742,32.68093372739735,24.29097124180961,0.07736198190147209,1049.6603100772604,False,predicted
3.84975890005911,14.041050847395812,52.29245954009794,1.435079075881712,28.53213514317612,32.216535561353126,0.027303300454585965,1059.3543253703301,False,predicted
3.813268750509673,14.784425194759041,54.38394064755158,0.6687963000513762,32.367770049016286,29.315668040666594,0.0609785018483233,1053.3831589938936,False,predicted
3.487818650311955,15.833442684546405,42.199110366121424,0.7572183015840444,30.995906367711346,39.475925468321975,0.20136692382050297,1080.1703815959897,False,predicted
4.852894070764158,15.320734037633303,58.76278553086267,2.593473196982641,34.899757539814786,27.26042709686702,0.10712238739176831,988.3414270928996,False,predicted
2.728118281707757,12.852912324192133,63.89798619004131,2.129247709863034,25.78256669593085,30.9282839560797,0.012932120780077983,1203.9863982751772,False,predicted
5.391055048434543,14.893250987605583,61.78172839844733,2.730991224633662,35.56524477974616,30.019212078720543,0.11514224213773241,914.8482889058113,False,predicted
5.05838409237843,13.079367731200776,51.63462478768116,1.7270734629530349,27.550023229852712,32.78805135328969,0.05252279968644677,1059.8929288028876,False,predicted
2.9904847364983387,15.818543266037992,43.62061881015412,1.0289075597024164,30.90159675351063,35.10984713872999,0.19997251760312001,1088.0384199247414,False,predicted
2.7912733887891044,13.539785041014644,64.40880606871394,4.040030137941559,25.361531716449164,32.80155980934398,0.01630721508170102,1183.045208076468,False,predicted
4.367520945684673,12.861088798214027,44.3981996687408,1.9613078497502565,21.61613612116314,35.47475459023518,0.02751043777477229,1088.9696741217558,False,predicted
2.7855047555607917,15.003450899646028,60.03294031742567,3.3380201077747436,31.401819935737024,31.157904808432413,0.05598438257874077,1113.2630232082215,False,predicted
4.028131423830765,15.292662754211513,41.40230492415991,3.8799694068535544,24.287697475232587,41.54214337714954,0.10384419921959008,1058.735915967815,False,predicted
3.794923506735162,12.55763080642296,51.299790130808965,0.6757655429539466,24.97720209740678,33.25592262274523,0.016032546169288873,1122.6225918369703,False,predicted
2.611924984585424,16.18144619737861,50.948257515731484,1.0723861590484334,31.66726355258318,30.46508051418711,0.11422432492436242,1067.7395256131417,False,predicted
5.214435541279872,14.215061645786452,50.64590684880738,1.3736531823552072,30.463262144776042,31.75335372611916,0.0731027803787758,1036.2618733520633,False,predicted
2.9337010627793925,13.404054242136894,46.552576395664154,1.1137307639996101,23.02774039637895,34.70004437761131,0.024746808483846573,1222.686885349004,False,predicted
3.9124947307487847,16.010326085054366,46.8330500106044,0.7710930065069765,32.9848021037306,33.1193775820606,0.21184433898894084,1024.8406531382602,False,predicted
3.583507258433925,16.31985193032898,54.80883065643084,3.602554633555114,33.76614824818332,24.518310678890803,0.07765650822024878,1042.2038658669835,False,predicted
2.754776925384061,16.50256191541967,53.08692159102885,1.2584692053393844,33.90295241853852,24.8209290507114,0.07502025987783023,1040.6198817408208,False,predicted
2.8814495504689965,16.049402400157327,63.47494591832832,3.7510347657246745,39.129546011141244,21.304017640472185,0.10898520498706618,1007.6292565644285,False,predicted
5.192622276265615,12.041889235703374,47.05248602167051,1.860617866830772,24.444092018886,33.935295626543486,0.06366528187038176,1062.5870589836406,False,predicted
3.2722387250466918,14.327804361626567,45.75481021118121,3.6889031214738344,25.52520979197485,36.397740192895405,0.03177579742980494,1110.5080207231044,False,predicted
3.4786767309147533,16.55557990978473,48.62671392058943,3.318795141912182,33.113591199801476,30.19201503729828,0.09730643434253125,1036.9659440061207,False,predicted
3.5132037144820933,15.282895422329034,42.0344786289574,2.0720739245567548,26.05435894875551,41.125732067286506,0.11487437668347444,1104.0998062613196,False,predicted
3.213395725983766,13.598405682335576,49.18739925518554,4.13486538151575,23.112851292016636,35.190351613650776,0.018114527856745048,1175.3040742969297,False,predicted
4.73501806261233,15.233402856788008,54.04480824698341,3.3981354056942576,32.837484921217296,29.695023664489423,0.09934068545611725,1018.6059341756762,False,predicted
5.182918976614879,15.159223759101456,42.658038706917395,1.6854016167486656,28.808085870853137,37.32345869621522,0.17035152361045205,1044.0269632296934,False,predicted
2.640543073531407,12.492761571446126,52.25425571242115,0.577978360091,24.890664572865138,33.19319005236333,0.01609204590515535,1229.7248514220814,False,predicted
4.1312887917998395,15.948020882796607,53.06397355747899,2.3037043365850556,33.50278419730915,26.495598096280958,0.14324210923034011,1004.7946650787351,False,predicted
3.2507520450249223,12.993970292759682,46.684251796905414,4.240173209140442,20.226148262746708,36.151528871326526,0.013385118956014016,1185.6515719837848,False,predicted
3.2681797516059365,13.484982163188565,55.12731164294686,3.0198635819514217,26.26192556091423,33.62814708601453,0.018337583410418894,1181.279911522919,False,predicted
2.8130825247030677,15.700493270774185,64.60339226612045,1.5416679561612403,41.118840242863904,22.391452407264012,0.11213709328266348,1037.723182590087,False,predicted
3.2186859483129595,15.104109714489695,60.86441595820243,3.7546194103139796,32.12480759362977,30.26544023396114,0.060293888293846847,1086.5175900820004,False,predicted
3.3956554933418266,13.862271365481265,52.50053109777636,4.036572313132442,25.00966159891432,34.602116655453386,0.021587925410762425,1133.283033665952,False,predicted
3.5558854232715884,16.706734933837595,50.50827651790282,3.4947171050787023,33.22713419104114,29.29473158648817,0.07410082426421281,1036.2118662410758,False,predicted
5.294791865496615,12.329177124914594,45.53045497366927,1.1193063363361908,24.43811931125991,34.91762175135318,0.06596407244224312,1041.7328268098818,False,predicted
3.092853427112144,15.454376619269105,44.822016909624395,2.787259505643789,27.567075142207347,35.6672477995796,0.10770048795096834,1099.2690461591924,False,predicted
4.127987924945803,12.171572701615847,58.93046396074374,2.6927325430756666,26.321803938291755,33.07303161128553,0.019475887124779268,1061.2878516568705,False,predicted
4.601487155712741,15.784030580799097,40.96197388024014,2.0479211496169696,31.985545583588124,40.159648436297225,0.21106101391627208,1024.364343133614,False,predicted
3.3065151387109464,13.128382422003968,47.18133732647244,2.743505082901451,22.242757068614385,35.1031181438765,0.015023785607630015,1189.6815025188519,False,predicted
3.7109691492647183,16.076873166470083,58.24645580887867,0.8289536194703864,42.448992316861236,23.879434385702936,0.12544170891733858,1019.2886435302548,False,predicted
4.74659301221977,14.831510985562977,62.345761083759825,0.6829526741711379,35.52400281398884,28.164687115894022,0.10517784242005754,972.5629756365363,False,predicted
3.6474019672764078,15.965488595961766,56.75482429403988,3.4057714176896132,34.40766454617863,25.351836790438465,0.11162870579156381,1052.457382878337,False,predicted
3.9432365153767464,16.300925744685987,45.085569777156515,1.8550423752853171,32.39507245099348,32.7569430789519,0.15009546053003683,1018.0129513952086,False,predicted
3.49147002603899,12.778849618986794,60.22293227317662,2.575912162650475,25.490487366859895,33.2641449702204,0.011139334608554013,1179.9561831137162,False,predicted
3.54074719797452,13.515425379553097,49.72075627304452,2.5400566286388497,24.855554196637573,34.129722065116674,0.016548637328212646,1166.602528525224,False,predicted
3.7448119601181604,13.224168805434251,42.1045298510429,3.696136474970232,19.072719532021917,40.94763714951255,0.014361791770870406,1140.1341048109548,False,predicted
2.6652515055661126,14.821033165341094,51.870321793702665,1.954784665932893,28.276258705511925,32.441617937670195,0.04808052893584227,1136.3798661026324,False,predicted
4.317800511950203,14.29184301536339,58.50447843419269,2.2029284656052557,33.667294834757264,29.573583992299174,0.03874809091843867,1023.3810181358593,False,predicted
3.1241278831867874,14.505292486802949,52.85980665707821,2.143389792964198,30.213451909756532,30.716139692512403,0.030050556689524735,1121.2943293350183,False,predicted
3.9804853424373006,16.17166236274784,46.862195788097694,0.7773767547291454,33.286071497662384,32.941519374193135,0.18738048965229093,1020.608968749986,False,predicted
4.785352647631117,13.256022073161725,54.50964860021557,3.6130539666610595,27.030013892649666,32.547475043721036,0.035711277934494697,1054.5408597358944,False,predicted
4.598974562178456,16.414083372620958,52.378761462220346,2.693576413983578,34.65588284406391,28.483878674663092,0.09969004346927654,987.0459410595552,False,predicted
3.609272591960128,13.760530880714217,61.005500043188164,3.8891577149445298,26.673863970878276,32.282420189137824,0.018990628009478934,1130.9174032805026,False,predicted
4.837534011890755,12.085829599006466,58.04074035798455,0.7330583246330845,28.476174506843012,30.519172286029477,0.03145084853559357,1052.2784129566965,False,predicted
5.290784621891323,16.711491797735793,63.03581898904258,4.016942932368971,43.18470350927038,19.5514002752297,0.10495231524563527,850.8013345576458,True,predicted
3.752210593173258,13.831423182890873,46.74865570740742,3.721914163213304,22.684411272148388,35.322381778852474,0.019623827317699735,1113.4758354447151,False,predicted
4.089078012118643,12.113541689096813,55.6416562300557,2.0092909291920598,26.661010001129576,31.247194878898032,0.01954876763616274,1086.9983579064108,False,predicted
2.5963702198832657,13.313250977579578,53.65114181873669,2.2630146863341416,25.78357193329992,31.59355923261107,0.01520186202177359,1215.7940918984011,False,predicted
3.7801515734518882,16.65302853275908,46.70618614027238,1.2521056631066259,34.117157893803714,31.013506078309906,0.14275077227214872,1024.2919082472406,False,predicted
4.5638606176007945,16.49438222440749,42.9900917062242,2.3482177282243306,34.62836035857797,34.24353676397085,0.15147592100657487,996.8806757664321,False,predicted
3.4735800018628034,12.375306736963864,46.99967418718408,3.4537312839040912,20.004131116059146,35.55238462723895,0.007535030232922383,1171.6833244069737,False,predicted
4.6826450104100275,13.888285557389821,61.35281797019367,4.382183602795589,28.02237172765345,31.642278561455942,0.036729670843013276,987.6087093265858,False,predicted
5.053295398483379,15.836477766444432,62.59298476175994,4.116364584076534,41.74898342001748,21.992402501873332,0.15301735337569747,883.6063228832452,False,predicted
2.676545231691446,15.709567282221075,55.32150465447593,4.022452694947393,32.49077372560744,26.734869014254922,0.10849240528277114,1071.0217978551034,False,predicted
2.922558270878232,15.901029609101139,62.93005101050361,3.240527012357984,38.89999611262743,21.87625765130168,0.10789744304223856,1022.1893869888374,False,predicted
2.7596100321738883,14.416032566341093,51.14630882998547,3.4718274549636106,26.64359595174845,33.890362888552396,0.027305268197811584,1138.5394139503019,False,predicted
4.413054829505063,13.460589274436279,62.45214364300582,3.415457981879595,28.07956557559647,31.40942676734607,0.03617132944927621,995.911758492346,False,predicted
4.322266929383245,13.97366339795733,56.06042356262361,3.370983351003903,28.395796166310515,32.38052277532118,0.03441013377506036,1053.0471138816752,False,predicted
2.9929563437060884,15.757133649717094,54.374631341911325,1.6160178252387976,33.64366055816878,26.22822946435817,0.1169832303767622,1069.799896027314,False,predicted
3.6328141505339158,12.478757189052006,47.75128851142016,1.0197458800290589,23.632823164201394,33.95728604794233,0.01879179731107289,1188.4132264660088,False,predicted
3.1626205335908124,14.513030163620083,51.4018366207075,4.181804624215209,26.594466980318447,34.63220172284758,0.03205675367313765,1108.9893566534186,False,predicted
2.6568668406074964,15.11289743169797,51.348637818112365,4.137440218637502,26.978885391936377,33.83850257682386,0.06645994345149395,1117.1591179850648,False,predicted
5.0647469096394735,14.883006704115047,54.635202144958235,3.296087618296302,33.000358989296764,31.05355699313841,0.10576406158633296,1020.3451973156683,False,predicted
2.726558984970715,13.15361287769497,64.05605613989869,4.050360641616833,24.61975232934836,32.89937908143906,0.013648924624260605,1189.6219446506027,False,predicted
4.8458413159202935,16.203539018161862,40.61487708420959,3.7726154771893174,32.04409709530096,39.29398654117354,0.1349772103782939,1023.1517829613739,False,predicted
4.584353034214002,12.421537771596563,53.245873323207995,3.4627355317615347,24.84157161606971,33.23027221615775,0.023435345574173927,1063.573440256883,False,predicted
3.253163181251182,15.958980666050845,56.49069976341457,1.7761051019279628,33.78988152526518,25.417270428043114,0.11880250055815213,1063.9751445415213,False,predicted
4.686528979573539,16.600330974059105,63.265020767710965,2.210858730995446,42.97815258849805,19.57436774578386,0.09909373172224975,870.1465226298617,False,predicted
4.046002764968287,12.615980563638756,51.39191734894853,2.19200261149214,24.232587751987314,33.819978142735316,0.01300982929849116,1086.3699631921388,False,predicted
4.667995528324981,12.164143140626674,63.45396802604054,2.2130677547047464,27.588632314370074,30.3450282119593,0.024473292292875367,1005.2404104284468,False,predicted
2.5797245793774604,12.730867916807039,60.767833622032214,4.322949240550313,23.65155219371767,33.82355660341305,0.007997512631739813,1202.786543297515,False,predicted
3.2855982391274,16.168101826731906,44.060887900494706,1.8046471654429581,30.370706097487876,34.46199848673903,0.17438268267138138,1065.3696345441406,False,predicted
3.138878557211067,16.250135764859362,57.27348178229789,2.993153975733728,33.40416316224742,23.637087071730935,0.07866352854939267,1041.7019767600457,False,predicted
5.0810655587664595,14.393940465342506,61.9951207208604,1.7036043431803578,35.28845883627356,28.35805529435975,0.06197630276397318,976.5785067051079,False,predicted
2.982408711665861,13.147770979564656,46.384303410412954,1.4524620495023353,22.521744553928535,35.33595598846938,0.020877737794971377,1219.2573269974735,False,predicted
4.3253884544702705,13.218198371251114,52.06915890357107,4.1997576220389,24.559960034533997,34.90927003852214,0.029293757983717174,1084.1713129154225,False,predicted
4.337586313672061,16.691684973195553,44.07341418402786,2.5322073803573613,33.50385298208999,32.6469291171962,0.12278876746077044,1003.4545256967358,False,predicted
5.4277163099701315,16.703022408219624,61.83454860385312,2.8467478751818986,44.06716773060384,19.90844246691501,0.09526811727375939,798.8363855756519,False,predicted
4.00059273675247,13.529612913911375,54.73067712931834,2.8536824128744205,27.937557219957398,32.73301395286117,0.024384683164165238,1052.538295044543,False,predicted
4.429796045052268,15.533011435063589,42.748970028616874,1.8222757975339832,32.19934179361298,36.83631775499692,0.17904199914193827,1037.0452430832347,False,predicted
4.773486231810975,14.751560225851144,59.02315975902202,1.1173427114685315,35.195377764972605,28.797467244105437,0.07040081489716625,1012.146706798109,False,predicted
3.568833403196791,13.346404809170851,41.80024952485244,3.910731204888622,17.90092942590265,41.70830964370372,0.015642943575062303,1161.5219457737378,False,predicted
4.893588155364275,15.344851645057584,55.079269980829835,0.8155437874098,32.78992910665983,27.193430991821312,0.11468061029673969,1032.172249377993,False,predicted
5.001435457550322,14.56550717882545,57.659442930141246,1.193655655906948,34.587527918741024,29.021185088116365,0.06260607236408045,1031.2263847103138,False,predicted
4.376398591703445,15.188488015481347,51.575997076486395,4.367880837245948,29.6630720985212,33.50077649074544,0.09956858140109852,1037.1634290862546,False,predicted
2.7392332154136376,12.946536725837973,46.30193627408947,3.934452064531014,19.937207913308317,36.4967962163152,0.012350352106758397,1201.0180752209822,False,predicted
3.926677363109845,13.022408344562912,43.42939239566919,2.7220853882157554,20.273583161329487,36.84834871315959,0.01733415880044535,1085.9405382868879,False,predicted
4.9318191904695325,15.247121735617275,60.20662190626257,1.9046047696639188,35.45269646200846,27.3108823874192,0.10789638454697083,993.7352980388933,False,predicted
3.413021509961544,16.05377606762887,48.46842238218994,3.5208677351041855,31.121801007636364,32.23610024431542,0.13615639299631146,1059.76956228493,False,predicted
2.9682123336449666,14.248989768535123,49.80872352804363,2.958579931588325,26.021691580140192,33.8945158399106,0.02292327783749184,1133.2050499241602,False,predicted
2.955347289778876,12.104881998022949,50.69284008856591,1.2364831583575828,23.259129295630565,33.70791089561139,0.009858698626147291,1222.2743246540913,False,predicted
4.545581778514541,12.22222507418301,56.578046572464984,2.7630995426371974,26.52396828048026,33.153776716929016,0.02470485165911136,1065.6752042899,False,predicted
3.7991959761286527,13.144959717008271,46.455737334465724,0.9827365964692225,23.583852022495744,35.12700020908196,0.027754235772034105,1117.8984971187217,False,predicted
3.4340180673350824,12.694650966806654,60.29133923598896,2.5769643455981144,25.215889207980844,33.33973205367559,0.008862848640295035,1187.316554581897,False,predicted
2.6830673898677544,15.705112110501327,59.29947233009257,1.88492511610787,39.51193952575002,24.928545807405307,0.10417861748320613,1053.1432425179735,False,predicted
4.0691245084831005,13.134961291715971,42.421685764458346,0.8232834405342788,21.231043543042563,40.34374313906429,0.031155203637552073,1088.7180109988476,False,predicted
3.9914157541261677,16.33078121557056,61.693126472574164,1.6029119297376457,43.98457126675138,20.51814270743443,0.07478579870159328,885.4839063398963,False,predicted
2.6866880469064474,13.95146589766091,56.36547064609096,1.8116868309678682,27.33589634997047,31.122198464691472,0.022391093087521546,1170.1120577230997,False,predicted
2.8966489016298764,15.42333614532516,41.26864649870668,4.154916332136861,24.362016742030427,41.27060188767354,0.09754324933140072,1101.5864752923308,False,predicted
5.258212190415183,13.898062476147944,49.068502196987,3.4982439968976995,26.842846259714708,33.60653047434256,0.06915383602511888,1026.3213605199908,False,predicted
2.9631472337018447,12.52115417082017,57.203151235794465,3.6205594668814776,23.238595323367104,34.56300281757607,0.007558491572521925,1201.357557119605,False,predicted
4.927553500537335,15.852135252193456,62.08943213742034,1.1992453502646598,44.358206150572585,21.8525548534742,0.1638913177595973,890.9721744913205,False,predicted
3.01879618251061,15.171988605897257,56.54873245614415,1.633560089183475,30.324146496880157,29.096555436585362,0.0603482615740468,1119.7871392607208,False,predicted
3.6975429551860373,13.38490800500852,48.39179223171191,2.675650682040207,24.069613898438433,34.4603323873544,0.014949590476256406,1162.395475147718,False,predicted
4.559385262823174,13.377313541275537,57.679506398056844,4.168534652257096,26.680122402288198,32.951401900767735,0.035132231268790295,1037.1040001831989,False,predicted
5.0252445513077815,16.608309894228434,52.150867176922745,2.180682475739377,35.67814611966136,28.140051406344497,0.10214841562170068,970.9034116604427,False,predicted
4.6410002490845805,16.325955661646564,53.20579787356404,3.581896746555341,34.95628224275045,25.05632271303913,0.10135203530666749,987.6633441498019,False,predicted
4.463287349930611,15.164820913079742,46.64096265026235,1.7407428077764702,30.35105021469272,33.50030124218144,0.15760228097773138,1049.7975364428846,False,predicted
5.231569995617713,15.221328476633962,42.92261236875104,1.2985134157367164,28.837314841360108,37.027963723834326,0.17071567762426743,1043.5685285315176,False,predicted
5.436437461040391,15.206217857922208,59.083291347752294,1.7084048846328348,35.58505901786224,27.519773997904768,0.12094532098282143,947.1081194677671,False,predicted
3.882561725165906,13.636744093214748,58.74971744158002,3.87316409447057,26.811950473166313,32.8320244347505,0.02218580011636109,1027.921005101432,False,predicted
4.427026235961169,15.407569282990146,43.048768189291366,1.6117315075623413,28.40205242993457,36.80555534608535,0.17782349442190928,1056.1298228672972,False,predicted
4.1043349254311785,14.738839513980167,62.34302487929793,1.6079158967356548,35.31619096573986,28.155940847630845,0.047050000312249346,991.2401909057285,False,predicted
5.178271957320128,13.91460264523215,48.69668011378194,3.3293820418396045,26.715773367672785,33.5817369563626,0.06778394132519544,1038.6090776963026,False,predicted
4.561008865794333,12.261228714221875,59.43927512108354,2.36316283823037,26.759967699294684,31.956687367803106,0.024355175617628663,1040.3458048635273,False,predicted
3.0330303338036497,12.154977126038364,55.944540217746436,2.4856174084209237,24.89095423430303,33.73408341854866,0.009614146838997235,1206.4551437382877,False,predicted
4.539523274803218,16.650260481474504,45.801410974352116,1.69723845072936,35.112006736836825,32.16340661367043,0.15583077502327053,992.8855095668589,False,predicted
4.168602999942742,13.23510350799279,60.599105738689616,4.130364693289505,26.509879025848672,32.38811670934031,0.028071640818912284,1049.8787307408688,False,predicted
4.481679286186039,13.289159583083144,63.6351702273555,4.148159262440215,27.076777966677554,31.634075699937355,0.035782577230306235,1006.5194952961716,False,predicted
4.615912552569819,13.160294585954299,52.123935330969495,2.889926519846746,26.43531979897055,34.08855931055161,0.033359959737382934,1059.8078873154884,False,predicted
5.174778229068647,12.751528659572061,45.241303092752695,3.805574967258278,22.715905722314332,36.2838791541591,0.062382002463538096,1059.124616749574,False,predicted
2.5831290330379097,15.586292690778802,41.77237280124996,1.2330491609365941,29.79983667948235,40.67846222919839,0.19123937021491583,1098.3406905490076,False,predicted
2.61507844210247,15.826247194797844,52.99394748746986,1.8353126753860778,31.607376647102907,28.418077845725005,0.11252449575883902,1085.0692650936453,False,predicted
3.7572273584829614,12.448952104610774,55.34581398214595,1.4011605785386951,26.558760529737167,31.53185453033753,0.014986852432595732,1156.8774757798274,False,predicted
4.182904260478876,14.043824977645322,44.78436426353652,0.5605983756861845,24.64874685382327,35.18580495815812,0.03979552924966719,1070.1193765034773,False,predicted
4.990360482004319,14.095998581689217,54.60899883853486,1.721334279900773,30.958537411131203,29.040804480833703,0.05279267071729602,1041.475873702118,False,predicted
4.650167424430302,14.68878267989517,48.253933989626304,0.8675026890720454,30.646510672296635,32.87066772683461,0.06181202971350259,1046.6520649784559,False,predicted
3.107288902590298,15.573164917501986,63.40894078882803,2.0761158995822324,38.991553668667116,22.467563525596702,0.08837979477203263,1029.8315476603989,False,predicted
3.4600771578329486,12.650934423353881,42.57233651304662,0.684853776186392,19.37118531597418,38.18105131170139,0.018853192812723685,1205.3768760067228,False,predicted
3.643708025416225,14.859750732894861,59.00164236151543,4.205660385949768,32.818094169187916,32.0959348882854,0.06415318583310754,1086.7751843462465,False,predicted
3.342138368393696,14.171458755895976,48.5640364577136,4.219816547233629,24.87463279602864,34.98445951964889,0.02616890041564599,1110.7015270151337,False,predicted
2.763164069819412,13.281871035402272,57.14845286189599,1.2186557647553447,26.469657371561063,31.427438936199817,0.018955995729921408,1225.9409814868743,False,predicted
5.350085425221296,13.399046388696272,43.87719220888617,2.3319044480158357,23.874019158522074,35.292605872541856,0.06740400877598969,992.6118902719201,False,predicted
5.343677862951731,14.315833615249263,50.168153736796526,1.0456013771895234,31.195350550407063,31.511555653155643,0.0772402574343824,985.2585028332512,False,predicted
3.624429774580795,16.029394520503313,42.40532273921366,4.3015506427012165,30.558312055172685,38.83218819671191,0.14727005163376208,1063.3426499806783,False,predicted
2.7191469560833483,12.552408882163165,44.14422461229061,3.5481417082454763,19.003903667439992,36.740294501876406,0.0073605907102871635,1202.2298111581467,False,predicted
2.8716497405423826,14.610157002351025,61.57514803539623,2.2985583969362873,31.77986416144834,30.015072414869316,0.026095757822027877,1128.8759063200687,False,predicted
3.0466744847414624,16.657357040270593,47.96970422522628,3.733501047084639,32.07161322767652,30.404171826012085,0.09626707831046781,1039.392942351811,False,predicted
3.137661175961737,16.122919824738453,45.14376306049938,3.73259628297055,30.185634347689895,35.257228709994834,0.14515492591987397,1067.6050057989676,False,predicted
4.62319468187707,15.539882350479022,51.48255073611199,1.1672437926055608,34.62455608921489,31.08784616091861,0.12911352888968636,1010.0494629381315,False,predicted
3.562220568721717,14.652431928821281,51.229746455984035,2.0606080268973126,30.078960787533898,32.347440150848314,0.031027489704568246,1112.6942447349559,False,predicted
3.5087978781995406,14.94035677064268,56.9716058166683,1.0135517086969932,32.138603368272705,29.16956194543553,0.06519518466230366,1114.88623609351,False,predicted
4.111962552303002,12.268280892089503,47.47329666606593,0.7104404242820552,24.42325608517898,33.91189805715831,0.02417604569965645,1094.394976093482,False,predicted
2.5872396467194676,12.735934527096852,55.829004224988935,4.404602692966549,23.254589694115936,34.6395804066702,0.008450479999537033,1204.6598047283528,False,predicted
3.2256591698088024,12.952389791619202,54.08107881244708,3.4573566899198513,23.878083090542653,34.06831202706171,0.013259224801192562,1187.1218260158225,False,predicted
4.512877908656771,14.80804011272284,48.235292784276325,1.2632088125517056,30.722334795444283,33.06629141871782,0.13397791842762605,1045.8858445167957,False,predicted
4.194658663068631,12.281957981013441,52.74156921785763,0.8508706194101106,26.99266884810636,32.06920502388357,0.026862588798230193,1099.5352039171053,False,predicted
5.270147877815709,14.423612587069183,57.56024945731106,3.3610634522524316,32.78875742970727,31.224995306168452,0.07745995995675839,1007.4164978898935,False,predicted
3.329509300569345,14.554646453415657,61.280251747487895,2.5080245433610333,32.701106333319515,30.96018087280634,0.029907446406533825,1112.6550654399623,False,predicted
5.239865393275043,15.412945676450061,49.663892469637034,2.7560291858701156,31.427185394231874,31.25683368869459,0.13068911303434053,1015.4398903682559,False,predicted
4.23440457606309,16.771689067973828,44.86820661772253,3.258766565430579,33.674988973573235,32.98696942697681,0.11341783488505201,1006.6378536144955,False,predicted
3.968230678693258,14.70070393505177,53.96038100365675,3.012005188213334,31.856930136310496,31.575078010609676,0.04312715904773768,1039.4286075782595,False,predicted
4.879901999462209,16.215695098740632,47.5799667640889,4.118528150069015,34.20409271954641,33.17777996159356,0.13491941416531786,1005.9098048010203,False,predicted
2.8254557998090646,15.497075351089546,47.415876092588334,0.8960297744288732,30.52340178383871,33.140015600884716,0.15039932971347503,1107.2717873851368,False,predicted
