run,total_thickness_mm,inner_length_mm,v_angle_deg,layer_normal_gap_mm,tip_gap_mm,magnet_center_offset_deg,outer_length_mm,inner_thickness_mm,outer_thickness_mm,outer_length_scale,outer_thickness_scale,pair_radial_shift_mm,outer_bridge_min_mm,shaft_clearance_min_mm,layer_gap_actual_min_mm,other_magnet_gap_min_mm,magnet_area_ratio_vs_single,geometry_status,candidate,pred_mean_torque_Nm,pred_ripple_pkpk_Nm,unc_mean_torque_Nm,unc_ripple_pkpk_Nm,conservative_mean_Nm,conservative_ripple_Nm,magnet_area_total_mm2,magnet_volume_total_cm3,torque_per_magnet_Nm_cm3,torque_ripple_pareto,magnet_torque_pareto,three_objective_pareto
26,4.175501395385545,16.705441451011573,79.37916371923971,1.731104647452389,0.6075381037704741,23.460733242556515,13.36435316080926,2.0877506976927727,1.6702005581542183,0.8,0.8,1.0,3.881227574492748,7.330072887859911,1.7311046474523886,0.6075381037704732,0.8200000000000001,OK,24,44.63565481190281,5.2808861686996265,0.5463745376998053,0.4433504178469959,44.089280274203006,5.724236586546622,457.5835772253512,68.63753658380267,0.6503096852464266,False,False,True
33,4.55874911627451,16.595261326530512,80.76464487184921,1.1615819798964606,0.6075381037704741,23.632229779742907,13.27620906122441,2.279374558137255,1.823499646509804,0.8,0.8,1.0,4.088891350026664,7.599254198536903,1.1615819798964555,0.6075381037704718,0.8200000000000001,OK,31,44.298370775881985,4.855179865346771,0.5429330420791779,0.4422335425664139,43.75543773380281,5.297413407913185,496.2878318677258,74.44317478015887,0.5950628906773695,False,False,True
37,3.5261509007895366,16.101155559959437,80.22161585825535,1.410146831277663,0.6075381037704741,22.87233532238993,12.880924447967551,1.7630754503947683,1.4104603603158148,0.8,0.8,1.0,4.460341645065135,8.065636133444542,1.4101468312776615,0.6075381037704669,0.8200000000000001,OK,35,40.29016287603377,4.844495482110986,0.5416730416852343,0.4430390087866353,39.74848983434853,5.287534490897621,372.4446834306625,55.866702514599375,0.7211838369287132,False,False,True
58,3.997450208727543,16.745445049200594,82.04940640587475,1.1977756627482163,0.6075381037704741,24.1127606569176,13.396356039360477,1.998725104363772,1.5989800834910173,0.8,0.8,1.0,4.284229121506613,7.964068996111708,1.197775662748212,0.6075381037704818,0.8200000000000001,OK,56,42.520835459236494,4.0832361871871115,0.5428606586991634,0.44300797742932624,41.97797480053733,4.526244164616438,439.12038321498613,65.86805748224792,0.6455456117055869,False,False,True
64,5.492369761777811,16.71106055335552,68.96288908158965,0.9799753706171755,0.6075381037704741,21.26083522120972,13.368848442684415,2.7461848808889053,2.1969479047111244,0.8,0.8,1.0,3.129492354051166,5.898620284367443,0.9799753706171752,0.6075381037704845,0.8200000000000001,OK,62,51.61939965756513,9.406705090549965,0.5462379974149144,0.4467324306656568,51.07316166015022,9.853437521215621,602.0986032784002,90.31479049176004,0.5715497913077114,True,False,True
85,3.5168585497801605,15.829866710439044,78.97042386524744,0.5218461369471437,0.6075381037704741,22.528335594877312,12.663893368351236,1.7584292748900805,1.4067434199120643,0.8,0.8,1.0,4.796211198312701,8.409371014189102,0.5218461369471398,0.6075381037704796,0.8200000000000001,OK,82,39.70435306201603,5.183114119552764,0.546537907441967,0.4433922491452325,39.15781515457407,5.626506368697997,365.20439766112065,54.7806596491681,0.7247877867169674,False,False,True
96,4.242358742367745,16.76195027539407,82.39350684691627,0.5199721286715391,0.6075381037704741,24.30045664187593,13.409560220315257,2.1211793711838727,1.6969434969470982,0.8,0.8,1.0,4.472636773481135,8.1982090059083,0.5199721286715345,0.6075381037704723,0.8200000000000001,OK,93,43.21531248672004,4.097862697422772,0.5450958694749469,0.4423561537443644,42.67021661724509,4.540218851167136,466.4829532620817,69.97244298931226,0.6176047403878815,False,False,True
107,4.291415123965191,16.696274081428776,77.44920056127839,0.9214369431289182,0.6075381037704741,23.331897819254976,13.357019265143022,2.1457075619825954,1.7165660495860764,0.8,0.8,1.0,4.014060107311593,7.416489453007871,0.9214369431289198,0.607538103770487,0.8200000000000001,OK,104,45.40228999500222,5.561282914000653,0.5413190882968386,0.4421009940029484,44.86097090670538,6.0033839080036016,470.0282187813393,70.5042328172009,0.6439654497442518,False,False,True
125,3.982181191656685,16.74268535781969,86.77735754891818,0.6753623281225044,0.6075381037704741,24.76354267670844,13.394148286255753,1.9910905958283425,1.5928724766626738,0.8,0.8,1.0,4.81888710730837,8.818805155440245,0.6753623281225023,0.6075381037704757,0.8200000000000001,OK,121,40.9970114825936,3.1677924930369628,0.5426940927816162,0.4421875933753892,40.45431738981198,3.609980086412352,437.3709881470639,65.60564822205959,0.6249006387960443,True,False,True
160,3.552294215789823,16.517888396415504,79.9740501431861,1.9217588251469728,0.6075381037704741,23.31830905425646,13.214310717132404,1.7761471078949116,1.4209176863159294,0.8,0.8,1.0,4.109314448665103,7.668106227557997,1.921758825146969,0.6075381037704798,0.8200000000000001,OK,156,42.11476324745047,4.960709134207217,0.5493092517874394,0.4447844667090427,41.56545399566303,5.40549360091626,384.91718011417504,57.737577017126256,0.7294168793220798,False,False,True
180,3.528156687955597,14.728600344071936,70.74741862634741,1.3619563773900676,0.6075381037704741,19.19724662149244,11.782880275257549,1.7640783439777987,1.411262675182239,0.8,0.8,1.0,4.413373098344405,7.524863149984267,1.361956377390066,0.6075381037704825,0.8200000000000001,OK,176,38.704446719008914,7.988423744829876,0.5538366668099404,0.4436029300956603,38.15061005219897,8.432026674925536,340.8891523415461,51.13337285123191,0.7569312282922569,False,False,True
203,3.5503223907889403,15.438788425413,83.7447760692229,1.3894365849960306,0.6075381037704741,22.378414583588857,12.3510307403304,1.77516119539447,1.420128956315576,0.8,0.8,1.0,4.905387899158196,8.652045300121145,1.3894365849960293,0.6075381037704771,0.8200000000000001,OK,198,36.939114430566214,4.5481243314505155,0.5402916435646787,0.44223379401341956,36.398822787001535,4.990358125463935,359.57115609108365,53.93567341366254,0.6848735186313462,False,False,True
216,3.596454249862869,15.975145940858278,77.42647049384661,1.836524982536832,0.6075381037704741,22.074522489643407,12.780116752686624,1.7982271249314348,1.438581699945148,0.8,0.8,1.0,4.162368241093429,7.566398123942806,1.8365249825368293,0.6075381037704748,0.8200000000000001,OK,210,41.79792197403978,6.0108478808192904,0.5429762379195187,0.44285879494607633,41.25494573612026,6.453706675765367,376.8974627133364,56.534619407000456,0.7393332158678,False,False,True
223,3.553863421135076,16.008262962870344,72.02170685849129,1.4278479431711502,0.6075381037704741,21.22756730112312,12.806610370296276,1.776931710567538,1.4215453684540305,0.8,0.8,1.0,4.005131213780835,7.183355268374614,1.4278479431711444,0.6075381037704748,0.8200000000000001,OK,216,43.271394603026465,7.22017176822232,0.5412450484699807,0.44205358628557184,42.73014955455648,7.662225354507892,373.20614197854553,55.98092129678183,0.7729668179918647,False,False,True
224,3.506238484294355,16.272035704847923,87.92945085915892,0.5626796118590922,0.6075381037704741,24.16696528979349,13.01762856387834,1.7531192421471775,1.402495393717742,0.8,0.8,1.0,5.262883081701521,9.377729246435418,0.5626796118590875,0.6075381037704741,0.8200000000000001,OK,217,38.56038482898894,3.2110217949563036,0.5430077695223647,0.44279445465484396,38.017377059466575,3.6538162496111477,374.2718640083415,56.14077960125122,0.6868516095228848,False,False,True
230,3.541865010065406,14.623622983759532,74.6749812080034,1.8674743272792749,0.6075381037704741,19.594143011423675,11.698898387007626,1.770932505032703,1.4167460040261624,0.8,0.8,1.0,4.47203288491756,7.710719432828601,1.8674743272792715,0.6075381037704749,0.8200000000000001,OK,223,38.44062667134062,7.3713368624794855,0.5416753438295341,0.443837803005631,37.898951327511085,7.815174665485117,339.774534596674,50.9661801895011,0.7542379383428716,False,False,True
233,4.704353672198717,16.71545984783413,80.08649068807054,1.9691620911217032,0.6075381037704741,23.47064788110969,13.372367878267305,2.3521768360993587,1.8817414688794871,0.8,0.8,1.0,3.666732922352496,7.045782270297551,1.9691620911217027,0.6075381037704749,0.8200000000000001,OK,226,45.71190394805308,5.561831928977794,0.5470087056327901,0.4431977785952886,45.164895242420286,6.005029707573082,515.8484530597756,77.37726795896633,0.5907665798215362,False,False,True
234,3.5298143687268624,15.792303543772483,73.64436398914953,1.3164039316203122,0.6075381037704741,21.299655350067766,12.633842835017989,1.7649071843634312,1.411925747490745,0.8,0.8,1.0,4.213506614516351,7.481171074445594,1.3164039316203069,0.6075381037704828,0.8200000000000001,OK,227,41.82632744680381,6.843500293985882,0.5420609570983093,0.4424930140129174,41.2842664897055,7.2859933079988,365.67998376452397,54.8519975646786,0.7625306151792266,False,False,True
235,5.120950945175031,16.700590865213684,78.27816367587661,1.473468347993432,0.6075381037704741,23.18280453719601,13.360472692170948,2.560475472587516,2.0483803780700125,0.8,0.8,1.0,3.6106274073960014,6.8689365380307965,1.4734683479934294,0.6075381037704749,0.8200000000000001,OK,228,47.44245369048134,6.204536137221736,0.5454072725591297,0.4426245375871169,46.897046417922205,6.647160674808853,561.0302671398557,84.15454007097836,0.5637539418606174,True,False,True
260,4.055284536086362,16.774360362807613,77.50355162452809,0.909112313179191,0.6075381037704741,23.500518177548926,13.419488290246091,2.027642268043181,1.622113814434545,0.8,0.8,1.0,4.067028518404925,7.515808487627609,0.9091123131791846,0.6075381037704881,0.8200000000000001,OK,252,44.84288486082582,5.307700272818537,0.5410708981708032,0.44243207786544153,44.30181396265502,5.7501323506839785,446.24271543414136,66.9364073151212,0.669932651893249,False,False,True
261,4.928524833908057,16.79398574307271,83.13199655049299,0.7766202271951592,0.6075381037704741,24.33277640210741,13.435188594458168,2.4642624169540284,1.9714099335632227,0.8,0.8,1.0,4.201884232762531,7.827870712999037,0.7766202271951548,0.6075381037704758,0.8200000000000001,OK,253,44.3652869665475,4.269911391351133,0.5419657193707569,0.4427691410340177,43.82332124717674,4.712680532385151,542.968417215408,81.44526258231119,0.5447252002129715,True,False,True
275,3.5703068938204905,16.30146183314706,84.24063668027657,0.5158922821076353,0.6075381037704741,23.877067769608225,13.041169466517648,1.7851534469102452,1.4281227575281965,0.8,0.8,1.0,4.976984752113264,8.888509300441584,0.5158922821076346,0.6075381037704753,0.8200000000000001,OK,267,39.77467423681579,3.7405357506124104,0.5434182476468233,0.4422592153432661,39.231255989168965,4.182794965955677,381.80001344827184,57.27000201724078,0.6945114865692142,False,False,True
285,3.5949727247811105,16.25578905557782,77.58395869590781,1.7508347037695953,0.6075381037704741,22.5456847761749,13.004631244462258,1.7974863623905553,1.4379890899124443,0.8,0.8,1.0,4.105966060071204,7.535737778778882,1.7508347037695888,0.6075381037704726,0.8200000000000001,OK,277,42.546163284819855,5.723721549260127,0.5430269216700567,0.4431844299221844,42.0031363631498,6.166905979182312,383.36061588136,57.504092382204,0.7398806158357308,False,False,True
289,5.114277644281673,16.59083696211281,73.17873469243125,1.4476413641554955,0.6075381037704741,21.95582604080541,13.27266956969025,2.5571388221408364,2.045711057712669,0.8,0.8,1.0,3.3685127481400983,6.363375414049383,1.447641364155494,0.6075381037704782,0.8200000000000001,OK,281,49.60532053975638,7.8654543447897645,0.5432069309835588,0.442947714402822,49.06211360877282,8.308402059192586,556.6169615336768,83.49254423005151,0.5941287452335404,False,False,True
295,3.5613532639326264,14.515745379889117,87.15758894036586,1.7678662972143255,0.6075381037704741,21.3542400299416,11.612596303911294,1.7806766319663132,1.4245413055730507,0.8,0.8,1.0,5.259207513897234,9.071879987015365,1.767866297214323,0.6075381037704728,0.8200000000000001,OK,287,33.968684712690205,4.6881820547947415,0.5522827233126921,0.4435690942727447,33.41640198937751,5.131751149067486,339.1237735472648,50.868566032089724,0.667773585189359,False,False,True
318,5.17794928634528,16.780507103835067,83.66623678309074,1.1501822476972745,0.6075381037704741,24.301573863681348,13.424405683068054,2.58897464317264,2.071179714538112,0.8,0.8,1.0,4.02298607970852,7.600276331668253,1.1501822476972663,0.6075381037704713,0.8200000000000001,OK,309,44.50705304076834,4.318955173021735,0.5412428178659973,0.44338188941538165,43.96581022290234,4.762337062437116,569.9893129752644,85.49839694628966,0.5205600880298118,True,False,True
340,4.588774217539569,16.744639089469814,82.57051288104977,0.6656118017012359,0.6075381037704741,24.23372883208729,13.395711271575852,2.2943871087697847,1.835509687015828,0.8,0.8,1.0,4.328782793804535,7.98932681032111,0.665611801701233,0.6075381037704825,0.8200000000000001,OK,329,43.84212685815335,4.2398583240759296,0.5434518914744494,0.4423364819475786,43.2986749666789,4.682194806023508,504.0531349706141,75.60797024559213,0.5798611801870095,False,False,True
350,3.793586643857835,16.742799253156065,66.0900725839352,1.1384342156127365,0.6075381037704741,20.985435156014688,13.394239402524851,1.8967933219289173,1.517434657543134,0.8,0.8,1.0,3.4462222094023787,6.325756057952184,1.1384342156127305,0.6075381037704752,0.8200000000000001,OK,339,47.4680297525635,8.764026210746692,0.5439739657851809,0.44279900121540294,46.924055786778325,9.206825211962096,416.66010315683155,62.499015473524736,0.7595004400136748,False,True,True
353,3.5031244368857863,15.043727821700069,74.38026359111745,1.5776879486367028,0.6075381037704741,20.262652502414703,12.034982257360056,1.7515622184428932,1.401249774754315,0.8,0.8,1.0,4.430713162603894,7.696506642741687,1.5776879486367017,0.6075381037704765,0.8200000000000001,OK,342,39.231738375632375,7.12551362794852,0.5430126696092932,0.4422644302871869,38.688725706023085,7.567778058235707,345.71233163460795,51.85684974519119,0.7565391759893866,False,False,True
363,3.6049518584539983,15.97476507629493,74.95191837396473,0.8156472163920871,0.6075381037704741,21.993803586767072,12.779812061035944,1.8024759292269992,1.4419807433815994,0.8,0.8,1.0,4.367558995936076,7.739858510638314,0.8156472163920812,0.6075381037704622,0.8200000000000001,OK,351,41.8197882909977,6.228472648275199,0.5419950797792076,0.4434292580449292,41.277793211218494,6.671901906320128,377.7789793690197,56.666846905352955,0.7379939166343001,False,False,True
371,3.929456223223112,16.62677475401158,72.20256162030431,1.438906836110068,0.6075381037704741,22.05940487363932,13.301419803209264,1.964728111611556,1.571782489289245,0.8,0.8,1.0,3.6750601194113095,6.8092892072424185,1.438906836110068,0.6075381037704704,0.8200000000000001,OK,359,46.748254201484,7.155635013046937,0.5397217242503191,0.4417836264342137,46.20853247723368,7.597418639481151,428.5922439520751,64.28883659281126,0.7271597477735561,False,False,True
390,4.063261247257345,16.77945842755583,81.42583256144081,1.7165923561476673,0.6075381037704741,23.9456167311068,13.423566742044663,2.0316306236286725,1.6253044989029382,0.8,0.8,1.0,4.021917762499935,7.607260784696253,1.7165923561476646,0.6075381037704685,0.8200000000000001,OK,377,43.344558520074784,4.544506811997871,0.546210355758491,0.44403496529398684,42.798348164316295,4.988541777291858,447.25636005196554,67.08845400779484,0.6460807475909147,False,False,True
391,3.815890547221736,16.66324566300981,89.28312853674714,0.5425632435018695,0.6075381037704741,24.863571196198308,13.330596530407847,1.907945273610868,1.5263562188886943,0.8,0.8,1.0,5.143980544865823,9.319104209730536,0.5425632435018645,0.6075381037704832,0.8200000000000001,OK,378,40.01391888343014,2.8893743219539436,0.5431597337426258,0.4425262859382374,39.47075914968751,3.331900607892181,417.1183977715235,62.56775966572852,0.6395293534115103,True,False,True
396,3.7548801901593736,16.739838415975843,67.7279360306116,0.9598034258042952,0.6075381037704741,21.49491556101522,13.391870732780674,1.8774400950796868,1.5019520760637497,0.8,0.8,1.0,3.5955764022505434,6.577966104225368,0.9598034258042902,0.6075381037704707,0.8200000000000001,OK,383,47.047858021322405,8.356097172713838,0.5448517513530682,0.443039975219533,46.50300626996933,8.79913714793337,412.33593501428464,61.850390252142695,0.7606719671375479,False,False,True
397,3.539935349571839,15.409144868883784,69.33733366031272,1.4203142756896372,0.6075381037704741,19.81705529377728,12.327315895107027,1.7699676747859194,1.4159741398287355,0.8,0.8,1.0,4.0832353159216055,7.132004386350175,1.4203142756896332,0.6075381037704805,0.8200000000000001,OK,384,41.28086742408113,8.121999206105478,0.5418310350443477,0.44256606050735314,40.739036389036784,8.564565266612831,357.8307906799111,53.674618601986666,0.7690947509136692,False,True,True
405,3.515795182288631,16.742113125024332,79.31559046287632,1.198183577234368,0.6075381037704741,23.74805866194079,13.393690500019469,1.7578975911443155,1.4063180729154523,0.8,0.8,1.0,4.25923785499122,7.8682134724428785,1.198183577234369,0.607538103770464,0.8200000000000001,OK,392,42.42289438630202,4.527906595298954,0.5419433943007829,0.44383528662729776,41.88095099200124,4.971741881926252,386.1336747708743,57.92005121563115,0.7324388272442197,False,False,True
411,3.510343633321764,15.759009982877298,74.26934765725653,1.7161663270958454,0.6075381037704741,21.21286511430514,12.60720798630184,1.755171816660882,1.4041374533287057,0.8,0.8,1.0,4.130787744991643,7.395318654558981,1.716166327095842,0.6075381037704791,0.8200000000000001,OK,398,41.83018712261335,6.849448572520645,0.5418801954521089,0.44229545060891,41.288306927161244,7.291744023129555,362.89618476715924,54.43442771507389,0.768450939570176,False,True,True
430,3.6265203816622384,14.63291736304662,67.75753639512763,1.8260535091473464,0.6075381037704741,18.15339566333889,11.706333890437296,1.8132601908311192,1.4506081526648955,0.8,0.8,1.0,4.116511373521661,7.049446247387056,1.8260535091473424,0.6075381037704717,0.8200000000000001,OK,417,39.336845113441164,8.609515611980433,0.5516208575242301,0.4445726415188328,38.78522425591694,9.054088253499266,348.11671927535696,52.21750789130355,0.7533267423509584,False,False,True
437,4.714937753931325,16.656773300978813,86.33003514589272,1.0178958217197658,0.6075381037704741,24.51793288417808,13.32541864078305,2.3574688769656627,1.88597510157253,0.8,0.8,1.0,4.446624329645665,8.255911569175169,1.0178958217197622,0.5556091974548643,0.8200000000000001,OK,424,42.184896880609124,3.5264245997092574,0.5409108714617621,0.4426885125767728,41.64398600914736,3.9691131122860304,515.1938593782197,77.27907890673296,0.5458773251104803,False,False,True
445,4.20989926539848,16.79888214345286,82.1095514384626,1.0911767173205351,0.6075381037704741,24.202708391378863,13.43910571476229,2.10494963269924,1.683959706159392,0.8,0.8,1.0,4.241922851572166,7.902428482259772,1.091176717320533,0.6075381037704614,0.8200000000000001,OK,432,43.144622499903555,4.123637265432213,0.5435575355811678,0.44284340940142386,42.60106496432239,4.566480674833636,463.9337064647603,69.59005596971404,0.619982580825633,False,False,True
448,5.367764984981573,16.633644956866025,76.96362937070208,0.9559534098008652,0.6075381037704741,22.956698881134187,13.30691596549282,2.6838824924907865,2.1471059939926294,0.8,0.8,1.0,3.658541011600573,6.853027241560852,0.9559534098008616,0.6075381037704628,0.8200000000000001,OK,435,48.25369902008769,6.681281121816468,0.5445183021843345,0.44404251878068696,47.70918071790335,7.125323640597156,585.7128601368499,87.85692902052749,0.5492304313165028,False,False,True
449,5.026255233244657,16.65816044829073,71.2396295137946,1.7372116699700322,0.6075381037704741,21.480741767716417,13.326528358632585,2.5131276166223286,2.010502093297863,0.8,0.8,1.0,3.1742207264765554,6.061311521271792,1.7372116699700269,0.6075381037704692,0.8200000000000001,OK,436,50.06721677591499,8.216308970244317,0.5427657226871019,0.4427642595905217,49.52445105322789,8.659073229834839,549.2567698091949,82.38851547137924,0.6076965519946494,False,False,True
450,5.386589522625048,16.54802962688868,83.0357097569314,0.6635277457055234,0.6075381037704741,23.92392783184125,13.238423701510946,2.693294761312524,2.15463580905002,0.8,0.8,1.0,4.17545192043395,7.715757097739209,0.6635277457055196,0.607538103770468,0.8200000000000001,OK,437,45.032842909218274,4.739520647792686,0.5412259911704425,0.443204457259391,44.49161691804783,5.182725105052077,584.7416261343657,87.71124392015486,0.5134215511777771,True,False,True
471,3.5180711714358304,16.556520694519264,80.73221599661295,0.5762156462848109,0.6075381037704741,23.84046597411221,13.245216555615412,1.7590355857179152,1.407228468574332,0.8,0.8,1.0,4.636567602335621,8.376904070836535,0.5762156462848064,0.6075381037704737,0.8200000000000001,OK,457,41.27864341677006,4.1956122101106,0.5452417689769561,0.4426639174426244,40.7334016477931,4.638276127553224,382.10043909462837,57.31506586419426,0.7202058096657892,False,False,True
486,5.2645640828218205,16.60645841074215,65.34476623599724,1.7288245073177315,0.6075381037704741,20.384721471350343,13.28516672859372,2.6322820414109103,2.1058256331287284,0.8,0.8,1.0,2.8048614018025653,5.332037938636013,1.7288245073177289,0.6075381037704741,0.8200000000000001,OK,472,51.29819540412086,9.49732217965078,0.5430185707074594,0.44347184103134457,50.7551768334134,9.940794020682125,573.5130150679626,86.02695226019439,0.5963037636038292,False,False,True
492,4.072240606372756,16.710407455850792,76.49403477632825,0.8963245054619569,0.6075381037704741,23.229421007052217,13.368325964680634,2.036120303186378,1.6288962425491027,0.8,0.8,1.0,4.0266612640654245,7.417098990384041,0.8963245054619527,0.6075381037704711,0.8200000000000001,OK,478,45.2163496917631,5.681575352887914,0.5402324309714958,0.4422639806778156,44.67611726079161,6.12383933356573,446.4001266273178,66.96001899409767,0.6752738480517574,False,False,True
494,3.659108182287784,16.73229589480844,79.152995587893,1.85832384944332,0.6075381037704741,23.4971938056243,13.385836715846754,1.829554091143892,1.463643272915114,0.8,0.8,1.0,3.975527802397913,7.486298085511189,1.8583238494433183,0.6075381037704711,0.8200000000000001,OK,480,43.4168720079651,5.070982776889307,0.5482248260322043,0.4448889179948254,42.86864718193289,5.515871694884133,401.6378421605294,60.245676324079405,0.7206636999875781,False,False,True
498,4.805193081506124,16.67856043730874,78.35634250089608,0.7185497970305935,0.6075381037704741,23.44553081868809,13.342848349846992,2.402596540753062,1.9220772326024496,0.8,0.8,1.0,3.9874144976829946,7.372429041947882,0.7185497970305921,0.6075381037704719,0.8200000000000001,OK,484,46.18664402799881,5.64501953234956,0.5430430132827976,0.4422989316453159,45.64360101471601,6.087318463994876,525.7426931418154,78.8614039712723,0.5856685488990752,False,False,True
502,4.372984545053277,16.64734540779162,71.80359998887079,1.4393303326110252,0.6075381037704741,21.896421388089024,13.317876326233296,2.1864922725266385,1.749193818021311,0.8,0.8,1.0,3.5084474664544274,6.551968701955339,1.4393303326110245,0.6075381037704787,0.8200000000000001,OK,488,48.31615176020104,7.626004573094538,0.5394746667675432,0.44184055550400203,47.77667709343349,8.06784512859854,477.5587122499028,71.63380683748542,0.6744881208088688,False,False,True
503,5.196123774669882,16.645161032973128,65.21824033678054,1.2662328249629784,0.6075381037704741,20.11494896172581,13.316128826378502,2.598061887334941,2.0784495098679527,0.8,0.8,1.0,2.964501365920782,5.579464187542447,1.2662328249629755,0.6075381037704773,0.8200000000000001,OK,489,51.418796322778896,9.910818877465292,0.5441871717402029,0.44279379518992845,50.87460915103869,10.35361267265522,567.3764793667608,85.10647190501412,0.604170225504901,False,False,True
512,5.436018841606796,16.56715022013691,67.91576868644694,1.84601600576836,0.6075381037704741,20.562546190890245,13.253720176109528,2.718009420803398,2.1744075366427182,0.8,0.8,1.0,2.864760057518339,5.503782953163922,1.8460160057683548,0.60753810377048,0.8200000000000001,OK,498,51.23788117687423,9.10355663893159,0.5438250439798822,0.44345820572302064,50.69405613289435,9.54701484465461,590.7892753094674,88.6183912964201,0.5781856387517619,False,False,True
524,4.181748957784923,16.760560171546786,75.73096315849857,1.540094832976884,0.6075381037704741,22.90302370709156,13.408448137237428,2.0908744788924616,1.6726995831139693,0.8,0.8,1.0,3.7128146415429057,6.98323535825147,1.5400948329768804,0.6075381037704749,0.8200000000000001,OK,510,46.55213687221206,6.28742156560733,0.5423589659128011,0.4424199135847236,46.009777906299256,6.7298414791920536,459.7802649919277,68.96703974878916,0.6749910833026491,False,False,True
533,3.524148942109856,16.64574140748701,74.31794919634488,1.27758528901746,0.6075381037704741,22.684704440506223,13.316593125989607,1.762074471054928,1.4096595768439424,0.8,0.8,1.0,3.963456746803292,7.289140751216927,1.2775852890174542,0.607538103770467,0.8200000000000001,OK,519,44.48544064283073,6.132880510205222,0.5425879517012239,0.4428361024825172,43.94285269112951,6.5757166126877395,384.823192135202,57.723478820280306,0.7706645814146845,False,False,True
552,3.5899477780508184,14.815841550141364,82.90483839317304,0.5347959078595289,0.6075381037704741,21.493402601164,11.852673240113091,1.7949738890254092,1.4359791112203275,0.8,0.8,1.0,5.371420324100843,9.10173678459448,0.5347959078595272,0.6075381037704765,0.8200000000000001,OK,538,36.18851371293336,5.24988243052783,0.5531152484712099,0.44470979432290836,35.63539846446215,5.694592224850738,348.9139192909124,52.33708789363686,0.6914506551544904,False,False,True
561,4.5697614941013125,16.706558299845454,77.61004615398936,1.33198722935027,0.6075381037704741,23.19594211279538,13.365246639876364,2.284880747050656,1.827904597640525,0.8,0.8,1.0,3.7917719561822807,7.117587201016963,1.331987229350268,0.60753810377047,0.8200000000000001,OK,547,46.4071078432731,5.91470978938773,0.54394971230175,0.442115128852865,45.86315813097135,6.356824918240594,500.8231135234065,75.12346702851097,0.6177444902224841,False,False,True
573,4.015535194433641,16.763983997304038,64.30304470451358,0.90931507049587,0.6075381037704741,20.63460653289782,13.411187197843232,2.0077675972168203,1.6062140777734564,0.8,0.8,1.0,3.298466439781912,6.125245176788189,0.909315070495865,0.6075381037704637,0.8200000000000001,OK,559,48.199649366755,9.691138655828674,0.5434981409723566,0.4445652084931801,47.656151225782644,10.135703864321854,441.59537237503446,66.23930585625517,0.7276593367592388,False,False,True
575,4.107091300142952,16.588445815852655,71.0282768596834,1.604573138003674,0.6075381037704741,21.61881692568187,13.270756652682124,2.053545650071476,1.6428365200571808,0.8,0.8,1.0,3.517994551820191,6.549190781872873,1.604573138003673,0.6075381037704753,0.8200000000000001,OK,561,47.579005245894336,7.624886826266549,0.5396754551777716,0.4418246239455383,47.039329790716565,8.066711450212086,446.93451539526865,67.0401773092903,0.7097088217172858,False,False,True
577,5.077810288246581,16.73588262019211,64.20449698429071,1.4685284530661735,0.6075381037704741,20.24137566167282,13.38870609615369,2.5389051441232904,2.031124115298633,0.8,0.8,1.0,2.847283502830397,5.38551048373445,1.4685284530661722,0.6075381037704713,0.8200000000000001,OK,563,51.34047095343002,9.804884658913634,0.5435877577681669,0.44313380695934934,50.796883195661856,10.248018465872983,557.4795384031432,83.62193076047149,0.6139594061812661,False,True,True
591,3.8446500372092056,16.664446313657105,70.17732448540383,1.755806512282389,0.6075381037704741,21.51609820280181,13.331557050925683,1.9223250186046028,1.5378600148836823,0.8,0.8,1.0,3.4808157709209304,6.497292212721687,1.7558065122823865,0.6075381037704689,0.8200000000000001,OK,577,47.07061300137988,7.550187815888964,0.5408307221181112,0.4420641784233889,46.529782279261774,7.992251994312353,420.2924047575643,63.04386071363465,0.7466327802351705,False,False,True
608,3.6781290696927824,16.57778350989907,85.43674124302936,0.6037746588624224,0.6075381037704741,24.40174706292889,13.262226807919255,1.8390645348463912,1.471251627877113,0.8,0.8,1.0,4.90078060902778,8.872025538710623,0.6037746588624205,0.6075381037704806,0.8200000000000001,OK,593,40.345988276768395,3.3731482333139318,0.5427225207994001,0.4419727350184302,39.803265755968994,3.815120968332362,399.99749199874725,59.999623799812085,0.6724373541304564,False,False,True
644,4.695818918411644,16.733633555564225,69.09735982022134,1.9490712933055296,0.6075381037704741,21.020555270628726,13.38690684445138,2.347909459205822,1.8783275673646576,0.8,0.8,1.0,3.0752497696698384,5.890210386615257,1.9490712933055263,0.6075381037704759,0.8200000000000001,OK,629,49.76143095849118,8.289331952522648,0.5414552016584656,0.4423438056206014,49.21997575683272,8.731675758143249,515.4724214373507,77.3208632156026,0.6435705563676352,False,False,True
646,4.023863681299767,16.69590415742281,78.47013358178266,0.5131397575067639,0.6075381037704741,23.672475087484045,13.356723325938248,2.011931840649884,1.609545472519907,0.8,0.8,1.0,4.301886175326224,7.845631165310886,0.5131397575067597,0.6075381037704736,0.8200000000000001,OK,631,43.99525023757069,4.996929028314526,0.544346866254965,0.44292465601868986,43.450903371315725,5.439853684333215,440.7141979177813,66.1071296876672,0.665514452759221,False,False,True
673,3.531551519966918,15.472121709533862,73.43681720202926,1.1711230128965509,0.6075381037704741,20.86136910764269,12.377697367627093,1.765775759983459,1.4126206079867671,0.8,0.8,1.0,4.361851948867468,7.625107080221108,1.171123012896548,0.6075381037704793,0.8200000000000001,OK,658,40.52271193910642,7.014710264807024,0.5440862111773986,0.4432167103003361,39.97862572792902,7.457926975107361,358.4423028091386,53.76634542137079,0.7536817245346873,False,False,True
691,3.7413680397590143,16.654118717764284,83.6118077914482,1.206376774940804,0.6075381037704741,24.213848407999865,13.323294974211429,1.8706840198795072,1.4965472159036055,0.8,0.8,1.0,4.497849881006527,8.302594634133591,1.206376774940801,0.6075381037704752,0.8200000000000001,OK,675,40.91527848410688,3.6682895447409902,0.5419857551718201,0.44277994818420935,40.373292728935056,4.1110694929252,408.7482700065316,61.31224050097973,0.6673264286183291,False,False,True
716,4.740011758992541,16.68263764502166,75.71737752783889,1.1118223807953296,0.6075381037704741,22.841544573324697,13.346110116017329,2.3700058794962704,1.8960047035970164,0.8,0.8,1.0,3.710206077207008,6.927772170451657,1.1118223807953258,0.6075381037704759,0.8200000000000001,OK,700,47.619413555034356,6.618054115724652,0.5422735291014629,0.4420863770646624,47.07714002593289,7.060140492789315,518.7378948711979,77.81068423067968,0.6119906800184476,False,False,True
729,5.092187808947979,16.74326810148921,74.82629124592785,1.2572185245023464,0.6075381037704741,22.62341787965856,13.394614481191368,2.546093904473989,2.0368751235791915,0.8,0.8,1.0,3.4784344706934185,6.580117211700744,1.2572185245023428,0.607538103770476,0.8200000000000001,OK,713,49.08126072084106,7.247877499323455,0.545062847567923,0.44324017373363517,48.53619787327314,7.69111767305709,559.3047190467821,83.89570785701731,0.5850270767664277,True,False,True
733,3.921894797302917,16.679881718626245,66.29189330137687,1.6542245397297266,0.6075381037704741,20.600965681672548,13.343905374900997,1.9609473986514585,1.568757918921167,0.8,0.8,1.0,3.288875606856937,6.113184166535042,1.6542245397297215,0.6075381037704781,0.8200000000000001,OK,717,47.78071604380049,8.440790844292993,0.5430833943998675,0.4424073888303955,47.237632649400624,8.883198233123387,429.13382313731853,64.37007347059779,0.7422815210180739,False,True,True
735,4.688382006798318,16.76247311176247,80.61736522606785,0.9831857298302344,0.6075381037704741,23.888535539566696,13.409978489409978,2.344191003399159,1.875352802719328,0.8,0.8,1.0,4.045640895186516,7.551047540255727,0.983185729830232,0.607538103770475,0.8200000000000001,OK,719,44.97215803362206,4.838501312893545,0.5434951441280397,0.442341094679967,44.42866288949402,5.280842407573512,515.5430352626784,77.33145528940176,0.5815506492839204,False,False,True
753,4.231142623309296,16.73125048738411,78.26500692774778,1.318767547427099,0.6075381037704741,23.4114624009146,13.385000389907288,2.115571311654648,1.6924570493237183,0.8,0.8,1.0,3.933137814960542,7.352255825511239,1.3187675474270957,0.607538103770476,0.8200000000000001,OK,736,45.175419776570386,5.409626926898157,0.5429057726307108,0.4425036621678607,44.632514003939676,5.852130589066017,464.3975344345358,69.65963016518037,0.6485165033097102,False,False,True
793,5.279822608743077,16.535807277950894,75.10164370931156,1.5178328450553704,0.6075381037704741,22.24078740636069,13.228645822360717,2.6399113043715383,2.1119290434972307,0.8,0.8,1.0,3.4180577218939625,6.477436363580807,1.5178328450553678,0.6075381037704842,0.8200000000000001,OK,776,49.11780798435188,7.464494030009697,0.5453016829805514,0.44324884930963243,48.57250630137133,7.907742879319329,572.7282070268291,85.90923105402436,0.5717407475509116,False,False,True
803,3.546645948619121,14.61889714948817,81.7909163320816,1.726532443208888,0.6075381037704741,20.82620611112717,11.695117719590536,1.7733229743095604,1.4186583794476484,0.8,0.8,1.0,4.918149500686376,8.491868884028417,1.7265324432088824,0.6075381037704786,0.8200000000000001,OK,786,35.98516038467873,5.690442022585344,0.5433305129307381,0.4419309344848359,35.44182987174799,6.13237295707018,340.1232234062376,51.018483510935646,0.7053357510511936,False,False,True
813,3.525500574764837,15.443877731964356,84.93547095136442,1.9664057992798063,0.6075381037704741,22.45750202048457,12.355102185571486,1.7627502873824186,1.4102002299059349,0.8,0.8,1.0,4.761950646545049,8.524333689125669,1.966405799279804,0.6075381037704811,0.8200000000000001,OK,796,36.54876330791624,4.535272699191159,0.5451329595789632,0.4425278978474061,36.003630348337275,4.9778005970385655,357.17494282338663,53.576241423507994,0.6821822945549051,False,False,True
851,3.5429926503655427,16.189251665704255,82.09385524646764,0.8066576034260052,0.6075381037704741,23.407942251387844,12.951401332563403,1.7714963251827711,1.4171970601462172,0.8,0.8,1.0,4.76651269470684,8.531138065862788,0.8066576034260045,0.6075381037704743,0.8200000000000001,OK,832,39.79839551063217,4.176905015826552,0.5426648790080452,0.4422284584920097,39.255730631624125,4.619133474318562,376.27110181229443,56.44066527184416,0.7051368958701111,False,False,True
869,4.796770261312551,16.735353244188218,72.43067377097425,1.173400582604637,0.6075381037704741,22.188797371170715,13.388282595350574,2.398385130656276,1.9187081045250205,0.8,0.8,1.0,3.4656290025024425,6.498726163887591,1.1734005826046314,0.6075381037704736,0.8200000000000001,OK,849,49.31703314663536,7.758899157263318,0.5411997485812099,0.4425914304352436,48.775833398054154,8.201490587698562,526.6082295880936,78.99123443821405,0.6243355164326558,False,False,True
874,3.9573334542502,16.741817180455183,80.79588759364051,1.029152069925582,0.6075381037704741,23.9640441909468,13.393453744364146,1.9786667271251,1.58293338170008,0.8,0.8,1.0,4.276898193114693,7.91008339557532,1.0291520699255772,0.6075381037704689,0.8200000000000001,OK,854,42.967247233356794,4.330519739915653,0.5425160404206608,0.44275105194845604,42.424731192936136,4.773270791864109,434.61937307830374,65.19290596174557,0.6590785699684789,False,False,True
879,3.7951109783907007,16.52736108103131,77.95987864597338,1.6478856037655714,0.6075381037704741,23.01788996210216,13.221888864825049,1.8975554891953503,1.5180443913562804,0.8,0.8,1.0,4.007213550825153,7.443217384231451,1.6478856037655696,0.6075381037704798,0.8200000000000001,OK,859,43.75919097386755,5.505876361656312,0.5429526205390812,0.4432139522791003,43.216238353328464,5.949090313935412,411.4639918048662,61.71959877072994,0.7089999262052886,False,False,True
916,3.507865000054213,16.251292270309385,73.37964041711942,1.3212990499746269,0.6075381037704741,21.91169339235283,13.001033816247508,1.7539325000271064,1.403146000021685,0.8,0.8,1.0,4.042132832945548,7.309348605067466,1.321299049974622,0.6075381037704805,0.8200000000000001,OK,895,43.498549519855935,6.644390827135425,0.542337635508618,0.442424017255158,42.95621188434732,7.086814844390583,373.9681462059943,56.09522193089914,0.775441259033427,False,False,True
922,5.358556296459168,16.59141058874615,68.00365374069635,1.758971004400995,0.6075381037704741,20.52628209074465,13.27312847099692,2.679278148229584,2.143422518583668,0.8,0.8,1.0,2.918328801701847,5.592892806542466,1.7589710044009923,0.6075381037704658,0.8200000000000001,OK,900,51.19197062464831,9.089295625547225,0.543074096096118,0.44322076804307065,50.64889652855219,9.532516393590296,583.2234103641704,87.48351155462555,0.5851613602945459,False,False,True
946,3.5054169514599187,15.602718557895765,67.31024501944144,0.8213417914426765,0.6075381037704741,19.98062948625038,12.48217484631661,1.7527084757299594,1.4021667805839677,0.8,0.8,1.0,4.106953092476257,7.122528805878618,0.8213417914426739,0.6075381037704808,0.8200000000000001,OK,922,41.29132695651303,8.707672357977303,0.5499746599577382,0.44646728206307656,40.74135229655529,9.15413964004038,358.7928638383919,53.81892957575878,0.7672268341641553,False,True,True
979,3.5715066140923275,14.68226608811148,88.57410989371562,0.5595530095334285,0.6075381037704741,21.801228384509123,11.745812870489184,1.7857533070461638,1.4286026456369312,0.8,0.8,1.0,5.804459228975535,9.78827079265005,0.5595530095334226,0.6075381037704777,0.8200000000000001,OK,951,34.64433956518567,4.451344051401425,0.5525479068666144,0.4459906987202792,34.09179165831905,4.897334750121704,343.99203650971185,51.59880547645678,0.6714174726582187,False,False,True
988,3.823681052122049,16.634670541409587,79.64673939898299,1.5762610596274538,0.6075381037704741,23.493581120178504,13.30773643312767,1.9118405260610245,1.5294724208488195,0.8,0.8,1.0,4.087719188520591,7.621440023861259,1.5762610596274482,0.607538103770475,0.8200000000000001,OK,960,43.19629022492242,4.908547836596103,0.5434743509126257,0.443575722573314,42.6528158740098,5.352123559169417,417.2532250970732,62.58798376456098,0.6901690648386302,False,False,True
1006,4.390491304976202,16.610006907388197,76.8637174033219,1.125946048450507,0.6075381037704741,23.012330078291697,13.288005525910558,2.195245652488101,1.7561965219904812,0.8,0.8,1.0,3.907845939344906,7.239932505497286,1.1259460484505033,0.6075381037704848,0.8200000000000001,OK,976,45.94933299718374,5.967854888947356,0.5412741556012097,0.4419118983118209,45.40805884158253,6.409766787259176,478.3951563202855,71.75927344804282,0.6403260622538671,False,False,True
1020,3.5620080679474326,16.627015393976226,84.7605983771664,0.7567949017391249,0.6075381037704741,24.39394838262309,13.301612315180982,1.7810040339737163,1.4248032271789732,0.8,0.8,1.0,4.81331411921191,8.755659064217237,0.7567949017391223,0.6075381037704654,0.8200000000000001,OK,990,40.21265056096436,3.3847248460976536,0.5429079127912091,0.4420952478410012,39.669742648173155,3.8268200939386547,388.51969314374537,58.27795397156181,0.6900147966860185,False,False,True
1021,3.581603936078885,15.440375420746252,78.5951674549327,1.2544200561962304,0.6075381037704741,21.671811343588573,12.352300336597004,1.7908019680394425,1.4326415744315542,0.8,0.8,1.0,4.624678572412549,8.121233120768078,1.254420056196229,0.6075381037704689,0.8200000000000001,OK,991,39.02262275914725,5.718905132622239,0.5435122758553678,0.4426212359662322,38.479110483291876,6.161526368588471,362.7765895425117,54.416488431376756,0.7171102708760356,False,False,True
1075,3.5197157678844366,15.46883304819988,62.76624478105471,1.493669384303713,0.6075381037704741,18.3955745896099,12.375066438559903,1.7598578839422183,1.4078863071537748,0.8,0.8,1.0,3.728325508915585,6.480870596102429,1.4936693843037112,0.6075381037704793,0.8200000000000001,OK,1041,41.19696192820759,9.397662224642623,0.5530358324968905,0.44569258567545084,40.643926095710704,9.843354810318074,357.1650750738177,53.57476126107266,0.7689621187008675,False,True,True
1077,3.683988152675415,16.729982043027825,63.69635336575886,1.9417233488952808,0.6075381037704741,20.14330771743036,13.38398563442226,1.841994076337708,1.473595261070166,0.8,0.8,1.0,3.129782297563672,5.82175396324725,1.9417233488952783,0.6075381037704746,0.8200000000000001,OK,1043,46.81480856621911,8.477467831568637,0.5475022459683192,0.444274847563808,46.26730632025079,8.921742679132445,404.31284500487436,60.646926750731154,0.7719238397460051,False,True,True
1081,5.329633613927182,16.58068457153442,74.60456926208775,1.846683801819326,0.6075381037704741,22.05528149045164,13.264547657227537,2.664816806963591,2.131853445570873,0.8,0.8,1.0,3.247023824201726,6.245370648774326,1.8466838018193248,0.6075381037704735,0.8200000000000001,OK,1047,49.47293486580268,7.650257172067272,0.5472328141706627,0.44366046739067827,48.925702051632015,8.09391763945795,579.7004683534913,86.95507025302369,0.5689482478922194,False,False,True
1082,5.23193258614962,16.721760937378527,83.12605522851507,1.4023877050890496,0.6075381037704741,24.079508719397964,13.377408749902822,2.61596629307481,2.092773034459848,0.8,0.8,1.0,3.894568317882481,7.406225183238465,1.402387705089048,0.6075381037704701,0.8200000000000001,OK,1048,44.84770797856356,4.624541987703741,0.5415067779168118,0.4433069212584553,44.306201200646754,5.067848908962196,573.9155462062489,86.08733193093734,0.5209559522014477,False,False,True
1116,3.610192583222217,16.127242054272177,89.77010472041204,1.2797140589081373,0.6075381037704741,24.070493627820028,12.901793643417742,1.8050962916111084,1.4440770332888868,0.8,0.8,1.0,5.124622446750518,9.242782149485116,1.2797140589081386,0.6075381037704809,0.8200000000000001,OK,1082,37.04905509468732,3.0860557881111137,0.5440814103727091,0.4445173294602449,36.504973684314606,3.5305731175713584,381.93926971818826,57.29089045772824,0.6466831777038577,False,False,True
1121,3.534027951363375,16.790614147685456,63.46848907193514,0.8478240771828147,0.6075381037704741,20.654327387237487,13.432491318148363,1.7670139756816876,1.4136111805453502,0.8,0.8,1.0,3.23403772392777,6.278270157509393,0.8478240771828088,0.6075381037704687,0.8200000000000001,OK,1087,46.32539455084748,9.652563866845156,0.5467370352172266,0.44754047127176344,45.77865751563025,10.10010433811692,389.260558153214,58.3890837229821,0.793391360115036,False,True,True
1131,3.516536681328066,14.501987001740549,67.22308828949879,1.3093262061794837,0.6075381037704741,18.1784008826946,11.60158960139244,1.758268340664033,1.4066146725312263,0.8,0.8,1.0,4.337706354051306,7.304996610163799,1.309326206179479,0.6075381037704719,0.8200000000000001,OK,1097,38.17524628125578,8.739962943191632,0.5730372507964864,0.44749645200621724,37.60220903045929,9.187459395197848,334.5388062390883,50.18082093586324,0.760753721626995,False,False,True
1149,5.259084414454128,16.79177901708734,83.61701934403695,0.6060618753249336,0.6075381037704741,24.39728215992846,13.433423213669872,2.629542207227064,2.103633765781652,0.8,0.8,1.0,4.195005594189563,7.808187724432159,0.6060618753249274,0.607538103770473,0.8200000000000001,OK,1115,44.90739217422462,4.389770696710474,0.5419328411409171,0.4436130476188202,44.3654593330837,4.833383744329294,579.3095545773757,86.89643318660636,0.516792122845686,True,False,True
1151,5.142710867020826,16.712501719602553,70.98824238705916,1.6260218827906523,0.6075381037704741,21.521787644400145,13.370001375682044,2.571355433510413,2.05708434680833,0.8,0.8,1.0,3.141589510961513,6.007781053717416,1.6260218827906503,0.6075381037704715,0.8200000000000001,OK,1117,50.50797041800104,8.369429212980826,0.5435488246711114,0.44307810088549854,49.964421593329924,8.812507313866325,563.8160212077883,84.57240318116824,0.5972157408109181,False,False,True
1186,4.486151158258807,16.683664511821174,72.96541466843735,1.909423564326864,0.6075381037704741,21.975763347632977,13.34693160945694,2.243075579129404,1.7944604633035226,0.8,0.8,1.0,3.3691676069795164,6.411826855605078,1.9094235643268591,0.6075381037704765,0.8200000000000001,OK,1150,48.29562153727189,7.385073023163826,0.5426742487170474,0.4426922679338167,47.75294728855484,7.827765291097642,490.986092131524,73.6479138197286,0.6557636059520615,False,False,True
1193,5.423011895622002,16.76787847818023,74.3630131613674,0.8366208177213676,0.6075381037704741,22.6641062593865,13.414302782544183,2.711505947811001,2.1692047582488008,0.8,0.8,1.0,3.4803596144979423,6.544073263545284,0.8366208177213638,0.6075381037704721,0.8200000000000001,OK,1157,49.7281006619007,7.596728290798579,0.5465110845570136,0.44776854952460243,49.181589577343686,8.04449684032318,596.516573201942,89.4774859802913,0.5557610399654503,True,False,True
1199,4.8423065100672495,16.792127157420243,64.5930651326878,1.908613386589448,0.6075381037704741,20.54981018406683,13.433701725936196,2.4211532550336248,1.9369226040269,0.8,0.8,1.0,2.780484075968697,5.308538049950364,1.9086133865894472,0.607538103770468,0.8200000000000001,OK,1163,50.664019594350904,9.131954996180607,0.5434038413748465,0.44321349028871315,50.12061575297606,9.57516848646932,533.4108308387804,80.01162462581706,0.6332082348194605,False,True,True
1212,3.511553893241996,15.324376680741915,64.84587235426524,1.5398487822993918,0.6075381037704741,18.60075960499748,12.259501344593534,1.755776946620998,1.4046215572967986,0.8,0.8,1.0,3.867656462527037,6.714042546503743,1.5398487822993874,0.6075381037704759,0.8200000000000001,OK,1175,40.8618750440439,8.991208474702695,0.551476187718028,0.4443073302220302,40.31039885632587,9.435515804924725,353.0091773416658,52.95137660124987,0.77168673728266,False,True,True
1217,3.5221932135345217,15.918711517009305,69.58194204265868,1.7055387256985148,0.6075381037704741,20.43766651207953,12.734969213607444,1.7610966067672609,1.4088772854138087,0.8,0.8,1.0,3.831438870033022,6.871924550554999,1.7055387256985113,0.6075381037704805,0.8200000000000001,OK,1180,43.316772257318995,7.819782669399954,0.5407057723422919,0.4420798760870664,42.7760664849767,8.26186254548702,367.8111815376615,55.17167723064923,0.7851269787617668,False,True,True
1246,4.993261636878732,16.590198733144895,78.46526589172535,1.4176690435686965,0.6075381037704741,23.09110157106524,13.272158986515915,2.4966308184393657,1.9973046547514928,0.8,0.8,1.0,3.719460458964688,7.01029023246171,1.4176690435686925,0.6075381037704735,0.8200000000000001,OK,1208,46.81615342111316,6.066914486914198,0.544300483250846,0.44210707923887327,46.27185293786231,6.509021566153072,543.425170908587,81.51377563628805,0.5743342527771673,False,False,True
1257,5.04605160442857,16.619119576094487,71.91999159711901,1.4181423081134292,0.6075381037704741,21.73510173943211,13.29529566087559,2.523025802214285,2.018420641771428,0.8,0.8,1.0,3.3213587120516728,6.266655248861451,1.4181423081134237,0.6075381037704903,0.8200000000000001,OK,1217,49.91981555427971,8.14818895361373,0.5419398789040825,0.4427769494420653,49.37787567537563,8.590965903055794,550.1277336074904,82.51916004112357,0.6049481784521568,False,False,True
1262,4.365000793057438,16.693723305923164,68.97868398684982,1.3528366984426234,0.6075381037704741,21.343151223520834,13.354978644738532,2.182500396528719,1.7460003172229752,0.8,0.8,1.0,3.372116168998595,6.284061088736637,1.3528366984426188,0.607538103770484,0.8200000000000001,OK,1222,49.0518533792126,8.353791125166062,0.5410029631574457,0.44191222565468424,48.510850416055156,8.795703350820746,478.0148374795005,71.70222562192507,0.68410503235779,False,False,True
1267,5.361383170122966,16.789956273732205,62.88013139489822,1.3855068297300386,0.6075381037704741,20.22187137448249,13.431965018985764,2.680691585061483,2.1445532680491866,0.8,0.8,1.0,2.6882797791423805,5.105200648138885,1.3855068297300364,0.607538103770473,0.8200000000000001,OK,1227,52.04421258257806,10.310767840742612,0.546097739622631,0.4437199566955,51.49811484295543,10.754487797438111,590.5140717946597,88.57711076919894,0.5875582543913306,False,True,True
1275,3.54852116871142,14.635889817411728,71.66156423890229,1.5224594917214518,0.6075381037704741,19.169462796483216,11.708711853929383,1.77426058435571,1.4194084674845682,0.8,0.8,1.0,4.431037163760205,7.564589335250549,1.5224594917214491,0.6075381037704791,0.8200000000000001,OK,1234,38.6025285120214,7.86778639544953,0.5491968676883547,0.44309167605647154,38.05333164433305,8.310878071506002,340.6986173504882,51.10479260257323,0.755360242085743,False,False,True
1277,3.5530176943088065,15.587473766371309,78.95583474483225,1.1547398458465163,0.6075381037704741,21.97879841381412,12.469979013097047,1.7765088471544033,1.4212070777235226,0.8,0.8,1.0,4.6416467262185925,8.176453694266005,1.1547398458465123,0.6075381037704735,0.8200000000000001,OK,1236,39.17744142403163,5.462039662678225,0.5437412480498383,0.44273401882113794,38.63370017598179,5.904773681499363,363.3096598657849,54.496448979867736,0.7188989770416911,False,False,True
1306,3.538160672896113,14.525271337193306,81.66002130333348,1.2348673691559104,0.6075381037704741,20.776239462153548,11.620217069754643,1.7690803364480567,1.4152642691584454,0.8,0.8,1.0,5.133030384839731,8.736195334590448,1.2348673691559091,0.6075381037704736,0.8200000000000001,OK,1265,35.55605943174363,5.61393247456435,0.5464292871957407,0.4425717108819127,35.009630144547884,6.056504185446262,337.13639938312036,50.57045990746805,0.703099388393991,False,False,True
1315,5.145074186216042,16.507245984337263,73.40904157412142,1.7381007403109343,0.6075381037704741,21.75578737626418,13.205796787469811,2.572537093108021,2.058029674486417,0.8,0.8,1.0,3.302960679549411,6.27861105626895,1.7381007403109323,0.6075381037704649,0.8200000000000001,OK,1274,49.417029162019304,7.859299463599333,0.5441861296595368,0.44302011115884,48.87284303235977,8.302319574758172,557.1473941089305,83.57210911633958,0.5913100636628249,False,False,True
1319,3.5540416820136285,16.578437153777685,86.83661619370103,0.9043060215260098,0.6075381037704741,24.51585879555825,13.262749723022148,1.7770208410068142,1.4216166728054516,0.8,0.8,1.0,4.9271085686633,8.968657175934592,0.9043060215260076,0.607538103770475,0.8200000000000001,OK,1278,39.336005402025584,3.10687071941266,0.5421449140117921,0.4424084691240937,38.79386048801379,3.5492791885367536,386.5181957366305,57.97772936049457,0.6784675052974519,False,False,True
1377,3.519046885688609,15.352864631378557,84.94827364561853,0.9816858199157014,0.6075381037704741,22.45367401758635,12.282291705102844,1.7595234428443045,1.4076187542754437,0.8,0.8,1.0,5.182658855397285,9.02415577730833,0.9816858199156968,0.6075381037704748,0.8200000000000001,OK,1335,36.40669308594229,4.338651072124573,0.5437999517794403,0.44285041226024346,35.862893134162846,4.781501484384816,354.4200750664819,53.163011259972286,0.6848124706087475,False,False,True
1398,4.9944499716378905,16.78952739810652,63.17844648686346,1.1099699495804072,0.6075381037704741,19.960694517415817,13.431621918485218,2.4972249858189453,1.9977799886551564,0.8,0.8,1.0,2.917842155451861,5.475787657407887,1.1099699495804003,0.6075381037704753,0.8200000000000001,OK,1356,51.28063070069957,10.386730665325995,0.5459497950382245,0.44347874902502715,50.73468090566134,10.830209414351023,550.0852224206009,82.51278336309014,0.6214871030958165,False,True,True
1417,4.465326390224862,16.727811383378867,82.15521473003214,0.503630787970536,0.6075381037704741,24.19767201009749,13.382249106703094,2.232663195112431,1.786130556089945,0.8,0.8,1.0,4.404188130742927,8.077863988480381,0.5036307879705322,0.6075381037704852,0.8200000000000001,OK,1375,43.79044360532647,4.30993895976988,0.5447065487990767,0.44241604703501575,43.245737056527396,4.752355006804896,490.00010279314023,73.50001541897103,0.5957882233861921,False,False,True
1419,3.5472075105908933,15.45196748556058,84.9807506454118,1.740814796577603,0.6075381037704741,22.504166014245683,12.361573988448464,1.773603755295447,1.4188830042363574,0.8,0.8,1.0,4.844390492530359,8.625099234066312,1.7408147965776,0.6075381037704785,0.8200000000000001,OK,1377,36.50774018553328,4.413344176942848,0.5412354065435582,0.44233810023179454,35.96650477898972,4.855682277174643,359.5623583753052,53.934353756295785,0.6768921409625996,False,False,True
1428,3.531797774412994,15.485438255964668,82.86405288494404,1.265558657479056,0.6075381037704741,22.358536254219032,12.388350604771734,1.765898887206497,1.4127191097651977,0.8,0.8,1.0,4.886843215505213,8.605958638771359,1.265558657479052,0.6075381037704649,0.8200000000000001,OK,1386,37.34838051291066,4.652884452416387,0.5416102238770754,0.44232077077162846,36.80677028903359,5.095205223188016,358.7758225755616,53.81637338633424,0.6939966066608764,False,False,True
1429,3.56861991869511,16.41316523979054,75.50364928288826,1.1611771693828072,0.6075381037704741,22.60718922938453,13.130532191832431,1.784309959347555,1.4274479674780445,0.8,0.8,1.0,4.140044750607881,7.52618588388717,1.1611771693828044,0.6075381037704698,0.8200000000000001,OK,1387,43.32933800101048,5.88180964518232,0.5415549284117493,0.4429474638201024,42.78778307259873,6.324757109002422,384.2346055272928,57.635190829093915,0.7517861462365121,False,False,True
1489,4.098058353322157,16.709659189309686,73.32168333564015,1.3517574080946964,0.6075381037704741,22.421672410705263,13.36772735144775,2.049029176661078,1.639223341328863,0.8,0.8,1.0,3.6830891843790745,6.857156407039845,1.3517574080946977,0.6075381037704741,0.8200000000000001,OK,1446,47.08986311794202,6.916328301997611,0.5393723671500995,0.4418429182177218,46.55049075079192,7.358171220215333,449.2101592477749,67.38152388716624,0.6988542318632682,False,False,True
1501,4.622834218751203,16.573757342735256,71.7718714066596,1.4415225715820477,0.6075381037704741,21.724156717611315,13.259005874188205,2.311417109375601,1.849133687500481,0.8,0.8,1.0,3.454100500870929,6.455992545375926,1.4415225715820443,0.6075381037704739,0.8200000000000001,OK,1457,48.84841100220897,7.869094441239472,0.5397373427307478,0.4419924178060822,48.308673659478224,8.311086859045554,502.61232570692766,75.39184885603916,0.6479269542186858,False,False,True
1503,3.535753533088633,14.885768534409667,65.5443352508776,1.6897851945258155,0.6075381037704741,18.092735181588274,11.908614827527735,1.7678767665443165,1.4143014132354532,0.8,0.8,1.0,3.999818418707754,6.863494749718514,1.689785194525814,0.6075381037704721,0.8200000000000001,OK,1459,39.60147527887712,8.884511160411149,0.5601366869750467,0.44449479860464397,39.04133859190207,9.329005959015793,345.26860099510753,51.790290149266134,0.7646505776418838,False,True,True
1514,5.1891569968699,16.776571776137978,63.421120075920776,0.8181172842648476,0.6075381037704741,20.091310824185754,13.421257420910385,2.59457849843495,2.07566279874796,0.8,0.8,1.0,2.9580551066178664,5.526137286343605,0.8181172842648444,0.6075381037704755,0.8200000000000001,OK,1470,51.579056684297974,10.798892273388644,0.551046647763712,0.4474074708969262,51.02801003653426,11.24629974428557,571.0890971905753,85.66336457858631,0.6021133647742741,False,True,True
1535,4.966864276395318,16.74325393051839,63.25408849560655,1.800878922146226,0.6075381037704741,20.373426507638072,13.394603144414711,2.483432138197659,1.986745710558128,0.8,0.8,1.0,2.7203410886911428,5.161462724661154,1.8008789221462214,0.6075381037704847,0.8200000000000001,OK,1491,50.940618208211205,9.540063910300608,0.5436130527982629,0.4440392536206465,50.39700515541294,9.984103163921255,545.5392420067839,81.83088630101759,0.6225108942462688,False,False,True
1570,5.181804955352437,16.680958785340547,77.7700057872659,1.661882781477655,0.6075381037704741,22.983382773451247,13.344767028272438,2.5909024776762184,2.072721982140975,0.8,0.8,1.0,3.5015253956820587,6.705323654548673,1.661882781477651,0.6075381037704745,0.8200000000000001,OK,1525,47.9078802320414,6.521785007142673,0.5462599737652358,0.44290505373369743,47.36162025827616,6.96469006087637,567.0298353040326,85.05447529560489,0.5632611342970333,False,False,True
1581,4.681110650911137,16.788245390657412,74.66218509793222,1.902280785448705,0.6075381037704741,22.478138443298377,13.43059631252593,2.3405553254555684,1.8724442603644549,0.8,0.8,1.0,3.365113864474857,6.466027690914702,1.902280785448704,0.6075381037704599,0.8200000000000001,OK,1536,48.3986741531813,7.058276706126321,0.5466786429600896,0.44305052454504207,47.85199551022121,7.501327230671364,515.5348810625544,77.33023215938316,0.6258700226507552,False,False,True
1597,4.904566691833255,16.78715338445678,75.22985470387704,1.876264389498902,0.6075381037704741,22.57025340973283,13.429722707565425,2.452283345916628,1.961826676733302,0.8,0.8,1.0,3.3350794308935185,6.432418588465891,1.8762643894989013,0.6075381037704565,0.8200000000000001,OK,1550,48.68220495198571,7.073080097367042,0.5479905952214688,0.4432052514778627,48.13421435676424,7.516285348844904,540.1091595110732,81.01637392666099,0.6008934070050412,False,False,True
1646,4.159467368970783,16.691291981080397,76.95654019499635,0.6979392149932431,0.6075381037704741,23.33640319868087,13.35303358486432,2.0797336844853915,1.6637869475883134,0.8,0.8,1.0,4.102089535634324,7.522028286823957,0.6979392149932415,0.6075381037704731,0.8200000000000001,OK,1598,45.08963671305595,5.5664322942043185,0.541419907536797,0.4423789375131367,44.548216805519154,6.008811231717456,455.44036127871556,68.31605419180732,0.6600152372158409,False,False,True
1647,5.215869397576732,16.575329722077374,69.93844382259746,1.3850621516331991,0.6075381037704741,21.17126947657252,13.2602637776619,2.607934698788366,2.086347759030693,0.8,0.8,1.0,3.188508441767677,6.013175238959713,1.3850621516331956,0.6075381037704743,0.8200000000000001,OK,1599,50.712434559677135,8.800969478123932,0.5416177789031273,0.44296093138097553,50.170816780774004,9.243930409504907,567.1431931419559,85.07147897129339,0.5961155862447107,False,False,True
1655,3.512608732076042,15.840500634217149,77.8473392158343,1.8820171942816448,0.6075381037704741,21.952163652111885,12.672400507373718,1.756304366038021,1.4050434928304172,0.8,0.8,1.0,4.242463004487721,7.672593271959283,1.8820171942816444,0.6075381037704748,0.8200000000000001,OK,1607,40.9249108682251,5.965885771737775,0.5432719514364381,0.44284013177501713,40.38163891678866,6.408725903512792,365.00811436423953,54.75121715463593,0.7474703393833113,False,False,True
1704,3.605197318773176,14.581478255661969,69.03473317229107,1.982708614111651,0.6075381037704741,18.29353123522243,11.665182604529576,1.802598659386588,1.4420789275092707,0.8,0.8,1.0,4.148847245389025,7.125805799244054,1.9827086141116483,0.607538103770461,0.8200000000000001,OK,1655,39.22310462374987,8.396823655263109,0.5475489067795393,0.4461584142014825,38.67555571697033,8.842982069464592,344.8533374005661,51.72800061008491,0.7582567306129926,False,False,True
1706,5.293547980151658,16.618709870534133,74.23836809868718,1.865673796794126,0.6075381037704741,22.02528331911525,13.294967896427307,2.646773990075829,2.117419192060664,0.8,0.8,1.0,3.2193342411386645,6.203528171740114,1.8656737967941217,0.6075381037704783,0.8200000000000001,OK,1657,49.58848336678844,7.698224630563387,0.5473964172655444,0.443655887312417,49.04108694952289,8.141880517875805,577.095913725374,86.56438705880609,0.5728508576292618,False,False,True
1715,3.5283851847670884,15.984441067323294,79.45487842831528,1.1237288191050363,0.6075381037704741,22.656613536351465,12.787552853858635,1.7641925923835442,1.4113540739068355,0.8,0.8,1.0,4.555306205471904,8.141396226068316,1.123728819105034,0.6075381037704699,0.8200000000000001,OK,1666,40.123068889709884,5.003308132936829,0.5424593713971155,0.4428200236568144,39.58060951831277,5.446128156593644,369.97917871964347,55.49687680794652,0.7229788629107993,False,False,True
1719,4.982377741075089,16.5981897656643,74.40392482025582,1.6749090806453086,0.6075381037704741,22.17442675646096,13.27855181253144,2.4911888705375445,1.992951096430036,0.8,0.8,1.0,3.3984563143618587,6.456188389700433,1.6749090806453042,0.6075381037704686,0.8200000000000001,OK,1670,48.88033685323775,7.434248512367944,0.5448432946116119,0.442809584264004,48.33549355862614,7.877058096631948,542.5018400726452,81.37527601089678,0.6006779853710393,False,False,True
1724,3.534348646984046,16.653195855167084,62.96200712796345,1.702440781028244,0.6075381037704741,19.80343409648813,13.322556684133668,1.767174323492023,1.4137394587936185,0.8,0.8,1.0,3.247234149719461,5.968919003779705,1.7024407810282411,0.6075381037704721,0.8200000000000001,OK,1675,45.99547688745568,8.774731536574924,0.5481088336025046,0.44463455230592763,45.447368053853175,9.219366088880852,386.10979356567594,57.91646903485139,0.7941692173909597,False,True,True
1740,3.533620065116725,14.530303104373193,63.735351429986174,1.908813488831284,0.6075381037704741,17.753541705401375,11.624242483498556,1.7668100325583624,1.41344802604669,0.8,0.8,1.0,3.95188630080429,6.685852811566598,1.9088134888312795,0.6075381037704822,0.8200000000000001,OK,1691,38.55915445445542,9.058896646495944,0.589133975988902,0.4484298407982017,37.970020478466516,9.507326487294145,336.82038314807664,50.5230574722115,0.7631991487384464,False,True,True
1779,3.5383235083667715,14.918993872595363,88.87232437230142,1.0718963214057982,0.6075381037704741,22.164168399095374,11.935195098076292,1.7691617541833855,1.4153294033467088,0.8,0.8,1.0,5.550072879615716,9.536006635504098,1.071896321405796,0.6075381037704755,0.8200000000000001,OK,1728,34.41021081371117,4.110531932049755,0.5472724114524716,0.4451368730134569,33.86293840225869,4.5556688050632115,346.290767418231,51.94361511273465,0.662453137676878,False,False,True
1788,4.20617964642291,16.782341140589022,81.35456782340874,0.5456710341863746,0.6075381037704741,24.191091965893115,13.42587291247122,2.103089823211455,1.6824718585691645,0.8,0.8,1.0,4.395814506586696,8.068322645082503,0.5456710341863679,0.6075381037704739,0.8200000000000001,OK,1737,43.54084587473803,4.29942863539434,0.5453166268968951,0.4424016018895809,42.995529247841134,4.741830237283921,463.0673937151564,69.46010905727347,0.6268467825012533,False,False,True
1797,3.9838289953311175,16.704849709862263,65.05233719933874,0.8081322599526384,0.6075381037704741,20.819880576639648,13.363879767889811,1.9919144976655587,1.5935315981324472,0.8,0.8,1.0,3.36493003877964,6.273819102275979,0.8081322599526364,0.6075381037704762,0.8200000000000001,OK,1746,47.79804348343409,9.557364318534777,0.5440078212683985,0.44511018980399014,47.25403566216569,10.002474508338768,436.5631760173942,65.48447640260913,0.7299141126144768,False,True,True
1819,3.7016123461468498,16.612721196059486,84.23501466261007,0.7914752816925499,0.6075381037704741,24.298061111918123,13.290176956847588,1.8508061730734249,1.48064493845874,0.8,0.8,1.0,4.723513353760136,8.607905172802617,0.7914752816925456,0.6075381037704757,0.8200000000000001,OK,1768,40.6750006658042,3.52594881988013,0.5423823046165029,0.4420372194829002,40.132618361187696,3.9679860393630304,403.39968146873593,60.50995222031039,0.672203483448653,False,False,True
1823,4.649656468200985,16.732956871675952,81.7103990335356,1.309389258888133,0.6075381037704741,23.94723143203545,13.386365497340762,2.3248282341004924,1.859862587280394,0.8,0.8,1.0,4.019657220413649,7.559257525025883,1.3093892588881342,0.6075381037704731,0.8200000000000001,OK,1772,44.33691141441098,4.618765817153152,0.5428621009424967,0.44265823608792015,43.79404931346848,5.061424053241073,510.3844075473864,76.55766113210795,0.5791309551359357,False,False,True
1847,4.083262769111365,16.660071234987512,75.2854288030203,1.5605832571481977,0.6075381037704741,22.67589820669518,13.32805698799001,2.0416313845556826,1.6333051076445462,0.8,0.8,1.0,3.746438820566933,7.0051031714380585,1.560583257148189,0.6075381037704791,0.8200000000000001,OK,1796,46.23795096119482,6.406323208554499,0.5411411072869595,0.44231127902874806,45.69680985390786,6.848634487583247,446.2600628459642,66.93900942689464,0.6907474633560594,False,False,True
1848,5.17110697371405,16.67886290030821,81.47378854705048,0.7595274694353319,0.6075381037704741,23.8928400132284,13.343090320246567,2.585553486857025,2.06844278948562,0.8,0.8,1.0,4.059460045625475,7.548512149388451,0.7595274694353283,0.6075381037704755,0.8200000000000001,OK,1797,45.480461007361804,4.945119759752795,0.5418533766610227,0.44263629417809625,44.93860763070078,5.387756053930891,565.7880887285725,84.86821330928588,0.5358951158971265,True,False,True
1864,4.632018170688732,16.666753375091115,66.9568248258494,1.831545324136453,0.6075381037704741,20.444056700971103,13.333402700072892,2.316009085344366,1.8528072682754928,0.8,0.8,1.0,3.050192976205711,5.783515097165955,1.8315453241364468,0.6075381037704707,0.8200000000000001,OK,1813,49.79972659328669,8.714147826227874,0.5413397139444134,0.4421682605584131,49.25838687934228,9.156316086786287,506.4366213875523,75.96549320813284,0.65555720749214,False,False,True
1910,5.044421311154687,16.670672076150616,66.57858334854609,1.1580882982225744,0.6075381037704741,20.62427033760004,13.336537660920492,2.522210655577344,2.0177685244618746,0.8,0.8,1.0,3.104102672131692,5.813408439493115,1.1580882982225724,0.6075381037704694,0.8200000000000001,OK,1857,51.05156638687227,9.593375954134624,0.5434104324253523,0.44283565979481193,50.50815595444691,10.036211613929435,551.6559413088683,82.74839119633023,0.6169493527160722,False,False,True
1912,5.066231240339143,16.68703784895722,83.15449388923959,1.3795842943019845,0.6075381037704741,24.050566030236368,13.349630279165778,2.533115620169572,2.0264924961356576,0.8,0.8,1.0,3.969589840931597,7.510750023252482,1.3795842943019827,0.6075381037704756,0.8200000000000001,OK,1859,44.4079516733324,4.517548176022602,0.5409359851402413,0.44291837927962524,43.867015688192154,4.960466555302228,554.5849745317536,83.18774617976304,0.5338280421418059,False,False,True
1921,3.527184332714034,15.25210676674689,85.59844032072937,0.9009621601034676,0.6075381037704741,22.37926594329246,12.201685413397511,1.763592166357017,1.410873733085614,0.8,0.8,1.0,5.2891799293841615,9.160685497984684,0.9009621601034604,0.6075381037704743,0.8200000000000001,OK,1868,36.06889954420731,4.324798718216594,0.5447062920172874,0.4432478932040717,35.524193252190024,4.768046611420666,352.9082677072968,52.93624015609451,0.6813649673238972,False,False,True
1933,3.663532465850286,16.754938446298098,80.86280771316105,0.7359724691367873,0.6075381037704741,24.10087083480781,13.40395075703848,1.831766232925143,1.4654129863401144,0.8,0.8,1.0,4.472860159153843,8.1902572871059,0.7359724691367846,0.6075381037704727,0.8200000000000001,OK,1880,42.12751736634315,4.098074530039875,0.5436383222579865,0.4425071894490586,41.583879044085165,4.540581719488933,402.6676319063657,60.40014478595486,0.6974737811578767,False,False,True
1963,4.675124799458798,16.771801848679573,65.89244148123716,1.6740156510695394,0.6075381037704741,20.416158690401204,13.417441478943658,2.337562399729399,1.87004991978352,0.8,0.8,1.0,2.993963108340541,5.6793773405825405,1.6740156510695356,0.6075381037704666,0.8200000000000001,OK,1910,50.32508006678964,9.013184146044644,0.5421161311216892,0.4424961067807113,49.78296393566795,9.455680252825355,514.3713499086724,77.15570248630085,0.652253539856305,False,True,True
1980,3.53529694411039,14.588618414339432,84.83095738705286,1.851437925615248,0.6075381037704741,21.176260518160703,11.670894731471549,1.767648472055195,1.4141187776441562,0.8,0.8,1.0,5.065328322653752,8.771664587089834,1.851437925615244,0.6075381037704728,0.8200000000000001,OK,1927,34.849247443951334,5.097638537205673,0.5487286837188236,0.4425154458300666,34.300518760232514,5.540153983035739,338.33264352948436,50.74989652942265,0.6866860787341155,False,False,True
1982,3.607642909239952,14.691208503521135,82.05276613077388,1.0907831410569742,0.6075381037704741,21.096359203639608,11.75296680281691,1.803821454619976,1.4430571636959808,0.8,0.8,1.0,5.136725386386466,8.76909793100004,1.090783141056972,0.6075381037704777,0.8200000000000001,OK,1929,35.93618081966539,5.439166790548219,0.545389948483293,0.4426957871496785,35.3907908711821,5.881862577697897,347.6841602594628,52.15262403891941,0.6890579617402885,False,False,True
1986,4.066622994467631,16.64447088743443,76.68047328272665,1.494273418410509,0.6075381037704741,22.95691200970916,13.315576709947544,2.033311497233816,1.6266491977870523,0.8,0.8,1.0,3.859739475702785,7.201008702734105,1.4942734184105044,0.6075381037704803,0.8200000000000001,OK,1933,45.45227164523851,5.939514950300668,0.5418532886599051,0.4424745367589865,44.9104183565786,6.381989487059655,444.02532955281663,66.60379943292249,0.6824276097193833,False,False,True
2004,5.317988908236812,16.730186756065482,68.61913322605237,1.3362113204353916,0.6075381037704741,21.054963452905103,13.384149404852389,2.658994454118406,2.1271955632947246,0.8,0.8,1.0,3.048490082912771,5.797177390113768,1.3362113204353894,0.6075381037704767,0.8200000000000001,OK,1950,51.44037330555218,9.162596490695705,0.5438217971681085,0.4435416018984875,50.89655150838407,9.606138092594193,583.6494162657524,87.54741243986287,0.5875716011696753,True,False,True
2010,4.163496222634789,16.752145134254498,77.73372399057425,0.520230972307753,0.6075381037704741,23.615450082248984,13.4017161074036,2.0817481113173946,1.6653984890539155,0.8,0.8,1.0,4.1885912068160565,7.670145526331618,0.520230972307751,0.6075381037704651,0.8200000000000001,OK,1956,44.82511144507918,5.2877740431503435,0.5440889513872631,0.443092869980571,44.281022493691914,5.730866913130915,457.5435539979893,68.6315330996984,0.6531270601221083,False,False,True
2011,3.578784741058236,15.674789386319365,88.98938233307916,0.8797328582476825,0.6075381037704741,23.323504430452104,12.539831509055492,1.789392370529118,1.4315138964232943,0.8,0.8,1.0,5.387066556039471,9.46004154681706,0.8797328582476822,0.607538103770464,0.8200000000000001,OK,1957,36.42624272233406,3.5112926502971296,0.5431564946716558,0.4439677951581461,35.8830862276624,3.9552604454552758,367.9943328124024,55.199149921860354,0.6599058640196248,False,False,True
2026,4.828468067710863,16.656554316465133,73.76828368669287,1.0393761805863972,0.6075381037704741,22.41647570796799,13.325243453172106,2.414234033855432,1.931387227084345,0.8,0.8,1.0,3.6028401387291176,6.710936674319585,1.039376180586393,0.6075381037704771,0.8200000000000001,OK,1972,48.63321186610017,7.3583888060306295,0.541041266575285,0.44249682594489465,48.092170599524884,7.800885631975524,527.5922025665409,79.13883038498113,0.6145303339652303,False,False,True
2027,3.662241086216965,16.770723308156878,75.68895063835075,1.4086256378246578,0.6075381037704741,23.056240540815537,13.416578646525505,1.8311205431084827,1.4648964344867863,0.8,0.8,1.0,3.912006763203646,7.27826798248779,1.4086256378246529,0.6075381037704777,0.8200000000000001,OK,1973,44.88137738853245,5.813733123789957,0.5410784976055869,0.4430165080041734,44.34029889092686,6.25674963179413,402.9049135572886,60.435737033593284,0.7426297682708011,False,False,True
2039,5.158202471087127,16.66293952831887,80.87973875686168,1.8717302955360864,0.6075381037704741,23.50856562878014,13.330351622655096,2.5791012355435634,2.06328098843485,0.8,0.8,1.0,3.622473031614121,6.977648067316251,1.8717302955360853,0.6075381037704765,0.8200000000000001,OK,1985,46.14860788473814,5.599199454442772,0.5424396064503745,0.4427931008886544,45.60616827828777,6.041992555331427,563.8373519796064,84.57560279694096,0.5456491749226682,False,False,True
2048,3.5148535030549906,15.342143565333508,78.07801790706445,1.220069593223262,0.6075381037704741,21.46562147733401,12.273714852266806,1.7574267515274953,1.4059414012219964,0.8,0.8,1.0,4.660823618392385,8.141515743229608,1.2200695932232586,0.6075381037704778,0.8200000000000001,OK,1994,38.650086350298594,5.86826976297609,0.5450171317088104,0.44277886521660753,38.10506921858978,6.311048628192697,353.750539080702,53.06258086210531,0.7283868542078509,False,False,True
2082,3.5631381775128776,16.15904052349743,69.31281473197471,1.474630546313736,0.6075381037704741,20.822431546640857,12.927232418797946,1.7815690887564388,1.4252552710051511,0.8,0.8,1.0,3.792181671475383,6.834665640412338,1.4746305463137332,0.6075381037704755,0.8200000000000001,OK,2028,44.36170512045205,7.829771467331089,0.5415715222465678,0.44205940711969394,43.82013359820548,8.271830874450783,377.70442596020905,56.655663894031356,0.7830056532993083,False,True,True
2088,5.199521259835756,16.751062819966467,68.61778145691241,1.6411427881671277,0.6075381037704741,20.94962501676396,13.400850255973175,2.599760629917878,2.0798085039343026,0.8,0.8,1.0,2.9832316196963227,5.724131027655945,1.6411427881671248,0.6075381037704713,0.8200000000000001,OK,2034,51.152307982854296,8.891303035437073,0.5433438254965574,0.4430586444874738,50.60896415735774,9.334361679924546,571.3596476076253,85.7039471411438,0.5968489164053643,True,False,True
2121,3.523001342525789,15.519433536633414,87.98820756221306,1.255218874647764,0.6075381037704741,22.98713745429909,12.415546829306733,1.7615006712628944,1.4092005370103156,0.8,0.8,1.0,5.228905002430484,9.213697807104989,1.2552188746477655,0.6075381037704786,0.8200000000000001,OK,2064,35.738319454060466,3.7432415119314024,0.5425630578795738,0.44378214691631146,35.19575639618089,4.187023658847714,358.6679028122832,53.800185421842485,0.6642787413061771,False,False,True
2136,3.5016522075595296,14.732129816269516,75.88636607278299,0.6080564459548966,0.6075381037704741,20.44221002144664,11.785703853015612,1.7508261037797648,1.400660883023812,0.8,0.8,1.0,4.960022940197767,8.36914674219138,0.6080564459548945,0.6075381037704701,0.8200000000000001,OK,2079,36.95410437507264,6.655403270259187,0.5633868708329107,0.4463516956304224,36.39071750423973,7.10175496588961,338.4093744993508,50.761406174902625,0.727996073389776,False,False,True
2141,3.956108834514609,16.712098410489517,74.29947346445991,0.5112458184601433,0.6075381037704741,23.00378281723839,13.369678728391614,1.9780544172573045,1.5824435338058436,0.8,0.8,1.0,4.054610541025145,7.386024999545492,0.511245818460141,0.6075381037704739,0.8200000000000001,OK,2084,45.40112766120265,6.271797613057237,0.5443594036580606,0.44435749871901953,44.85676825754459,6.716155111776256,433.7136138824993,65.0570420823749,0.6978664600784642,False,False,True
2148,3.694007549316375,16.70433580540361,64.04970559277011,1.2934033868987995,0.6075381037704741,20.34331485558708,13.363468644322888,1.8470037746581875,1.47760301972655,0.8,0.8,1.0,3.3461200330347545,6.130828690091528,1.293403386898791,0.6075381037704803,0.8200000000000001,OK,2091,46.9620109943542,9.091234958406371,0.5437632841056298,0.44332533483873654,46.41824771024857,9.534560293245107,404.7909832688876,60.71864749033314,0.7734363813329489,False,True,True
2173,3.758753503237695,16.727702281957665,75.65345104279669,1.0425992756132207,0.6075381037704741,23.10567547266517,13.382161825566133,1.8793767516188475,1.503501401295078,0.8,0.8,1.0,4.0173504134726095,7.40073039324492,1.0425992756132163,0.6075381037704628,0.8200000000000001,OK,2115,44.75199466769651,5.746152265627497,0.5404005915534122,0.4427363949444625,44.21159407614309,6.18888866057196,412.46203067047173,61.86930460057076,0.723331140645852,False,False,True
2200,3.511336340733281,15.178116028883688,73.86224293288068,1.9604030274847035,0.6075381037704741,20.1962460933414,12.14249282310695,1.7556681703666406,1.4045345362933126,0.8,0.8,1.0,4.222928060307432,7.4345338796803,1.960403027484699,0.6075381037704827,0.8200000000000001,OK,2142,40.170589929764866,7.325421179161932,0.5414044483533286,0.4437154272380681,39.62918548141154,7.7691366064,349.6182857983216,52.44274286974824,0.7659894912349712,False,True,True
2208,5.019154546494599,16.60302892018234,73.59279895935096,1.4632887720904408,0.6075381037704741,22.08052638786269,13.282423136145871,2.5095772732473,2.00766181859784,0.8,0.8,1.0,3.411715125151897,6.441192783831827,1.4632887720904355,0.6075381037704692,0.8200000000000001,OK,2150,49.26791436905912,7.668616405330314,0.5432056771312506,0.4427346085896653,48.72470869192787,8.111351013919979,546.6655826724632,81.99983740086948,0.6008294154073128,False,False,True
2221,3.5131058247510443,16.69940447968806,85.72360117704565,0.662324493932388,0.6075381037704741,24.61931659932093,13.359523583750448,1.756552912375522,1.4052423299004178,0.8,0.8,1.0,4.909816440483123,8.929767302742157,0.6623244939323857,0.6075381037704728,0.8200000000000001,OK,2163,40.09248432558943,3.1941497065838993,0.5439925739471859,0.44217235276639283,39.548491751642246,3.636322059350292,384.8540449673757,57.72810674510636,0.6945054426020665,False,False,True
2222,3.6812286559587615,16.683564322215865,68.43804122848817,1.1040552949717006,0.6075381037704741,21.52232209987595,13.346851457772694,1.8406143279793807,1.4724914623835046,0.8,0.8,1.0,3.6334663168816057,6.649259385149575,1.1040552949716989,0.6075381037704741,0.8200000000000001,OK,2164,46.620192695791864,8.026809891674956,0.5447114895371483,0.44255358942338135,46.075481206254715,8.469363481098338,402.889058836058,60.4333588254087,0.7714314345902414,False,False,True
2228,4.626037600741295,16.72461017728955,65.78558669231481,1.7793673521782711,0.6075381037704741,20.41096048753574,13.37968814183164,2.313018800370648,1.850415040296518,0.8,0.8,1.0,2.98471510416886,5.653653818464692,1.7793673521782698,0.6075381037704735,0.8200000000000001,OK,2170,50.0299214985623,8.92783594112206,0.5421095480500137,0.44247944079923945,49.48781195051229,9.3703153819213,507.5385115285059,76.1307767292759,0.6571576391039686,False,False,True
2241,4.859892709275778,16.79132601073805,60.24236861330451,1.5967819905232117,0.6075381037704741,20.00561311667573,13.43306080859044,2.429946354637889,1.9439570837103115,0.8,0.8,1.0,2.6486348990120128,4.968809919034216,1.5967819905232077,0.6075381037704624,0.8200000000000001,OK,2182,50.71228841834849,10.234140175900867,0.5430637706828974,0.44492734305021747,50.169224647665594,10.679067518951085,535.3225211528004,80.29837817292005,0.6315481031153726,False,True,True
2242,3.822587848125234,16.6112578170992,79.70332251016643,1.5711382119714663,0.6075381037704741,23.46967685650951,13.28900625367936,1.911293924062617,1.5290351392500936,0.8,0.8,1.0,4.1014471253274,7.637951088560682,1.5711382119714643,0.6075381037704776,0.8200000000000001,OK,2183,43.0968335030117,4.902527797424825,0.5433380732558627,0.44352123791909814,42.55349542975584,5.346049035343923,416.5468293155947,62.48202439733921,0.6897477141417169,False,False,True
2278,3.5675065840727065,16.713141870375665,80.55467228379214,1.1940434427844475,0.6075381037704741,23.891766663152893,13.370513496300532,1.7837532920363532,1.4270026336290826,0.8,0.8,1.0,4.334008385426447,8.002068885638781,1.1940434427844409,0.6075381037704789,0.8200000000000001,OK,2219,41.92920775177706,4.246072300984702,0.5418017725676872,0.4435168706842162,41.38740597920937,4.689589171668918,391.1350384299781,58.670255764496716,0.7146586836110196,False,False,True
2280,3.5150653970510604,14.652638864674838,67.09114555802277,1.1619040168810528,0.6075381037704741,18.438892420946715,11.72211109173987,1.7575326985255302,1.406026158820424,0.8,0.8,1.0,4.325996389200892,7.300090497012771,1.1619040168810495,0.6075381037704812,0.8200000000000001,OK,2221,38.42345809544073,8.787200893594784,0.57075609629643,0.44852474599550507,37.8527019991443,9.235725639590289,337.8726940474986,50.68090410712479,0.7581446853083883,False,False,True
2326,3.5101423663767446,14.91881371409239,64.99345132981458,1.297470733622833,0.6075381037704741,18.246707174713485,11.935050971273911,1.7550711831883723,1.404056946550698,0.8,0.8,1.0,4.091530393013869,6.967527085025788,1.2974707336228324,0.6075381037704736,0.8200000000000001,OK,2265,39.35024684269546,9.167545039645113,0.5620391190330306,0.44727763470963405,38.78820772366243,9.614822674354746,343.52857008490275,51.52928551273541,0.7636482138486101,False,True,True
2391,5.051123626569714,16.714775482871694,65.51189162781648,1.914504960535229,0.6075381037704741,20.57324278347341,13.371820386297356,2.525561813284857,2.020449450627886,0.8,0.8,1.0,2.7851573429963032,5.330561479339716,1.9145049605352231,0.6075381037704702,0.8200000000000001,OK,2329,50.92530821624327,9.145838292213945,0.5433112229052803,0.4431295470207233,50.38199699333799,9.588967839234668,553.8502866444798,83.07754299667197,0.6129852470273863,False,False,True
2395,4.395263231240654,16.658910182765286,86.66874869823921,0.7330098720190151,0.6075381037704741,24.600755291930817,13.32712814621223,2.197631615620327,1.7581052924962617,0.8,0.8,1.0,4.684473716174537,8.594475309232717,0.7330098720190124,0.6075381037704767,0.8200000000000001,OK,2333,41.679365792139116,3.3689285079800646,0.5414858216267506,0.4423305340687175,41.137879970512365,3.811259042048782,480.3251378164481,72.04877067246721,0.5784882296134236,False,False,True
2413,5.491778588629716,16.70462890075841,68.74638156665931,1.877423274089028,0.6075381037704741,20.76978299877005,13.36370312060673,2.745889294314858,2.196711435451886,0.8,0.8,1.0,2.8369186190057434,5.516373185530716,1.877423274089025,0.6075381037704676,0.8200000000000001,OK,2351,51.42298399250595,8.93064416347061,0.5465082782985686,0.44398489658828294,50.87647571420738,9.374629060058894,601.8020890329277,90.27031335493915,0.5696555388072366,True,False,True
2422,4.728480216387959,16.72590958704229,80.11591381238917,0.9492735421115556,0.6075381037704741,23.755784460196,13.380727669633831,2.36424010819398,1.891392086555184,0.8,0.8,1.0,4.025575364470171,7.498385662116121,0.9492735421115548,0.6075381037704711,0.8200000000000001,OK,2360,45.25544071037212,5.0326619731261415,0.5433586199629151,0.442198501295344,44.712082090409204,5.474860474421486,518.818149747256,77.82272246208841,0.5815196292113586,False,False,True
2434,4.791426738431406,16.776626076081048,81.65220130144317,1.5403619054286066,0.6075381037704741,23.936942204429684,13.42130086086484,2.395713369215703,1.9165706953725623,0.8,0.8,1.0,3.8711659351308505,7.364151056295709,1.5403619054285993,0.6075381037704595,0.8200000000000001,OK,2372,44.898373411186995,4.830823078250805,0.5427222924138119,0.4428463911030696,44.35565111877318,5.273669469353874,527.318874436098,79.0978311654147,0.5676309040293721,False,False,True
2436,4.164665387008726,16.682312376723395,72.04709782876164,1.3267181777514014,0.6075381037704741,22.102425695478374,13.345849901378717,2.082332693504363,1.6658661548034903,0.8,0.8,1.0,3.609925186441803,6.709622517398083,1.3267181777513994,0.6075381037704606,0.8200000000000001,OK,2374,47.65845401594683,7.36165276822839,0.5394385372918246,0.4417441669007316,47.11901547865501,7.803396935129121,455.7641929847833,68.36462894771749,0.6971215195564667,False,False,True
2451,3.517795120037533,15.31731628796534,81.07354350895194,1.501723424758942,0.6075381037704741,21.811010765185515,12.253853030372271,1.7588975600187664,1.4071180480150132,0.8,0.8,1.0,4.744964808884681,8.346155532601955,1.5017234247589388,0.607538103770478,0.8200000000000001,OK,2389,37.634568194350024,5.270073131572181,0.5409575387168052,0.4423317347741755,37.09361065563322,5.712404866346356,353.47366401358585,53.02104960203788,0.7098042848420626,False,False,True
2453,4.298745901104401,16.616920561852947,73.10028539428713,1.6680868718064044,0.6075381037704741,22.057679596355925,13.293536449482358,2.149372950552201,1.7194983604417606,0.8,0.8,1.0,3.537850943144278,6.637939818112541,1.6680868718064024,0.6075381037704574,0.8200000000000001,OK,2391,47.648588006339395,7.244124895259264,0.5403042983674647,0.4421550754911744,47.10828370797193,7.686279970750439,468.5933896518328,70.28900844777492,0.6778952934261767,False,False,True
2477,3.54831185429241,16.236488259780288,63.17496994126088,1.5612753558052164,0.6075381037704741,19.360031763488536,12.98919060782423,1.774155927146205,1.419324741716964,0.8,0.8,1.0,3.4454355405531985,6.198261064411735,1.5612753558052133,0.6075381037704822,0.8200000000000001,OK,2415,44.45130263984897,9.058483954394372,0.5448887275212374,0.4444384925142826,43.90641391232773,9.502922446908656,377.9355318935321,56.690329784029814,0.7841073214636918,False,True,True
2488,4.979386573584257,16.724429580491595,64.80178919239106,1.6847299486714866,0.6075381037704741,20.381665496373145,13.379543664393276,2.4896932867921286,1.991754629433703,0.8,0.8,1.0,2.8446112888122634,5.3999454703475696,1.6847299486714848,0.6075381037704879,0.8200000000000001,OK,2425,50.986108239594124,9.415456066590025,0.5428683946111044,0.44317622855386757,50.44323984498302,9.858632295143892,546.2997446819464,81.94496170229198,0.6221994272793474,False,False,True
2500,3.882046596710449,16.51677838141002,86.81079635610129,0.6462550417535573,0.6075381037704741,24.426881044217424,13.213422705128018,1.9410232983552245,1.5528186386841796,0.8,0.8,1.0,4.94169370019625,8.944668192899442,0.6462550417535537,0.6075381037704782,0.8200000000000001,OK,2435,40.26783242112991,3.2688870403598407,0.541301721723978,0.44193399327889127,39.726530699405934,3.710821033638732,420.6200056753781,63.09300085130671,0.6382297858367902,False,False,True
2516,3.991270845550042,16.77906999268294,77.27009475471364,0.8732315652312379,0.6075381037704741,23.489776755007355,13.423255994146352,1.995635422775021,1.596508338220017,0.8,0.8,1.0,4.08277034473549,7.53334427025268,0.8732315652312373,0.6075381037704791,0.8200000000000001,OK,2451,44.7435024004689,5.318026176596533,0.5409648130240158,0.4425023127133988,44.20253758744488,5.760528489309931,439.32197247468764,65.89829587120315,0.6789781406171587,False,False,True
2538,3.548801480966972,15.159901284586882,73.67029952923542,1.9906746268676137,0.6075381037704741,20.11076241881249,12.127921027669506,1.774400740483486,1.4195205923867888,0.8,0.8,1.0,4.196640135196166,7.39080543964139,1.990674626867611,0.6075381037704748,0.8200000000000001,OK,2473,40.30629893827158,7.403934568181489,0.5415369086102242,0.444050100268492,39.764762029661355,7.847984668449981,352.92458965316104,52.93868844797416,0.7613769838269201,False,False,True
2560,4.98167607587642,16.613652218949515,71.06226229399616,1.550247638647388,0.6075381037704741,21.47578598280498,13.290921775159612,2.49083803793821,1.992670430350568,0.8,0.8,1.0,3.254919879578825,6.156228331259539,1.5502476386473838,0.6075381037704581,0.8200000000000001,OK,2495,49.99613890677476,8.29380377799678,0.5413033918810086,0.4425352391072558,49.45483551489375,8.736339017104036,542.9307496759923,81.43961245139884,0.6139044305571963,False,False,True
2562,4.3102360762945695,16.758126287340378,79.12526850127193,1.7968706912281938,0.6075381037704741,23.45493051934692,13.406501029872302,2.1551180381472848,1.7240944305178278,0.8,0.8,1.0,3.7821333493330727,7.190606311001277,1.7968706912281935,0.6075381037704811,0.8200000000000001,OK,2497,45.291486147679315,5.462808407654448,0.5475278598079792,0.44337341179485046,44.74395828787134,5.906181819449298,473.8385120458544,71.07577680687815,0.6372281553917025,False,False,True
2578,4.782203866896873,16.605537000114765,79.4760318487352,1.284869789166452,0.6075381037704741,23.36845119024302,13.284429600091812,2.3911019334484367,1.9128815467587488,0.8,0.8,1.0,3.8896136402750408,7.281920784458247,1.284869789166446,0.6075381037704762,0.8200000000000001,OK,2513,45.66816137939019,5.479536986946872,0.5434721649592423,0.44200861398688246,45.12468921443095,5.921545600933754,520.9365749452425,78.14048624178636,0.5844366163537988,False,False,True
2583,4.623907380581648,16.7852492601541,65.08193846452234,1.7761995609271242,0.6075381037704741,20.43262840309039,13.42819940812328,2.311953690290824,1.8495629522326595,0.8,0.8,1.0,2.926678249681405,5.551885107164207,1.7761995609271213,0.6075381037704793,0.8200000000000001,OK,2518,50.194502933747444,9.027788218523172,0.5425688437311571,0.44275903728065347,49.65193409001628,9.470547255803826,509.1441528793755,76.37162293190633,0.6572402288543919,False,False,True
2584,3.603333105986864,16.386698835872643,89.88938024438804,0.7497113839562097,0.6075381037704741,24.479818335493874,13.109359068698115,1.801666552993432,1.4413332423947458,0.8,0.8,1.0,5.268949212150535,9.467500620609954,0.7497113839562071,0.6075381037704698,0.8200000000000001,OK,2519,38.41407796436813,2.9120829598056703,0.543020312773083,0.44338844483500045,37.87105765159505,3.355471404640671,387.3465777501741,58.101986662526116,0.6611491305364255,False,False,True
2589,3.5500236095312667,16.296783220379314,84.38936193992316,1.821056654118932,0.6075381037704741,23.692078849381204,13.037426576303451,1.7750118047656334,1.4200094438125068,0.8,0.8,1.0,4.498276342650591,8.297205576326327,1.821056654118928,0.6075381037704748,0.8200000000000001,OK,2524,39.12145245765396,3.9426635935000847,0.5472879447360112,0.44333934456620994,38.574164512917946,4.386002938066294,379.5220116579427,56.9283017486914,0.6872056825154323,False,False,True
2599,3.542830543232627,15.670091525121157,86.18500372316872,0.9920352682819398,0.6075381037704741,23.059316989435004,12.536073220096926,1.7714152716163134,1.4171322172930507,0.8,0.8,1.0,5.152573054939737,9.077105428840271,0.9920352682819406,0.6075381037704685,0.8200000000000001,OK,2534,36.917682997447095,3.87627984655312,0.541878248022551,0.4426951869001951,36.375804749424546,4.318975033453315,364.1881013901518,54.628215208522775,0.675798813058923,False,False,True
2643,3.6451640617263306,16.701026454009448,75.16103908397615,1.0726853228551037,0.6075381037704741,22.984991017130305,13.36082116320756,1.8225820308631653,1.4580656246905324,0.8,0.8,1.0,4.022636374558072,7.394765831869886,1.0726853228551,0.6075381037704737,0.8200000000000001,OK,2577,44.526133420350554,5.840806485673839,0.5413863495124406,0.4429341277596408,43.98474707083811,6.28374061343348,399.3595581420696,59.90393372131044,0.7432923124464307,False,False,True
2659,3.578489601757013,16.739095811933588,75.43549199763295,1.9995155806537563,0.6075381037704741,22.751237702171395,13.391276649546873,1.7892448008785065,1.4313958407028051,0.8,0.8,1.0,3.736603023547108,7.045496477677322,1.9995155806537537,0.6075381037704738,0.8200000000000001,OK,2592,44.90741985179029,6.090070865021328,0.5457237664251388,0.4442333066904941,44.361696085365146,6.534304171711822,392.9484628061707,58.942269420925605,0.7618882050687943,False,False,True
2690,3.5374013390306933,16.379111550107233,83.38898937715294,1.829104102899711,0.6075381037704741,23.675083490764266,13.103289240085786,1.7687006695153469,1.4149605356122774,0.8,0.8,1.0,4.407098702519107,8.157462019897661,1.8291041028997064,0.6075381037704753,0.8200000000000001,OK,2620,39.82411041850744,4.108280800247802,0.5476411196674081,0.44377203958472616,39.27646929884003,4.552052839832528,380.0830618094047,57.012459271410705,0.698515919632983,False,False,True
2693,4.408971306152976,16.758803348366516,79.76622629876087,1.6473570062220186,0.6075381037704741,23.60164567337526,13.407042678693214,2.204485653076488,1.7635885224611905,0.8,0.8,1.0,3.842725673650349,7.284150218987893,1.6473570062220138,0.6075381037704947,0.8200000000000001,OK,2623,45.10155417210544,5.2397065554575075,0.5457255293279268,0.44298874095278645,44.55582864277751,5.682695296410294,484.71238505995905,72.70685775899385,0.620320497436521,False,False,True
2708,4.0858873113988725,16.67414784321204,72.97978890427787,1.670101987427719,0.6075381037704741,22.15935936962548,13.339318274569631,2.0429436556994363,1.634354924559549,0.8,0.8,1.0,3.576971816470316,6.7051674914931,1.670101987427716,0.6075381037704682,0.8200000000000001,OK,2637,47.19503965430657,7.077538872258469,0.5398770274347082,0.4421371028249397,46.65516262687186,7.519675975083408,446.92420050235637,67.03863007535345,0.7039976741955782,False,False,True
2736,5.475177936612262,16.769457047281676,65.48732049081359,0.972022491732043,0.6075381037704741,20.452197964429587,13.415565637825342,2.737588968306131,2.190071174644905,0.8,0.8,1.0,2.93312394640898,5.540375422548864,0.9720224917320386,0.6075381037704999,0.8200000000000001,OK,2662,52.141522370473425,10.292841393699513,0.549651396722759,0.4461774311602348,51.591870973750666,10.739018824859748,602.3113936966383,90.34670905449575,0.5771269691630102,True,False,True
2746,3.586979906230435,14.687695870154952,70.68735703895936,1.4907944784049765,0.6075381037704741,19.05062312912729,11.750156696123964,1.7934899531152175,1.434791962492174,0.8,0.8,1.0,4.362492297735489,7.451484721235444,1.490794478404976,0.6075381037704735,0.8200000000000001,OK,2672,38.95835516498623,8.074304807288623,0.54862747731376,0.44310712596966945,38.40972768767247,8.517411933258293,345.61012290525633,51.84151843578845,0.751489469067935,False,False,True
2748,4.719813139951965,16.582752559155132,80.68656294613456,0.6674955401229496,0.6075381037704741,23.702890750292703,13.266202047324107,2.3599065699759825,1.887925255980786,0.8,0.8,1.0,4.216200378593804,7.742298920149654,0.6674955401229478,0.6075381037704745,0.8200000000000001,OK,2674,44.690379933320386,4.914174536689803,0.5428712983811449,0.4420236257911257,44.14750863493924,5.356198162480928,513.4347568697874,77.01521353046812,0.5802798938633125,False,False,True
2761,3.787343464843028,16.776892236996908,70.84107735334295,1.8511316407284464,0.6075381037704741,21.800156213174617,13.421513789597526,1.893671732421513,1.514937385937211,0.8,0.8,1.0,3.462617751514681,6.513070822087929,1.8511316407284424,0.6075381037704689,0.8200000000000001,OK,2687,47.03717348926198,7.2862830623697885,0.5410205987123755,0.4424441718781603,46.4961528905496,7.728727234247949,416.8214368225288,62.52321552337932,0.7523153295222533,False,False,True
2776,5.448608354562078,16.744565998524738,71.70802417600301,1.0004566805962316,0.6075381037704741,21.96695077219544,13.39565279881979,2.724304177281039,2.179443341824831,0.8,0.8,1.0,3.2751621153801302,6.184309315307479,1.000456680596226,0.6075381037704746,0.8200000000000001,OK,2702,50.87953490111103,8.539590461773981,0.5460998800841782,0.4469031164088555,50.33343502102685,8.986493578182836,598.4988591865916,89.77482887798875,0.5667461084248953,True,False,True
2786,3.900176172721824,16.76165558494309,79.3629549638481,1.0382601649090817,0.6075381037704741,23.77586714261909,13.409324467954471,1.950088086360912,1.5600704690887297,0.8,0.8,1.0,4.192015860735268,7.755503611077515,1.038260164909078,0.6075381037704715,0.8200000000000001,OK,2711,43.53444598728438,4.6801209800237,0.5417091239068987,0.4428538378752642,42.99273686337748,5.122974817898964,428.8495678141366,64.32743517212049,0.6767632794747614,False,False,True
2797,4.564800158106268,16.69174644550237,66.94365701194687,1.5267715986398036,0.6075381037704741,20.672623632067967,13.353397156401895,2.282400079053134,1.8259200632425072,0.8,0.8,1.0,3.154196868504389,5.922110922173358,1.5267715986398005,0.6075381037704689,0.8200000000000001,OK,2722,49.845111124302,8.872664526939527,0.5417190290884297,0.442154925659579,49.303392095213574,9.314819452599107,499.8358334965532,74.97537502448299,0.6648197639294933,False,True,True
2827,5.266201358065865,16.635990570977075,64.40794824285707,1.5455703469803952,0.6075381037704741,20.24609830743577,13.30879245678166,2.6331006790329323,2.106480543226346,0.8,0.8,1.0,2.8044129282093486,5.305437159405248,1.5455703469803943,0.6075381037704715,0.8200000000000001,OK,2750,51.496750785697834,9.826774476954226,0.543581216536352,0.44348122262677364,50.95316956916148,10.270255699581,574.7116034629865,86.20674051944798,0.597363390326541,False,False,True
2828,4.05419733536126,16.66361636094397,84.88233400380962,0.7698760094341492,0.6075381037704741,24.427549235552007,13.330893088755175,2.02709866768063,1.621678934144504,0.8,0.8,1.0,4.648417749645244,8.51400775220884,0.7698760094341432,0.6075381037704835,0.8200000000000001,OK,2751,41.47659612707521,3.5210706839077957,0.5423467376686187,0.44208571135541186,40.934249389406595,3.9631563952632076,443.17778415502,66.47666762325301,0.6239271252605182,False,False,True
2845,4.8222630977876655,16.688741601440434,77.81194427472566,1.1115372971140385,0.6075381037704741,23.237690801588705,13.350993281152348,2.4111315488938327,1.9289052391150665,0.8,0.8,1.0,3.807805763278133,7.1233370252806925,1.111537297114034,0.607538103770474,0.8200000000000001,OK,2767,46.74456607644796,5.952142538724717,0.5435948239096725,0.44208150657967743,46.20097125253829,6.394224045304394,527.9324181917987,79.18986272876981,0.5902847216259358,False,False,True
2847,5.222292968370525,16.759183571543797,75.20843896671131,0.6390849553902068,0.6075381037704741,22.94166712581422,13.40734685723504,2.6111464841852623,2.0889171873482097,0.8,0.8,1.0,3.661857324674095,6.82068763919427,0.6390849553902044,0.6075381037704595,0.8200000000000001,OK,2769,48.76138741207499,7.086438173718202,0.5447697668494258,0.44728607437395274,48.21661764522556,7.533724248092154,574.1401643797542,86.12102465696313,0.5661960898201237,True,False,True
2861,3.524499050075664,16.009834727904707,74.58184324014158,1.249300923775137,0.6075381037704741,21.82176709305042,12.807867782323768,1.762249525037832,1.4097996200302658,0.8,0.8,1.0,4.213760742852813,7.540231328648412,1.2493009237751354,0.6075381037704781,0.8200000000000001,OK,2783,42.22591134186884,6.417305076863797,0.5421868461122494,0.4427378215222502,41.683724495756586,6.860042898386047,370.1588062248175,55.52382093372263,0.7605008198602331,False,False,True
2862,4.261480001316162,16.6882755208563,69.18067810482158,1.5406210246177263,0.6075381037704741,21.31197514901153,13.35062041668504,2.130740000658081,1.704592000526465,0.8,0.8,1.0,3.35876713155103,6.280039841755565,1.5406210246177234,0.6075381037704704,0.8200000000000001,OK,2784,48.6926250693401,8.15145987589892,0.5405840297051482,0.44180348941809355,48.15204103963495,8.593263365317014,466.52589566910575,69.97888435036586,0.6958188247979054,False,False,True
2874,4.78521121236953,16.649469890496555,80.478194269526,0.9907505670498736,0.6075381037704741,23.68180914582703,13.319575912397244,2.392605606184765,1.914084484947812,0.8,0.8,1.0,4.04241747693413,7.51818327052081,0.9907505670498712,0.6075381037704829,0.8200000000000001,OK,2796,45.07316971667766,5.013847912360149,0.5428448098974259,0.44211990344700597,44.53032490678024,5.455967815807155,522.6432688000854,78.3964903200128,0.5749386169290225,False,False,True
2931,3.541733556263173,16.341814733983643,87.3175233444569,0.7289531350172835,0.6075381037704741,24.211656317809528,13.073451787186915,1.7708667781315868,1.4166934225052694,0.8,0.8,1.0,5.115745048276132,9.182086590723143,0.7289531350172825,0.6075381037704685,0.8200000000000001,OK,2850,38.75323510751302,3.2155583116410056,0.5418514448871388,0.4424615752845953,38.211383662625884,3.658019886925601,379.68199970512296,56.952299955768446,0.6804507480402093,False,False,True
2951,5.293458483991708,16.615636289975352,71.55795827842039,1.830488099370548,0.6075381037704741,21.390348927062888,13.292509031980282,2.646729241995854,2.1173833935966835,0.8,0.8,1.0,3.090596130126386,5.944425179416635,1.8304880993705432,0.6075381037704546,0.8200000000000001,OK,2870,50.40126079549876,8.321991403423464,0.5450939721029824,0.4434256929530335,49.856166823395775,8.765417096376497,576.979426612754,86.5469139919131,0.5823576886890297,False,False,True
2968,5.266899989839768,16.663950645330495,77.47299173921476,1.2972891813505945,0.6075381037704741,23.00338825241353,13.331160516264395,2.633449994919884,2.106759995935908,0.8,0.8,1.0,3.5913831633148448,6.798372801367622,1.2972891813505891,0.6075381037704685,0.8200000000000001,OK,2887,48.039373277893006,6.534891941432174,0.5454802581114129,0.44309535719092863,47.493893019781595,6.977987298623103,575.7538913388552,86.36308370082827,0.5562489343746335,False,False,True
3006,3.801521013376128,16.6831668837,76.80753522806262,1.146590917915279,0.6075381037704741,23.20505519904656,13.34653350696,1.900760506688064,1.5206084053504512,0.8,0.8,1.0,4.054497676521731,7.481196669065897,1.1465909179152791,0.6075381037704726,0.8200000000000001,OK,2925,44.348944415528436,5.482231335391158,0.5401018275106076,0.44277457148958627,43.808842588017825,5.925005906880744,416.04444617598364,62.40666692639755,0.7106443365711808,False,False,True
3016,5.256371379973785,16.775523592510208,83.84649341134727,0.5658204139459786,0.6075381037704741,24.41035882665537,13.420418874008169,2.6281856899868923,2.1025485519895137,0.8,0.8,1.0,4.232470898133737,7.861776910033971,0.565820413945977,0.6075381037704813,0.8200000000000001,OK,2934,44.8145887616978,4.352968008500535,0.5420746919104468,0.44368529369528187,44.27251406978735,4.796653302195817,578.4501865480916,86.76752798221374,0.5164903254001224,True,False,True
3017,3.5070165062214884,15.65589366291903,75.1140629497265,1.1447534904726346,0.6075381037704741,21.450302169419523,12.524714930335223,1.7535082531107442,1.4028066024885957,0.8,0.8,1.0,4.408876281394484,7.764334497544944,1.1447534904726353,0.6075381037704715,0.8200000000000001,OK,2935,40.583792300436514,6.42149237161584,0.543826231256727,0.4431596902080298,40.03996606917978,6.86465206182387,360.1799323705157,54.026989855577355,0.7511762622519481,False,False,True
3021,5.27318267432592,16.733311509158632,63.09101868523611,1.7787979511902017,0.6075381037704741,20.41931984431838,13.386649207326906,2.63659133716296,2.109273069730368,0.8,0.8,1.0,2.6201046422004097,4.996672200776889,1.7787979511901963,0.6075381037704608,0.8200000000000001,OK,2939,51.59413623618538,9.776946238152654,0.544423253341155,0.444596150191833,51.04971298284422,10.221542388344487,578.8400226723114,86.82600340084672,0.5942244744122616,False,True,True
3036,4.716260205540267,16.79447908296615,83.16973457812867,0.9835754653081368,0.6075381037704741,24.320411760968383,13.43558326637292,2.3581301027701334,1.8865040822161068,0.8,0.8,1.0,4.194358379201969,7.838515733143572,0.9835754653081308,0.6075381037704811,0.8200000000000001,OK,2953,43.82573853452738,4.1343182783131605,0.542394179210356,0.44275455301565814,43.28334435531703,4.5770728313288185,519.598794918822,77.9398192378233,0.5623022860856117,True,False,True
3049,3.547063940638977,14.724519106974675,86.26658503760888,0.5797833241009349,0.6075381037704741,21.681888734847945,11.779615285579744,1.7735319703194887,1.418825576255591,0.8,0.8,1.0,5.626853428328712,9.510047203178736,0.5797833241009316,0.6075381037704687,0.8200000000000001,OK,2966,35.125715591409126,4.737140452386352,0.5510227530082473,0.44527445052612724,34.57469283840088,5.182414902912479,342.6209986354528,51.39314979531792,0.6834707686005498,False,False,True
3052,3.57013717180444,14.771994139867733,82.9768299680417,1.0121861235315237,0.6075381037704741,21.35006379291403,11.817595311894186,1.78506858590222,1.428054868721776,0.8,0.8,1.0,5.212031293982026,8.905379479951137,1.0121861235315224,0.6075381037704866,0.8200000000000001,OK,2969,35.76137706802149,5.184316099810259,0.5459536488575024,0.4429870290287717,35.21542341916398,5.6273031288390305,345.96157769554964,51.894236654332445,0.6891203989804889,False,False,True
3053,5.237422485277325,16.713692374823825,80.19557674502586,1.874658727577132,0.6075381037704741,23.444018185316352,13.37095389985906,2.6187112426386623,2.0949689941109297,0.8,0.8,1.0,3.538446002652538,6.845133249384432,1.8746587275771287,0.6075381037704721,0.8200000000000001,OK,2970,46.80915186528893,5.851946473507254,0.5434135852104052,0.44299696718792503,46.26573828007853,6.294943440695179,574.2405437587728,86.1360815638159,0.5434325664165405,False,False,True
3064,3.5292815040418937,16.391477891973697,80.51114820796795,0.8530239771429289,0.6075381037704741,23.49161004960696,13.113182313578958,1.7646407520209468,1.4117126016167576,0.8,0.8,1.0,4.577962564414211,8.267166006943548,0.8530239771429269,0.6075381037704685,0.8200000000000001,OK,2981,40.87904550422589,4.366267138253197,0.542367613717363,0.4425535856604066,40.33667789050853,4.808820723913604,379.4969167472367,56.9245375120855,0.7181269675760996,False,False,True
3074,3.566536559848024,14.694756827560171,78.5097630741375,1.8347070836669177,0.6075381037704741,20.393490956929547,11.75580546204814,1.7832682799240118,1.4266146239392097,0.8,0.8,1.0,4.658268617683806,8.071756364369087,1.834707083666912,0.607538103770473,0.8200000000000001,OK,2990,37.540138160865595,6.490757718173587,0.5415189821077803,0.44213145889326877,36.998619178757814,6.932889177066856,343.8055817610174,51.57083726415261,0.7279334630264014,False,False,True
3075,4.325153581449055,16.74663441412317,78.76683331332185,0.9599201590982028,0.6075381037704741,23.616425790608403,13.397307531298535,2.1625767907245272,1.730061432579622,0.8,0.8,1.0,4.054789391886882,7.521168232217375,0.9599201590982,0.6075381037704621,0.8200000000000001,OK,2991,44.96346670422353,5.14653345835815,0.542648535965581,0.44226307654670477,44.420818168257945,5.588796534904855,475.15238373631627,71.27285756044745,0.6308638132838917,False,False,True
3082,4.736979818414847,16.76535366901541,76.18273796400567,1.3197549701000295,0.6075381037704741,22.98013964649546,13.41228293521233,2.3684899092074234,1.8947919273659388,0.8,0.8,1.0,3.638955005231459,6.863934436837171,1.3197549701000273,0.6075381037704584,0.8200000000000001,OK,2998,47.68317380306211,6.502771360734346,0.5443292180425875,0.4422864780176085,47.13884458501953,6.945057838751954,520.9764513803593,78.1464677070539,0.6101769561973175,False,False,True
3094,3.672940867566828,16.739476230782692,72.35513663190852,1.82898935941192,0.6075381037704741,22.13503794800125,13.391580984626154,1.836470433783414,1.4691763470267312,0.8,0.8,1.0,3.59728865946623,6.745169220227037,1.828989359411913,0.6075381037704699,0.8200000000000001,OK,3010,46.21077375401133,6.8815645649340285,0.5413352214729354,0.44263263593165647,45.66943853253839,7.324197200865685,403.32917765406665,60.499376648109994,0.7638223121337723,False,False,True
3100,3.531904734086864,15.935507595539688,65.52136688479163,1.7985436104807222,0.6075381037704741,19.42241357578537,12.74840607643175,1.7659523670434318,1.4127618936347457,0.8,0.8,1.0,3.5980760944318817,6.4428923794003055,1.7985436104807184,0.6075381037704676,0.8200000000000001,OK,3015,43.38293911438633,8.527525424450785,0.5432240691158898,0.44298550188584307,42.839715045270445,8.970510926336628,369.21447734197056,55.38217160129559,0.783337631227365,False,True,True
3109,3.540702808888806,16.19261910781409,72.59369350370041,1.2137682295095185,0.6075381037704741,21.709552862843708,12.954095286251272,1.770351404444403,1.4162811235555226,0.8,0.8,1.0,4.044200874301719,7.275607172658386,1.213768229509516,0.6075381037704658,0.8200000000000001,OK,3024,43.542066842899565,6.895322932094206,0.5425078244551399,0.44258741414712127,42.99955901844442,7.337910346241328,376.1061328464736,56.415919926971036,0.7718046058499738,False,False,True
3118,3.585063857496345,16.507651500792846,67.39041185436452,1.7824921140740906,0.6075381037704741,20.66956174037536,13.20612120063428,1.7925319287481725,1.434025542998538,0.8,0.8,1.0,3.470599530397166,6.389457801885261,1.7824921140740877,0.6075381037704634,0.8200000000000001,OK,3033,45.86399831569405,7.981678966627962,0.5429051297306438,0.4424734808050923,45.321093185963406,8.424152447433055,388.22726007570355,58.234089011355536,0.7875799054184681,False,False,True
3146,3.5056551994610348,16.505664978939738,69.06880979566175,1.9001691405668013,0.6075381037704741,21.038759698362973,13.20453198315179,1.7528275997305174,1.402262079784414,0.8,0.8,1.0,3.542174131422126,6.543999302489318,1.9001691405667984,0.6075381037704748,0.8200000000000001,OK,3059,45.41477907953064,7.563852210100671,0.5431797659440116,0.4427568016815274,44.87159931358663,8.006609011782198,379.58239686612194,56.93735952991829,0.7976270669114363,False,True,True
3178,3.5089604539394736,16.109287423319653,62.53068458448375,0.9421265018397792,0.6075381037704741,19.45653572244208,12.887429938655725,1.7544802269697368,1.4035841815757897,0.8,0.8,1.0,3.548650350369204,6.432137444173348,0.9421265018397728,0.6075381037704752,0.8200000000000001,OK,3089,43.458108884330585,9.977055209080447,0.5444955677465003,0.4444884916831113,42.91361331658408,10.421543700763559,370.8161524628001,55.62242286942002,0.7813055714303105,False,True,True
3183,4.014813101833861,16.564171577006285,82.91015208311418,0.7181961447221465,0.6075381037704741,24.04964165624793,13.251337261605029,2.0074065509169303,1.6059252407335445,0.8,0.8,1.0,4.576073406086039,8.33723515130195,0.7181961447221428,0.6075381037704723,0.8200000000000001,OK,3093,41.89692873019255,3.950311841036573,0.5425812051506271,0.4419908592182233,41.35434752504192,4.392302700254796,436.253468128631,65.43802021929466,0.64025361081812,False,False,True
3216,5.182050922985211,16.786641651265448,70.40980740278866,1.8878509185377177,0.6075381037704741,21.3411909422298,13.42931332101236,2.5910254614926056,2.0728203691940847,0.8,0.8,1.0,2.989181307092583,5.798537395284827,1.8878509185377133,0.6075381037704685,0.8200000000000001,OK,3125,50.68970400990122,8.385741956910046,0.5456882356630637,0.4433707487687962,50.144015774238156,8.829112705678842,570.6493610197194,85.5974041529579,0.5921873976379176,False,False,True
3224,4.26373057864032,16.695440885772204,80.32732798750254,1.6347581298023683,0.6075381037704741,23.628149255903068,13.356352708617765,2.13186528932016,1.7054922314561285,0.8,0.8,1.0,3.94898115319668,7.4439690151294755,1.6347581298023677,0.6075381037704713,0.8200000000000001,OK,3132,44.25210592707098,4.992281254293428,0.5451195712407712,0.443123750616965,43.70698635583021,5.435405004910393,466.97269359528,70.045904039292,0.6317586521868277,False,False,True
3247,3.539081146606015,15.984029810667415,79.253633483669,1.406082205317366,0.6075381037704741,22.5440095838118,12.787223848533934,1.7695405733030074,1.415632458642406,0.8,0.8,1.0,4.438322279145474,7.985651612261615,1.4060822053173634,0.6075381037704723,0.8200000000000001,OK,3153,40.41855723116185,5.196215688401052,0.5419237813341661,0.44293245740345727,39.87663344982768,5.639148145804509,371.09118728617347,55.66367809292602,0.7261208496442928,False,False,True
3251,3.526812455624788,15.245358961876056,88.80197641568782,0.5293966008789204,0.6075381037704741,22.668918386725736,12.196287169500843,1.763406227812394,1.4107249822499153,0.8,0.8,1.0,5.671932506382152,9.73150066241582,0.529396600878916,0.6075381037704752,0.8200000000000001,OK,3157,35.744978698246534,3.9438568800836378,0.549067054613392,0.4451100063156177,35.19591164363314,4.388966886399255,352.7149435145335,52.90724152718003,0.6756159963449101,False,False,True
3262,5.4010372820963335,16.748123819679147,76.36110269893264,0.8136613482811997,0.6075381037704741,23.05277693423852,13.39849905574332,2.7005186410481667,2.160414912838533,0.8,0.8,1.0,3.620978827997309,6.794480360117317,0.8136613482811956,0.6075381037704727,0.8200000000000001,OK,3168,48.69630250728801,6.844795247941708,0.5457799927047752,0.4459724103307082,48.15052251458324,7.290767658272416,593.3995019784579,89.00992529676869,0.5470884549664465,True,False,True
3274,5.031347790159719,16.766679143590462,69.8718973708672,1.182990117689486,0.6075381037704741,21.576420001346108,13.413343314872373,2.51567389507986,2.012539116063888,0.8,0.8,1.0,3.23896293679158,6.105875535365042,1.182990117689482,0.6075381037704679,0.8200000000000001,OK,3179,50.672248728386805,8.694859901142683,0.5423505556000535,0.44338521557709654,50.12989817278675,9.13824511671978,553.3950010166814,83.0092501525022,0.610440988628294,False,False,True
3275,3.8036124844877097,16.685362635125895,73.14435883569331,1.5663569176951684,0.6075381037704741,22.319235743248143,13.348290108100716,1.9018062422438549,1.521444993795084,0.8,0.8,1.0,3.703344844809102,6.8950574889242535,1.566356917695167,0.6075381037704787,0.8200000000000001,OK,3180,46.23718963858671,6.783792593121105,0.5399988126577027,0.44208415225468073,45.69719082592901,7.2258767453757855,416.3281277942326,62.44921916913489,0.7403966014908819,False,False,True
3276,4.132558204831517,16.704954774881344,88.09415051372275,0.6289376072120175,0.6075381037704741,24.82475854867593,13.363963819905075,2.0662791024157583,1.6530232819326067,0.8,0.8,1.0,4.900958057644761,8.950088686607387,0.6289376072120206,0.607538103770481,0.8200000000000001,OK,3181,40.93999223760226,3.0724749305285703,0.5423046688417826,0.4423354368273936,40.39768756876048,3.514810367355964,452.8643383307661,67.92965074961491,0.6026822129338616,True,False,True
3295,4.726531049185783,16.657284852965308,86.75360653005899,0.7806393502893483,0.6075381037704741,24.58853532102843,13.325827882372248,2.3632655245928915,1.8906124196743133,0.8,0.8,1.0,4.565994265731252,8.419245238904264,0.7806393502893474,0.6016251040347483,0.8200000000000001,OK,3200,42.28095495836403,3.4831706839668004,0.5410409569095747,0.44272003379142844,41.73991400145445,3.9258907177582287,516.476501785532,77.47147526782982,0.545761582726969,True,False,True
3303,4.557962492080364,16.776008022907554,73.86008641725027,1.3846155908047808,0.6075381037704741,22.521012364963056,13.420806418326045,2.278981246040182,1.8231849968321456,0.8,0.8,1.0,3.53634867426765,6.6622241396340165,1.3846155908047784,0.6075381037704736,0.8200000000000001,OK,3208,48.35243818457712,7.122508084857146,0.5418272223911897,0.4421809740503995,47.810610962185926,7.564689058907546,501.6065645992524,75.24098468988787,0.6426343087330105,False,False,True
3337,4.0349397664421645,16.77788334421906,79.10394143597489,1.2356014419061052,0.6075381037704741,23.68193898550412,13.422306675375248,2.0174698832210822,1.613975906576866,0.8,0.8,1.0,4.058804139654669,7.566433306601491,1.2356014419061003,0.60753810377048,0.8200000000000001,OK,3241,44.21355771938102,4.928062346653823,0.542337356157491,0.44293419232347897,43.67122036322353,5.370996538977302,444.0972314872004,66.61458472308006,0.6637218846770395,False,False,True
3358,3.529108769663976,15.870775206630512,74.64161850917878,0.914492735726095,0.6075381037704741,21.76372371876097,12.69662016530441,1.7645543848319878,1.4116435078655902,0.8,0.8,1.0,4.376814027379236,7.733337034323988,0.9144927357260944,0.6075381037704698,0.8200000000000001,OK,3262,41.332824788602124,6.357412027993673,0.5431694445025382,0.44366903180731565,40.789655344099586,6.801081059800989,367.4235792778399,55.113536891675984,0.7499577620982765,False,False,True
3367,3.888148943044434,16.62819784371316,82.7592347724548,0.5533749747435847,0.6075381037704741,24.17167473786149,13.30255827497053,1.944074471522217,1.5552595772177735,0.8,0.8,1.0,4.6438091690955545,8.438902214278631,0.5533749747435849,0.6075381037704767,0.8200000000000001,OK,3271,41.87697744366241,3.905762942770756,0.5439551120358522,0.4421014571244229,41.33302233162656,4.347864399895179,424.1230887522319,63.618463312834784,0.6582519486165251,False,False,True
3380,3.5573939523841647,14.958222587526665,70.23505093934921,1.9600602622180487,0.6075381037704741,19.10635728723807,11.966578070021331,1.7786969761920823,1.422957580953666,0.8,0.8,1.0,4.10165618376762,7.140331471569201,1.960060262218045,0.6075381037704752,0.8200000000000001,OK,3283,40.103920881263626,8.090470809112766,0.5413716156739607,0.44479166803237236,39.56254926558967,8.535262477145139,349.0726261476202,52.360893922143035,0.7659136022562054,False,True,True
3390,4.867685966151505,16.63723041948095,65.33074570688869,1.0109465368535928,0.6075381037704741,20.395658334428745,13.30978433558476,2.4338429830757526,1.9470743864606024,0.8,0.8,1.0,3.1508807749284635,5.841798772963342,1.0109465368535917,0.6075381037704722,0.8200000000000001,OK,3293,50.58795480076909,9.930001228708578,0.5450085850436163,0.44298385386163913,50.04294621572547,10.372985082570217,531.2603734671985,79.68905602007978,0.6348168409476718,False,True,True
3404,3.529644902270181,15.593584001798847,71.85482879195169,1.1467988714504815,0.6075381037704741,20.739501867700383,12.47486720143908,1.7648224511350907,1.4118579609080726,0.8,0.8,1.0,4.241346986024958,7.434466906971334,1.1467988714504789,0.6075381037704665,0.8200000000000001,OK,3307,41.293914503841194,7.381247552868483,0.5433226818653668,0.44347645918304296,40.750591821975824,7.824724012051526,361.06118167726675,54.15917725159001,0.7624546124845145,False,False,True
3405,5.3239172682343305,16.575168021129425,64.97593698493998,1.5825047873110103,0.6075381037704741,20.253499387281263,13.26013441690354,2.6619586341171653,2.129566907293732,0.8,0.8,1.0,2.824991219449135,5.343775254275286,1.5825047873110096,0.6075381037704793,0.8200000000000001,OK,3308,51.45434520922424,9.73980740875578,0.5432396953512562,0.4434895617162823,50.91110551387299,10.183296970472062,578.8860405303412,86.8329060795512,0.5925673518525892,False,False,True
3413,4.721113684445517,16.649321286956642,71.68848238573122,0.7575592943112499,0.6075381037704741,22.113457296955843,13.319457029565314,2.3605568422227585,1.8884454737782068,0.8,0.8,1.0,3.61089216463445,6.656360011395488,0.75755929431125,0.6075381037704748,0.8200000000000001,OK,3316,48.88023732680005,7.962665612491452,0.5408372013747934,0.4440829889380906,48.33940012542526,8.406748601429543,515.6379009836517,77.34568514754774,0.631971094878197,False,False,True
3415,4.931490865664918,16.681102892100345,79.99074886574118,0.9871584417195398,0.6075381037704741,23.630960972357546,13.344882313680277,2.465745432832459,1.9725963462659672,0.8,0.8,1.0,3.955652105911167,7.382247998870962,0.9871584417195394,0.607538103770492,0.8200000000000001,OK,3318,45.735372143746865,5.258006130370812,0.5429975924780571,0.4421976891904372,45.192374551268806,5.700203819561249,539.6433549129583,80.94650323694376,0.5650073853081942,False,False,True
3417,5.469858781935506,16.72258543170742,77.60276431084682,0.8487479223864998,0.6075381037704741,23.229203179324173,13.378068345365936,2.734929390967753,2.1879435127742024,0.8,0.8,1.0,3.67198437221278,6.896013239763606,0.8487479223864983,0.6075381037704711,0.8200000000000001,OK,3320,48.19111978911306,6.466958320679013,0.5455681736781415,0.44529748240428174,47.64555161543492,6.912255803083295,600.0443859187128,90.00665788780692,0.5354172782327189,True,False,True
3436,3.995397267105136,16.673993948937078,68.71750311863178,1.9377663636308893,0.6075381037704741,21.03424252214281,13.339195159149662,1.997698633552568,1.5981589068420543,0.8,0.8,1.0,3.300625511905817,6.205709844851619,1.937766363630884,0.6075381037704748,0.8200000000000001,OK,3337,47.71120276158983,7.885474571041845,0.5412952041230437,0.44240754905582647,47.169907557466786,8.327882120097671,437.02214785083873,65.55332217762582,0.7278228040420242,False,False,True
3453,3.5275160451315486,16.55590755304303,66.70897378724791,1.8792339579753417,0.6075381037704741,20.52287207796251,13.244726042434426,1.7637580225657743,1.4110064180526196,0.8,0.8,1.0,3.4094380465750795,6.295843497535541,1.8792339579753377,0.6075381037704741,0.8200000000000001,OK,3352,45.769162645299375,7.989186554101346,0.5440675882061384,0.44297248421695157,45.225095057093235,8.432159038318298,383.11206575008475,57.46680986251271,0.7964451612121929,False,True,True
3483,4.571604726394711,16.57612499749581,87.94059047443656,0.5259763247753579,0.6075381037704741,24.60676403442569,13.260899997996647,2.285802363197356,1.8286418905578845,0.8,0.8,1.0,4.831579342031393,8.794621277437965,0.5259763247753522,0.6075381037704625,0.8200000000000001,OK,3380,41.760267149328705,3.3483603089704763,0.542160002790894,0.4426467380878976,41.21810714653781,3.791007047058374,497.1134634781306,74.56701952171959,0.5600366947369398,True,False,True
3500,3.542041261038668,16.7082924284532,70.04161953888634,1.806322231657536,0.6075381037704741,21.59722897000469,13.36663394276256,1.771020630519334,1.4168165044154677,0.8,0.8,1.0,3.536310955205419,6.589025842606661,1.806322231657532,0.6075381037704758,0.8200000000000001,OK,3397,46.13312249598012,7.3128847156264305,0.5429908214546216,0.44242048717770316,45.590131674525495,7.755305202804133,388.2303853610127,58.234557804151905,0.7921949480775657,False,True,True
3508,3.786286295996299,16.668366698365123,64.91207582118292,1.8534450669087048,0.6075381037704741,20.13683146816375,13.3346933586921,1.893143147998149,1.5145145183985198,0.8,0.8,1.0,3.2112342031761685,5.97469687735423,1.8534450669087013,0.6075381037704726,0.8200000000000001,OK,3404,47.12830179730004,8.448574245055058,0.544245901075356,0.4432438565504982,46.58405589622468,8.891818101605557,414.0095271476958,62.10142907215437,0.7588923878473496,False,True,True
3514,3.8906826960406216,16.76587915522031,87.42330620762598,1.0867614076841734,0.6075381037704741,24.8348227940034,13.412703324176247,1.9453413480203108,1.5562730784162486,0.8,0.8,1.0,4.727227771133027,8.74192243687106,1.0867614076841727,0.6075381037704748,0.8200000000000001,OK,3410,40.239995662306555,3.004758123704011,0.5427581950073023,0.44266709236952717,39.69723746729925,3.447425216073538,427.9134963900923,64.18702445851385,0.6269179168496114,True,False,True
3516,3.5511431360094385,14.56235818367136,79.57528384546079,1.4470931981934203,0.6075381037704741,20.4819489145722,11.64988654693709,1.7755715680047193,1.4204572544037757,0.8,0.8,1.0,4.911661287734891,8.401951598911431,1.4470931981934152,0.6075381037704739,0.8200000000000001,OK,3412,36.416929461277924,6.103328782327622,0.5458048967242779,0.44214874910321245,35.87112456455365,6.545477531430834,339.2374001008436,50.885610015126545,0.7156626293848579,False,False,True
3517,3.952693063853076,16.473079736540146,84.18567989873881,0.5281166516939804,0.6075381037704741,24.10092984840045,13.17846378923212,1.9763465319265376,1.5810772255412304,0.8,0.8,1.0,4.787855904328609,8.642262425411026,0.5281166516939777,0.6075381037704868,0.8200000000000001,OK,3413,41.25120996180026,3.7709641366412523,0.5423861993052824,0.44192288094354065,40.70882376249497,4.212887017584793,427.1414637778811,64.07121956668216,0.6438336938298488,False,False,True
3519,3.893896797993168,16.720836956046888,75.47514339936616,0.9252004603756794,0.6075381037704741,23.08146993989856,13.376669564837512,1.946948398996584,1.5575587191972673,0.8,0.8,1.0,4.0064763048583,7.369359541013127,0.9252004603756772,0.6075381037704746,0.8200000000000001,OK,3415,45.15247918950793,5.8755140709229075,0.5401492144048361,0.4424639551172304,44.612329975103094,6.317978026040138,427.1164404479343,64.06746606719014,0.7047645546361191,False,False,True
3539,4.756085434821276,16.707238570461595,76.0200871538498,1.44920752938918,0.6075381037704741,22.81089012013773,13.365790856369276,2.3780427174106378,1.9024341739285104,0.8,0.8,1.0,3.5995322068626585,6.799461543532621,1.449207529389173,0.6075381037704712,0.8200000000000001,OK,3434,47.781348028142695,6.654691241666167,0.544695158000965,0.44231887261869673,47.23665287014173,7.097010114284863,521.2645143781316,78.18967715671974,0.6110953487168388,False,False,True
3542,5.367094003426896,16.74023056594915,73.4701017434969,1.914826267015057,0.6075381037704741,21.983028218958587,13.392184452759322,2.683547001713448,2.146837601370758,0.8,0.8,1.0,3.097022093485005,6.027621472122116,1.9148262670150509,0.6075381037704803,0.8200000000000001,OK,3437,50.14431339081014,7.870181588717361,0.5490878881120754,0.44414274299267603,49.595225502698064,8.314324331710036,589.39232552737,88.4088488291055,0.5671865888417935,True,False,True
3543,3.711006364602931,16.377113633572545,76.87771905014793,1.8856916532053285,0.6075381037704741,22.52666083520068,13.101690906858035,1.8555031823014656,1.4844025458411725,0.8,0.8,1.0,3.940199521463136,7.305465528036974,1.885691653205328,0.6075381037704749,0.8200000000000001,OK,3438,43.71051621830309,5.991578849556495,0.5442297565529454,0.4433507481625297,43.16628646175015,6.434929597719025,398.68775840776635,59.80316376116495,0.7309064181431798,False,False,True
3556,3.5099263249329167,14.661152882012098,64.86582024846984,1.6473891509943268,0.6075381037704741,17.78303383755305,11.72892230560968,1.7549631624664583,1.4039705299731668,0.8,0.8,1.0,4.064228357018557,6.9016070789082455,1.6473891509943228,0.6075381037704676,0.8200000000000001,OK,3451,38.81214282676481,9.020996018816117,0.5728493409271402,0.44637936627149843,38.23929348583767,9.467375385087616,337.5747559411288,50.63621339116931,0.7664898345959937,False,True,True
3558,5.119126222902372,16.70880413000013,80.98489192655502,1.9774549366266,0.6075381037704741,23.57667163635152,13.367043304000104,2.559563111451186,2.0476504891609486,0.8,0.8,1.0,3.5869965461805933,6.946496378671696,1.9774549366265948,0.6075381037704846,0.8200000000000001,OK,3453,46.1224921620753,5.572531775574224,0.5430476341871752,0.4430281645168989,45.57944452788812,6.015559940091123,561.1061715814636,84.16592573721954,0.5479948299514655,False,False,True
3576,4.522641492477276,16.719610637785276,75.41379448744848,1.0681912618832818,0.6075381037704741,22.89347498565561,13.375688510228224,2.261320746238638,1.8090565969909105,0.8,0.8,1.0,3.761577579836548,7.003565575867503,1.068191261883275,0.6075381037704825,0.8200000000000001,OK,3470,47.22938265838592,6.499561358085644,0.5410596345169375,0.4419606939727222,46.68832302386898,6.941522052058366,496.0462395438397,74.40693593157594,0.6347443563838955,False,False,True
3586,4.69786645206893,16.73932018952769,84.06126134574711,1.6900581869138738,0.6075381037704741,24.24946733754208,13.391456151622153,2.348933226034465,1.879146580827572,0.8,0.8,1.0,4.011262518578448,7.638722250163934,1.690058186913868,0.5861285981617707,0.8200000000000001,OK,3480,43.288069932298065,4.178021598707988,0.5419780312332102,0.4433775486491106,42.74609190106485,4.621399147357099,515.8724353122741,77.38086529684112,0.559415687150053,False,False,True
3592,4.046147197128727,16.6162969643281,74.39505180291894,0.9699658546184148,0.6075381037704741,22.67586087137188,13.29303757146248,2.0230735985643635,1.6184588788514909,0.8,0.8,1.0,3.9183466933838176,7.191875869500764,0.9699658546184085,0.607538103770463,0.8200000000000001,OK,3486,45.908029420330045,6.4421304825669825,0.5393858148490354,0.44202890312376053,45.36864360548101,6.884159385690743,441.04181103101814,66.15627165465273,0.6939331415164682,False,False,True
3615,3.517020424836101,16.56077929898463,85.1987779953307,1.8826432453783628,0.6075381037704741,24.197856944623588,13.248623439187703,1.7585102124180505,1.4068081699344406,0.8,0.8,1.0,4.450524363797008,8.312004583967504,1.8826432453783613,0.6075381037704736,0.8200000000000001,OK,3507,39.43587043088691,3.622798868671489,0.5518203896023147,0.44411880243024854,38.884050041284596,4.066917671101738,382.08456974000086,57.31268546100013,0.6880827536466084,False,False,True
3630,3.5005973312597,14.533489929924466,59.78750867412003,0.6985789589474548,0.6075381037704741,16.923059550378746,11.626791943939573,1.75029866562985,1.4002389325038802,0.8,0.8,1.0,4.073001561969601,6.887862876573774,0.6985789589474501,0.6075381037704702,0.8200000000000001,OK,3522,37.93762145907094,10.77507211719646,0.5816663538596404,0.4538337193995386,37.3559551052113,11.228905836595999,333.7458781705465,50.06188172558198,0.7578145317634862,False,True,True
3639,5.387974553751773,16.608850141066675,83.13870468277644,0.9360310240018804,0.6075381037704741,23.980992286871405,13.28708011285334,2.6939872768758866,2.1551898215007093,0.8,0.8,1.0,4.059003360503013,7.582589616676172,0.9360310240018768,0.6075381037704728,0.8200000000000001,OK,3530,44.957644330093444,4.656284260727165,0.5411213673088089,0.44322794879101646,44.41652296278463,5.099512209518181,587.0416862420633,88.05625293630949,0.5105559552098022,True,False,True
3640,4.209120318296127,16.791585843437595,83.2092135013061,0.6240703152522439,0.6075381037704741,24.43283763269251,13.433268674750076,2.1045601591480634,1.6836481273184507,0.8,0.8,1.0,4.491476276410928,8.259783191288584,0.624070315252241,0.6075381037704698,0.8200000000000001,OK,3531,42.821010303428984,3.8628219549541196,0.5444641623429392,0.4422988290021447,42.276546141086044,4.305120783956264,463.64640178417574,69.54696026762636,0.6157136147812613,False,False,True
3648,3.897908864762124,16.73847561165578,72.93166969124674,0.6118537258346245,0.6075381037704741,22.753026054223795,13.390780489324625,1.948954432381062,1.5591635459048496,0.8,0.8,1.0,3.9486428167975873,7.207879415219532,0.6118537258346215,0.6075381037704883,0.8200000000000001,OK,3539,45.85896861422922,6.695972954803134,0.5443563404671491,0.44390440520453545,45.31461227376207,7.139877360007669,428.00754419846163,64.20113162976925,0.7143015621388985,False,False,True
3652,5.49980681222582,16.72645607626653,72.17755566076123,1.605806406988889,0.6075381037704741,21.757951745886366,13.381164861013223,2.7499034061129097,2.199922724890328,0.8,0.8,1.0,3.093911641244553,5.965525649899272,1.6058064069888858,0.6075381037704748,0.8200000000000001,OK,3542,50.87811180870076,8.345156023389523,0.5476618241076883,0.44455471537146224,50.33044998459307,8.789710738760984,603.4693375965619,90.5204006394843,0.5620623798532783,True,False,True
3655,4.7253914399428005,16.749084518924676,78.5667611573476,0.7747493406626778,0.6075381037704741,23.581740938928007,13.399267615139742,2.3626957199714003,1.8901565759771204,0.8,0.8,1.0,3.981316187939896,7.388139047029846,0.7747493406626769,0.6075381037704745,0.8200000000000001,OK,3545,46.0256028226364,5.480045505093696,0.543409978539375,0.44225092766063084,45.48219284409703,5.922296432754327,519.1976328186897,77.87964492280346,0.5909837271119854,False,False,True
3658,3.525239935141281,15.271280181827477,81.11141950559829,1.2278179147309949,0.6075381037704741,21.810952091159933,12.21702414546198,1.7626199675706404,1.4100959740565124,0.8,0.8,1.0,4.8629641494574365,8.486208447132732,1.227817914730991,0.6075381037704781,0.8200000000000001,OK,3548,37.399185901727805,5.194947611205223,0.5435585051608918,0.44247945540536443,36.855627396566916,5.637427066610588,353.1571195305765,52.97356792958647,0.7059971106994256,False,False,True
3662,3.5868173404950885,14.508384247267577,77.080449336046,1.7731730240647745,0.6075381037704741,19.893541748820056,11.606707397814064,1.7934086702475442,1.4347269361980357,0.8,0.8,1.0,4.656300027700148,7.999524206621835,1.7731730240647727,0.6075381037704637,0.8200000000000001,OK,3552,37.555117878102344,6.88132374096326,0.5435434665815239,0.4425828794002437,37.01157441152082,7.323906620363504,341.37534275636324,51.20630141345448,0.73340813223106,False,False,True
3675,5.017078736305935,16.718720013374522,78.34368397867968,1.0051517028810038,0.6075381037704741,23.38248761526817,13.37497601069962,2.5085393681529675,2.006831494522374,0.8,0.8,1.0,3.8062061351149055,7.129281416179296,1.0051517028809978,0.6075381037704762,0.8200000000000001,OK,3564,46.901222046704824,5.869231659301202,0.5438378680358641,0.44244704874516766,46.35738417866896,6.31167870804637,550.2471234834409,82.53706852251612,0.5682443402252669,False,False,True
3700,3.5707498987183355,16.167608668404025,76.47764462482468,1.4807170314861802,0.6075381037704741,22.308405744644205,12.93408693472322,1.7853749493591675,1.4282999594873342,0.8,0.8,1.0,4.174081639137313,7.572512038326556,1.4807170314861746,0.607538103770476,0.8200000000000001,OK,3588,42.4496978195932,5.9208700476042475,0.5414367185521815,0.44272386461298635,41.90826110104101,6.363593912217234,378.7119948198521,56.806799222977816,0.7472643838454939,False,False,True
3755,5.295900709233605,16.626271802516072,62.57716744930124,1.518949989098455,0.6075381037704741,20.098622726011087,13.301017442012858,2.6479503546168024,2.118360283693442,0.8,0.8,1.0,2.70730380080294,5.096965032367651,1.518949989098452,0.6075381037704697,0.8200000000000001,OK,3641,51.53882227405352,10.202187338592024,0.5443115717312941,0.4440765020871967,50.99451070232223,10.646263840679222,577.6151151784125,86.64226727676187,0.5948461864394982,False,False,True
3770,3.508821692823948,15.78251670083992,80.81358436694524,0.9016714244340508,0.6075381037704741,22.61133250537806,12.626013360671935,1.754410846411974,1.4035286771295794,0.8,0.8,1.0,4.797846089244647,8.46762563318157,0.9016714244340448,0.6075381037704771,0.8200000000000001,OK,3656,38.90005607046136,4.77735825347744,0.5443620964952159,0.44254367606546197,38.35569397396615,5.219901929542902,363.27992250524767,54.49198837578715,0.7138674368459296,False,False,True
3781,4.140820860673997,16.76323645720885,64.86951967513146,1.0959937844162626,0.6075381037704741,20.62059963410996,13.410589165767082,2.0704104303369983,1.6563283442695989,0.8,0.8,1.0,3.282628041230314,6.053613732798805,1.0959937844162608,0.6075381037704765,0.8200000000000001,OK,3667,48.783572152343226,9.410112325458249,0.5434070063949388,0.4428539552753399,48.24016514594829,9.852966280733588,455.3529484466036,68.30294226699053,0.714223582955655,False,True,True
3792,4.0826778505851244,16.717705314191903,82.49733546926377,1.6902160295026647,0.6075381037704741,24.028577451284256,13.374164251353523,2.0413389252925622,1.63307114023405,0.8,0.8,1.0,4.114159692863652,7.755727487896001,1.6902160295026614,0.6075381037704752,0.8200000000000001,OK,3678,42.63095709373624,4.276571397420628,0.5452122665821553,0.4437777859616688,42.08574482715409,4.720349183382297,447.73971410452504,67.16095711567876,0.6347580339021707,False,False,True
3808,3.560858640490807,15.4565075178925,88.80856624667658,0.9764960592783172,0.6075381037704741,22.974805906636973,12.365206014314,1.7804293202454036,1.4243434561963229,0.8,0.8,1.0,5.409539331643725,9.44724946506692,0.976496059278317,0.6075381037704595,0.8200000000000001,OK,3694,35.74730602490625,3.6987868989282604,0.5437987409546342,0.44427484629643954,35.203507283951616,4.1430617452247,361.0521555556551,54.15782333334826,0.6600580271639991,False,False,True
3821,5.261280218011113,16.75838743210015,75.23021843961298,1.3449277847951973,0.6075381037704741,22.664455647937167,13.40670994568012,2.6306401090055567,2.1045120872044456,0.8,0.8,1.0,3.413738391784893,6.501590806128696,1.3449277847951964,0.6075381037704762,0.8200000000000001,OK,3706,49.32038693528742,7.271400343197744,0.5469466792446599,0.44387871893115677,48.773440256042754,7.715279062128901,578.3989541717214,86.7598431257582,0.5684702179993298,True,False,True
3846,3.5243190335516874,15.49613427062262,87.0737395269561,1.4896375516306837,0.6075381037704741,22.844455004710696,12.396907416498095,1.7621595167758437,1.409727613420675,0.8,0.8,1.0,5.077112844891509,8.993187831488068,1.4896375516306823,0.6075381037704746,0.8200000000000001,OK,3730,35.806052337298524,3.9218199356188292,0.5419181544971663,0.4431414533831536,35.26413418280136,4.364961389001983,358.263385474167,53.73950782112505,0.6662891751163961,False,False,True
3858,3.537282705371359,16.77815403686953,79.70058715543769,0.5661026354585165,0.6075381037704741,24.033210191420054,13.422523229495624,1.7686413526856797,1.4149130821485436,0.8,0.8,1.0,4.485195034999229,8.178431651419249,0.566102635458515,0.607538103770474,0.8200000000000001,OK,3742,42.23837371401346,4.295123397900434,0.54636505148517,0.44303972912198986,41.692008662528295,4.738163127022424,389.3299261135496,58.39948891703244,0.7232661534764643,False,False,True
3873,3.643403266884273,16.731888717790294,79.60631265194971,1.1792344684887168,0.6075381037704741,23.766587253736752,13.385510974232236,1.8217016334421363,1.4573613067537092,0.8,0.8,1.0,4.248280983083003,7.8532049921757,1.1792344684887122,0.6075381037704722,0.8200000000000001,OK,3757,42.64653168748129,4.522709641952159,0.5414757527083623,0.44346540086895236,42.10505593477293,4.966175042821111,399.90427818195076,59.98564172729261,0.710945660652618,False,False,True
3900,3.5392839354575605,16.091912304905403,69.40809270736827,1.215223204723567,0.6075381037704741,20.89291329584509,12.873529843924324,1.7696419677287802,1.4157135741830242,0.8,0.8,1.0,3.908995116492342,6.983045922179997,1.2152232047235616,0.6075381037704818,0.8200000000000001,OK,3782,43.79733328974245,7.851974898515466,0.542464677239539,0.4429446864363154,43.25486861250291,8.294919584951781,373.61723442772563,56.042585164158844,0.7815009454230591,False,True,True
3901,3.815540108353481,16.717979323787652,85.26155131081015,0.7309341781868234,0.6075381037704741,24.573704860872496,13.374383459030122,1.9077700541767404,1.5262160433413925,0.8,0.8,1.0,4.747528670193052,8.683507726381581,0.7309341781868189,0.6075381037704838,0.8200000000000001,OK,3783,40.94170583893008,3.339436259847299,0.5429573549489386,0.4420723243986059,40.398748483981144,3.7815085842459046,418.45007140191615,62.767510710287425,0.6522754427509876,False,False,True
3908,4.543862535042296,16.791383594611446,64.75362785550057,1.2951131059130967,0.6075381037704741,20.373471404996955,13.433106875689155,2.271931267521148,1.8175450140169185,0.8,0.8,1.0,3.0846429551839165,5.770985909477998,1.2951131059130954,0.6075381037704747,0.8200000000000001,OK,3790,50.168353048535955,9.508229131363311,0.5431894227944922,0.4425297381307223,49.625163625741465,9.950758869494035,500.5131667056368,75.07697500584553,0.6682255517704306,False,True,True
3909,4.327789576664177,16.77799080705781,63.80017482020831,1.0201378399102656,0.6075381037704741,20.34713800125769,13.42239264564625,2.1638947883320885,1.7311158306656709,0.8,0.8,1.0,3.187477184887136,5.886133387685545,1.0201378399102627,0.6075381037704728,0.8200000000000001,OK,3791,49.38210401418731,9.922762485222188,0.543593751773726,0.44349269964921534,48.838510262413585,10.366255184871404,476.3321860829183,71.44982791243774,0.6911437781866379,False,True,True
3944,3.521427057793694,15.74449083251622,66.8029268565902,1.6358094021726997,0.6075381037704741,19.58188150756333,12.595592666012976,1.760713528896847,1.4085708231174776,0.8,0.8,1.0,3.778933407812154,6.697898024022415,1.6358094021726983,0.6075381037704813,0.8200000000000001,OK,3826,42.66242024146175,8.455708006699673,0.5415860079781248,0.4425347527632447,42.12083423348363,8.898242759462917,363.7065787489764,54.55598681234646,0.7819933747730671,False,True,True
3979,3.5181767828648804,14.820223159212226,80.80217236213119,0.8719814531042214,0.6075381037704741,21.185072028307005,11.856178527369782,1.7590883914324402,1.4072707131459523,0.8,0.8,1.0,5.128789435793394,8.74324389840844,0.8719814531042194,0.6075381037704698,0.8200000000000001,OK,3861,36.3214366672497,5.553451545709804,0.5499104501017358,0.4433542677735857,35.771526217147965,5.99680581348339,342.0394826336467,51.305922395047006,0.7079384790625286,False,False,True
3994,5.296217938331965,16.78296634332716,71.64864520025108,1.100483838131414,0.6075381037704741,21.996826665207188,13.42637307466173,2.6481089691659827,2.118487175332786,0.8,0.8,1.0,3.273664038281712,6.194967069511456,1.1004838381314113,0.6075381037704759,0.8200000000000001,OK,3875,50.71340166965033,8.408139194428559,0.5451367822094937,0.445224015896837,50.168264887440834,8.853363210325396,583.0937829830382,87.46406744745573,0.5798198408748432,False,False,True
4018,3.5900851739054387,16.44322460561983,76.14939594623438,1.6073604665009458,0.6075381037704741,22.603078333029643,13.154579684495864,1.7950425869527191,1.4360340695621756,0.8,0.8,1.0,4.009554279263185,7.384068954967214,1.6073604665009422,0.6075381037704793,0.8200000000000001,OK,3898,43.64840795260193,5.923949394438059,0.5416992482941849,0.4429375973806339,43.10670870430774,6.366886991818692,387.25370425298354,58.088055637947534,0.7514179545732199,False,False,True
4050,3.5063426349471687,14.760126573471505,85.10967463043764,1.0145050731051013,0.6075381037704741,21.57728541987828,11.808101258777205,1.7531713174735843,1.4025370539788675,0.8,0.8,1.0,5.375410695332963,9.178364616483766,1.014505073105097,0.60753810377048,0.8200000000000001,OK,3930,35.01366757918931,4.792523034459805,0.5461533808941118,0.44362845324319233,34.4675141982952,5.2361514877029975,339.50664082767554,50.92599612415133,0.6875401610963148,False,False,True
4083,4.078273005915968,16.78414664200373,64.4448574067753,1.631279054949776,0.6075381037704741,20.213598882184144,13.427317313602984,2.039136502957984,1.6313092023663875,0.8,0.8,1.0,3.12059877444192,5.834794279421994,1.6312790549497729,0.6075381037704843,0.8200000000000001,OK,3960,48.637281328672685,8.894378311729557,0.5433667024315897,0.44301140882663254,48.093914626241094,9.33738972055619,449.0341790838684,67.35512686258026,0.7221021412060253,False,True,True
4091,3.5512373424567527,15.664583241229955,89.53472835696917,1.0335471925083506,0.6075381037704741,23.34782715303785,12.531666592983967,1.7756186712283764,1.4204949369827011,0.8,0.8,1.0,5.3764327983385485,9.468040248606751,1.033547192508347,0.6075381037704769,0.8200000000000001,OK,3968,36.014288769559,3.4432642240350524,0.5436384620880556,0.44468213669175527,35.47065030747095,3.887946360726808,364.92396341942407,54.73859451291361,0.6579322887266081,False,False,True
4109,4.122686478842563,16.773889199111018,76.8217063334443,1.5404257485242476,0.6075381037704741,23.14973851886897,13.419111359288816,2.0613432394212814,1.6490745915370253,0.8,0.8,1.0,3.789462006199521,7.128322124100187,1.5404257485242407,0.6075381037704577,0.8200000000000001,OK,3986,45.88459485263505,5.8917041293050065,0.5431841893245509,0.44270167195186033,45.3414106633105,6.3344058012568665,453.64686946398564,68.04703041959785,0.6743070868735527,False,False,True
4110,3.5453746384542866,15.08536845785398,67.15956304292936,1.783328140175239,0.6075381037704741,18.677276767386864,12.068294766283184,1.7726873192271433,1.418149855381715,0.8,0.8,1.0,3.97330766308102,6.8953506812912,1.783328140175235,0.6075381037704757,0.8200000000000001,OK,3987,40.39595776776527,8.559498970582096,0.5475584036068046,0.4432496875286909,39.84839936415846,9.002748658110788,350.8503347889223,52.62755021833834,0.7675819528017682,False,True,True
4122,3.506059417054681,14.761781029756316,76.35031563275237,1.787764711655072,0.6075381037704741,20.13985139270021,11.809424823805053,1.7530297085273407,1.4024237668218726,0.8,0.8,1.0,4.555264055336917,7.885268270074164,1.7877647116550668,0.6075381037704758,0.8200000000000001,OK,3998,38.16296287343645,6.897892491577206,0.5417681237174504,0.4425489141741255,37.621194749718995,7.340441405751331,339.5172699307084,50.92759048960626,0.7493573229470787,False,False,True
4125,4.3582713246849965,16.766199085641894,66.33696442898858,1.7045755206737,0.6075381037704741,20.569848971213347,13.412959268513516,2.1791356623424982,1.7433085298739988,0.8,0.8,1.0,3.109010208706856,5.863552630798324,1.7045755206736974,0.6075381037704665,0.8200000000000001,OK,4000,49.41283366348581,8.683338107118049,0.5420245935994681,0.4422421960216468,48.87080906988634,9.125580303139696,479.34998922486847,71.90249838373028,0.6872199822567875,False,True,True
4133,4.203907262244629,16.684661398492686,85.63086552322102,0.5705837861922829,0.6075381037704741,24.557896504204955,13.347729118794147,2.1019536311223144,1.6815629048978515,0.8,0.8,1.0,4.723752352555437,8.626421438584071,0.5705837861922775,0.6075381037704755,0.8200000000000001,OK,4008,41.825932508805664,3.4833212371419218,0.5426153804051927,0.4421818362303488,41.28331712840047,3.9255030733722704,460.1234460911772,69.01851691367658,0.606010305337603,False,False,True
4214,4.229901090541787,16.69222866665556,65.57433670700271,1.7648777705862404,0.6075381037704741,20.26583717341264,13.353782933324448,2.1149505452708937,1.691960436216715,0.8,0.8,1.0,3.12098765481171,5.855356440884917,1.7648777705862353,0.6075381037704755,0.8200000000000001,OK,4088,48.812643041658404,8.710431643838355,0.5426946018042046,0.44249852163901265,48.2699484398542,9.152930165477368,463.17848413872457,69.47677262080869,0.7025749930565822,False,True,True
4216,3.760653756153107,16.667774891121397,76.50096470945323,1.4222140132785406,0.6075381037704741,23.036381892481742,13.33421991289712,1.8803268780765527,1.504261502461243,0.8,0.8,1.0,3.960869636638485,7.35036782008968,1.4222140132785372,0.60753810377048,0.8200000000000001,OK,4090,44.57110226043319,5.705433260341238,0.5407366813689248,0.44287782411945104,44.03036557906427,6.148311084460689,411.19215044662644,61.678822566993965,0.7226321840372553,False,False,True
4259,3.5023038981257475,15.337531853747937,89.75963631672678,1.8662656254291583,0.6075381037704741,22.863107286973467,12.27002548299835,1.7511519490628735,1.400921559250299,0.8,0.8,1.0,5.162956191366124,9.175671765886957,1.8662656254291528,0.6075381037704768,0.8200000000000001,OK,4132,34.45249068509206,3.7364534845022725,0.5492928274185181,0.4458906213109806,33.90319785767354,4.182344105813253,352.3815362495005,52.85723043742508,0.6518027978381986,False,False,True
4311,3.9440344764366966,16.61586422712901,75.7951105428883,1.9358317971588173,0.6075381037704741,22.60046435531669,13.292691381703207,1.9720172382183483,1.5776137905746788,0.8,0.8,1.0,3.706705237021556,6.9788523030847305,1.9358317971588148,0.607538103770479,0.8200000000000001,OK,4183,45.591533081629606,6.316319819506363,0.5446070063023611,0.4433472719641166,45.04692607532724,6.7596670914704795,429.9000313713773,64.48500470570659,0.7070098434465183,False,False,True
4312,5.30030682434135,16.774556206617028,71.62859794499455,1.9396433499972725,0.6075381037704741,21.5811464934822,13.419644965293624,2.650153412170675,2.12012272973654,0.8,0.8,1.0,3.0017084522113784,5.848595065112635,1.9396433499972725,0.6075381037704773,0.8200000000000001,OK,4184,50.57268868090427,8.205117454109306,0.5479697873019095,0.4438942403509562,50.02471889360236,8.649011694460262,583.2515334762273,87.48773002143409,0.5780546445600336,True,False,True
4342,4.55617122385647,16.60068788176259,82.76742968599397,0.7719858352969101,0.6075381037704741,24.02438801073256,13.280550305410072,2.278085611928235,1.822468489542588,0.8,0.8,1.0,4.3627580196215305,8.020941200596791,0.7719858352969096,0.6075381037704773,0.8200000000000001,OK,4213,43.35838460490705,4.244264628440318,0.5423050379164872,0.44213998865486775,42.81607956699057,4.686404617095185,496.1693813355986,74.42540720033979,0.5825750403782688,False,False,True
4345,3.564467067798133,15.924137525541584,77.92094896893812,1.079713016400631,0.6075381037704741,22.334012523134632,12.739310020433267,1.7822335338990665,1.4257868271192533,0.8,0.8,1.0,4.4858088779460665,7.988329059839701,1.079713016400626,0.6075381037704612,0.8200000000000001,OK,4216,40.65474627513752,5.46281436016072,0.5422979841050818,0.44289305186487504,40.112448291032436,5.905707412025595,372.3525784813022,55.852886772195326,0.7278897945052368,False,False,True
4362,3.556539262944186,15.747258696060234,86.18076600888077,0.719196455631085,0.6075381037704741,23.202817451810816,12.597806956848189,1.778269631472093,1.4226157051776744,0.8,0.8,1.0,5.230229701352421,9.183035521052876,0.71919645563108,0.6075381037704695,0.8200000000000001,OK,4232,37.462982179504216,3.8389645722378813,0.5428458683470447,0.4427695095922609,36.92013631115717,4.281734081830142,367.39767956598035,55.10965193489705,0.6797898528511945,False,False,True
4364,4.191471801643536,16.671365110092847,78.4431084908392,0.707920421698696,0.6075381037704741,23.54650621627154,13.33709208807428,2.095735900821768,1.6765887206574146,0.8,0.8,1.0,4.189904624867125,7.683095150133713,0.7079204216986942,0.6075381037704783,0.8200000000000001,OK,4234,44.48273014603645,5.137116991144049,0.5422858920232984,0.4422392265073377,43.94044425401315,5.579356217651387,458.3967723053089,68.75951584579634,0.6469319860511487,False,False,True
4369,3.608729769995372,15.926334101020045,76.08404391030831,0.5298798139104942,0.6075381037704741,22.22048744142414,12.741067280816036,1.8043648849976857,1.4434919079981487,0.8,0.8,1.0,4.548079945189688,8.003001418565088,0.5298798139104939,0.6075381037704781,0.8200000000000001,OK,4239,41.126234611177814,5.916272643541534,0.5435279324601704,0.4437267717672821,40.58270667871764,6.359999415308816,377.0283641419175,56.554254621287626,0.7271996578608864,False,False,True
4376,4.571921001245321,16.570761937026546,78.91554492546949,1.3531338237965165,0.6075381037704741,23.22724108277088,13.256609549621238,2.2859605006226604,1.8287684004981284,0.8,0.8,1.0,3.909175168108437,7.298225679048267,1.3531338237965111,0.6075381037704773,0.8200000000000001,OK,4246,45.41860582462485,5.563703551903822,0.5436725158797482,0.44203858353540704,44.8749333087451,6.005742135439228,496.9870071628254,74.54805107442381,0.609252759395171,False,False,True
4386,3.5497326398214564,14.570868041752249,88.68273770051611,1.334704258608154,0.6075381037704741,21.614977217347104,11.6566944334018,1.7748663199107282,1.4198930559285827,0.8,0.8,1.0,5.528670835963883,9.4515649585569,1.3347042586081486,0.6075381037704785,0.8200000000000001,OK,4256,33.7070943631314,4.379632587706786,0.5504020074616476,0.44503823739798065,33.15669235566975,4.824670825104767,339.3008193619059,50.895122904285884,0.6622853515163222,False,False,True
4387,3.775381536266969,16.756462285562364,74.48899801824425,0.8301283648624627,0.6075381037704741,23.010521999992008,13.405169828449893,1.887690768133484,1.5101526145067874,0.8,0.8,1.0,4.00204539215213,7.342413307339891,0.8301283648624577,0.6075381037704829,0.8200000000000001,OK,4257,45.14913283075514,6.0577202447883645,0.542001566812276,0.4428520844399481,44.60713126394287,6.500572329228312,414.99897141899277,62.249845712848916,0.7252890720247354,False,False,True
4400,3.5660129237167184,15.505999262707691,75.36797931275498,0.9567945070478266,0.6075381037704741,21.33787341772907,12.404799410166154,1.7830064618583592,1.4264051694866875,0.8,0.8,1.0,4.521299470007218,7.892303202891943,0.9567945070478212,0.6075381037704577,0.8200000000000001,OK,4270,40.00562337902382,6.414302683409418,0.5441235568887456,0.44358910692122994,39.461499822135075,6.857891790330648,362.73253510468146,54.40988026570222,0.7352639480855785,False,False,True
4428,5.298395481439153,16.656182488753025,81.64784041909735,1.1357021823467237,0.6075381037704741,23.787666209708178,13.32494599100242,2.6491977407195764,2.1193581925756613,0.8,0.8,1.0,3.899726424556132,7.340571423419673,1.135702182346724,0.6075381037704637,0.8200000000000001,OK,4298,45.63876104524987,5.054251131199048,0.5420013569725208,0.4429475834129059,45.09675968827735,5.497198714611954,578.9268357590134,86.83902536385202,0.5255558875059376,True,False,True
4439,4.702228086483069,16.58727958663077,77.5224563444469,1.4631119108495372,0.6075381037704741,22.93772874340572,13.269823669304618,2.3511140432415347,1.880891234593228,0.8,0.8,1.0,3.740378486882719,7.024153736727371,1.4631119108495338,0.6075381037704732,0.8200000000000001,OK,4309,46.64369338420405,6.182475754912981,0.544489886725183,0.44204709081477533,46.09920349747887,6.624522845727757,511.66144799595224,76.74921719939283,0.6077416172600787,False,False,True
4441,4.9644758867313366,16.60233661137211,68.2391502272081,1.8874581374976505,0.6075381037704741,20.572058439817347,13.281869289097688,2.4822379433656683,1.9857903546925344,0.8,0.8,1.0,3.013215783122419,5.753068801448347,1.887458137497649,0.6075381037704719,0.8200000000000001,OK,4311,50.281017275613685,8.709241655563499,0.5414897892751017,0.4423953923498095,49.73952748633858,9.151637047913308,540.6876624948322,81.10314937422484,0.6199638073684146,False,False,True
4455,3.5847141462453984,16.721328878348388,66.30787486533997,1.5486010387713511,0.6075381037704741,20.826463930103685,13.377063102678711,1.7923570731226992,1.4338856584981594,0.8,0.8,1.0,3.4102413809322805,6.295941627932541,1.5486010387713522,0.6075381037704592,0.8200000000000001,OK,4325,46.6773065798336,8.239870315857031,0.544352499830484,0.4426678480111716,46.13295408000312,8.682538163868202,393.2141681829959,58.98212522744938,0.7913805479174341,False,True,True
4470,4.835843646905371,16.721880218898647,69.55573106037528,1.1201852724767751,0.6075381037704741,21.52065301796176,13.37750417511892,2.4179218234526854,1.9343374587621485,0.8,0.8,1.0,3.3182457171631548,6.205800393298093,1.120185272476772,0.6075381037704737,0.8200000000000001,OK,4340,50.19935704751208,8.662297720588315,0.5412684982874788,0.44288776216770137,49.6580885492246,9.105185482756017,530.470452328931,79.57056784933964,0.630878456749994,False,False,True
4477,4.978373441704399,16.786847219732305,78.89134063435503,1.5952829184224666,0.6075381037704741,23.414984312189603,13.429477775785845,2.4891867208521994,1.99134937668176,0.8,0.8,1.0,3.619519183267734,6.92543982111189,1.595282918422464,0.6075381037704745,0.8200000000000001,OK,4347,46.991321618122534,5.904192686368381,0.5456882571928464,0.44266046190000435,46.44563336092969,6.346853148268385,548.22703505844,82.234055258766,0.5714338356567104,False,False,True
4481,4.644006525263488,16.79488639849294,82.43201245239638,1.702201355756993,0.6075381037704741,24.07639882559184,13.435909118794354,2.322003262631744,1.8576026101053955,0.8,0.8,1.0,3.90104514885234,7.447790269483301,1.7022013557569882,0.6075381037704582,0.8200000000000001,OK,4351,44.225751709478494,4.586902941185331,0.5431336252404895,0.443345413738211,43.68261808423801,5.0302483549235415,511.6508868883311,76.74763303324967,0.5762490641283804,False,False,True
4487,4.107736640509127,16.68925153236678,77.12325966580597,1.5003324815531731,0.6075381037704741,23.098774027736845,13.351401225893424,2.053868320254564,1.6430946562036508,0.8,0.8,1.0,3.8551112479198046,7.214073803044235,1.500332481553171,0.6075381037704699,0.8200000000000001,OK,4357,45.46498555093629,5.80965844511455,0.5426390055869175,0.44258015799540307,44.92234654534937,6.252238603109953,449.7211281454753,67.4581692218213,0.6739730128375516,False,False,True
4489,3.9904338041707743,16.798649493945128,62.451672137813965,1.1439430420825274,0.6075381037704741,20.0400054817886,13.438919595156102,1.9952169020853872,1.5961735216683095,0.8,0.8,1.0,3.184016136496684,5.860665367715791,1.1439430420825245,0.6075381037704767,0.8200000000000001,OK,4359,48.23145771630843,9.880199002663462,0.5426005622573122,0.4436889954927143,47.688857154051114,10.323887998156176,439.7423761611602,65.96135642417404,0.7312077909094086,False,True,True
4505,3.5716849172537217,16.296529238971416,76.99834144855171,0.6600940586684483,0.6075381037704741,22.87256787527512,13.037223391177134,1.7858424586268609,1.4286739669014887,0.8,0.8,1.0,4.440175738615004,7.949789769922194,0.6600940586684484,0.6075381037704739,0.8200000000000001,OK,4375,41.97494138669152,5.359789640725351,0.5430450741509789,0.44312108143955004,41.43189631254054,5.802910722164901,381.83180402290526,57.27477060343579,0.7328696552505011,False,False,True
4508,5.387502258195405,16.749584454540773,74.3369477450809,1.74453986229228,0.6075381037704741,22.26857727354141,13.39966756363262,2.6937511290977025,2.1550009032781623,0.8,0.8,1.0,3.1915910165560035,6.177735085514154,1.7445398622922774,0.6075381037704707,0.8200000000000001,OK,4377,49.96753043289041,7.685099231452354,0.5488301084482656,0.4442255852134125,49.41870032444215,8.129324816665767,591.9640619167353,88.7946092875103,0.5627315760926352,True,False,True
4531,4.232680393539611,16.76876292531617,72.03840643305304,1.699126844283143,0.6075381037704741,22.035525448449413,13.415010340252936,2.116340196769805,1.6930721574158445,0.8,0.8,1.0,3.4381766106131977,6.492975992313982,1.6991268442831389,0.6075381037704743,0.8200000000000001,OK,4400,48.13553193380211,7.385499456423005,0.5400596917991854,0.44212059328541903,47.59547224200293,7.8276200497084245,465.607900219822,69.8411850329733,0.6892141350562201,False,False,True
4535,3.5582370771338105,16.279304342685613,83.48024880663567,1.413361258063207,0.6075381037704741,23.607255799676025,13.023443474148491,1.7791185385669053,1.4232948308535245,0.8,0.8,1.0,4.597177314692338,8.381724160619203,1.4133612580632038,0.6075381037704698,0.8200000000000001,OK,4404,39.419969537591534,3.949657663030391,0.541271228521467,0.4427075676984602,38.87869830907007,4.392365230728851,379.9920954217065,56.99881431325597,0.6915927991229074,False,False,True
4552,3.90717094123896,16.65167301609657,81.53419544243415,1.2409642342993692,0.6075381037704741,23.894908642991567,13.321338412877257,1.95358547061948,1.5628683764955842,0.8,0.8,1.0,4.2955589416651705,7.952690157981658,1.240964234299367,0.6075381037704769,0.8200000000000001,OK,4421,42.30802262974608,4.236980372018889,0.5421962615462163,0.44298148480613353,41.76582636819986,4.679961856825023,426.79972003067564,64.01995800460135,0.6608567694890591,False,False,True
4584,3.5073035336372715,16.171245062233734,89.33092785991722,1.374084882326028,0.6075381037704741,24.099400441674177,12.936996049786988,1.7536517668186358,1.4029214134549086,0.8,0.8,1.0,5.073137693526487,9.180808688808796,1.374084882326024,0.6075381037704727,0.8200000000000001,OK,4452,36.96198930390936,3.0991236892599314,0.5447554849463992,0.44467294314657374,36.41723381896296,3.5437966324065053,372.0665700725685,55.80998551088527,0.6622827253144553,False,False,True
4600,5.267277941450287,16.71718663651576,83.05775123554758,1.33317681538716,0.6075381037704741,24.07114443958708,13.373749309212608,2.633638970725144,2.1069111765801147,0.8,0.8,1.0,3.906465722717968,7.414602298112829,1.3331768153871597,0.60753810377048,0.8200000000000001,OK,4467,44.93245919642662,4.640101562242111,0.5416378161458141,0.4433370301481648,44.390821380280805,5.083438592390276,577.634688793393,86.64520331900896,0.5185798806541545,True,False,True
4606,3.5696598277032736,14.954913647978568,82.81970587460788,0.5616122512543975,0.6075381037704741,21.68837118855572,11.963930918382855,1.7848299138516368,1.4278639310813095,0.8,0.8,1.0,5.316299415078429,9.053349911532944,0.561612251254393,0.6075381037704765,0.8200000000000001,OK,4473,36.455390992360385,5.135140220142369,0.5522816878070733,0.4443165830740615,35.90310930455331,5.579456803216431,350.19874136230095,52.52981120434514,0.6939943273457813,False,False,True
4609,4.6770104180037135,16.77987263626897,75.24890820277042,1.281453157393884,0.6075381037704741,22.837160196714528,13.423898109015177,2.3385052090018568,1.8708041672014848,0.8,0.8,1.0,3.611299233720541,6.80047970304836,1.2814531573938772,0.6075381037704719,0.8200000000000001,OK,4476,47.992304935360636,6.744441233659,0.5432400534458959,0.44226063650479086,47.44906488191474,7.186701870163791,514.8264327098915,77.22396490648373,0.6214690607181087,False,False,True
4616,5.187685194146658,16.642855590790404,86.00563495584734,0.6036806802482629,0.6075381037704741,24.47667351288541,13.314284472632323,2.593842597073329,2.075074077658664,0.8,0.8,1.0,4.4374537699770045,8.185901839539756,0.603680680248256,0.6075381037704778,0.8200000000000001,OK,4483,43.620754133102565,3.898302226430505,0.5417148273033133,0.44368130857162447,43.07903930579925,4.34198353500213,566.3765947205179,84.9564892080777,0.5134481725847386,True,False,True
4627,4.776946722505902,16.76026927325269,77.18060561078408,1.8031773511061835,0.6075381037704741,23.00004902071094,13.408215418602152,2.388473361252951,1.9107786890023608,0.8,0.8,1.0,3.518929996260816,6.745749335565227,1.8031773511061808,0.6075381037704717,0.8200000000000001,OK,4494,47.47758556474961,6.41226005384749,0.5477332679329167,0.4428808258600838,46.92985229681669,6.855140879707574,525.2127117280661,78.78190675920992,0.6026458043197754,False,False,True
4628,4.593891914980593,16.712611385379006,85.23137565009614,1.1711941062070237,0.6075381037704741,24.45633510066351,13.370089108303205,2.2969459574902964,1.8375567659922367,0.8,0.8,1.0,4.33062907759642,8.08834001891152,1.171194106207022,0.6075381037704827,0.8200000000000001,OK,4495,42.40289343827838,3.6660278667749164,0.5414116619473177,0.44281307938303877,41.86148177633107,4.108840946157955,503.6501029090743,75.54751543636115,0.5612744931896171,False,False,True
4699,4.919009837039486,16.730670516601425,78.07412216198408,1.5280099039318509,0.6075381037704741,23.20223039405311,13.38453641328114,2.459504918519743,1.9676039348157943,0.8,0.8,1.0,3.6327259868004,6.908786106757029,1.528009903931845,0.6075381037704787,0.8200000000000001,OK,4564,47.180788705134354,6.127304416802628,0.5457951898094813,0.4424428689265491,46.63499351532487,6.569747285729177,539.8770635053736,80.98155952580603,0.582611510341431,True,False,True
4714,5.253129043752594,16.641812146068542,77.88437435648447,0.5376558725432201,0.6075381037704741,23.295712961535216,13.313449716854834,2.626564521876297,2.101251617501038,0.8,0.8,1.0,3.893585518501766,7.195287951519669,0.537655872543218,0.6075381037704872,0.8200000000000001,OK,4579,47.34907482046062,6.199901352738865,0.54400257697662,0.4450082533006103,46.805072243484005,6.644909606039476,573.485608917229,86.02284133758435,0.5504244463937891,True,False,True
4717,4.124679635252559,16.719301606747884,84.72587238413945,1.1498812513240078,0.6075381037704741,24.436071312582712,13.375441285398308,2.06233981762628,1.6498718541010238,0.8,0.8,1.0,4.451517152904327,8.26322506290942,1.149881251324006,0.6075381037704731,0.8200000000000001,OK,4581,41.58241153684227,3.553228927600746,0.5423911179942925,0.44267624257315086,41.04002041884798,3.995905170173897,452.3891643156695,67.85837464735043,0.6127823095224383,False,False,True
4733,3.520835187789388,14.56158010707949,87.44883975539665,1.2961202091792927,0.6075381037704741,21.488111930743564,11.649264085663592,1.760417593894694,1.4083340751157554,0.8,0.8,1.0,5.4739058475594256,9.345864043863688,1.2961202091792896,0.6075381037704773,0.8200000000000001,OK,4596,33.9655523600414,4.558878904892754,0.5485913288597011,0.4442852553776807,33.4169610311817,5.003164160270434,336.3241390181755,50.44862085272633,0.6732701862989748,False,False,True
4783,4.823410702290919,16.76504756534959,83.15663725034698,1.0572319953074245,0.6075381037704741,24.25050470608201,13.412038052279671,2.41170535114546,1.929364280916368,0.8,0.8,1.0,4.1419966929329135,7.758535614506705,1.0572319953074245,0.6075381037704676,0.8200000000000001,OK,4644,43.999544897683315,4.226843688481295,0.5418094466448408,0.4427863989978096,43.457735451038474,4.669630087479105,530.4724966233704,79.57087449350556,0.5529604290232413,False,False,True
4784,3.506636885724976,15.795367953735042,88.32281913280087,1.2010695766456445,0.6075381037704741,23.4405193799009,12.636294362988034,1.753318442862488,1.4026547542899903,0.8,0.8,1.0,5.191935341043781,9.226139323571124,1.2010695766456396,0.6075381037704731,0.8200000000000001,OK,4645,36.36546131221031,3.4774371698494644,0.5424975232659797,0.44385063223335863,35.82296378894433,3.921287802082823,363.3493464794859,54.502401971922886,0.6672267642615844,False,False,True
4794,3.788214413485507,16.727423489459937,62.020683256467485,1.2509735621745863,0.6075381037704741,19.82381379987736,13.38193879156795,1.8941072067427536,1.515285765394203,0.8,0.8,1.0,3.223290475115548,5.9034920526084615,1.250973562174584,0.6075381037704813,0.8200000000000001,OK,4655,47.19839689434899,9.719411878125689,0.543386124362823,0.44379427667570504,46.65501076998616,10.163206154801394,415.687957966908,62.3531936950362,0.7569523563651296,False,True,True
4825,3.58110908228412,16.424579164279507,77.64453291360901,1.002742364447593,0.6075381037704741,23.051673109181984,13.139663331423606,1.7905545411420598,1.4324436329136478,0.8,0.8,1.0,4.31479462349402,7.827993961921001,1.0027423644475897,0.6075381037704735,0.8200000000000001,OK,4684,42.35840502250455,5.165512442422996,0.5412928610263745,0.44304596236935334,41.81711216147817,5.608558404792349,385.8474550933969,57.87711826400954,0.7318679003554469,False,False,True
4832,4.666364463047173,16.747289667987147,82.12089880853847,0.5859498938567611,0.6075381037704741,24.184246407732424,13.39783173438972,2.3331822315235864,1.8665457852188687,0.8,0.8,1.0,4.301906966121013,7.9322856165200974,0.5859498938567592,0.607538103770475,0.8200000000000001,OK,4691,44.25315773634156,4.412104470419998,0.5438260315354697,0.44239233915697396,43.70933170480609,4.854496809576972,512.6571602753831,76.89857404130747,0.5754743607153258,False,False,True
4878,4.907703688614913,16.631420632687405,79.74381408248763,1.287583573443806,0.6075381037704741,23.43653133179579,13.305136506149925,2.4538518443074566,1.963081475445965,0.8,0.8,1.0,3.85668577701341,7.24351647455552,1.287583573443805,0.6075381037704616,0.8200000000000001,OK,4737,45.87128839122296,5.471957208931173,0.5433358073852147,0.44209254137065673,45.32795258383775,5.91404975030183,535.4408735718067,80.31613103577101,0.5711341893547253,False,False,True
4886,3.5439390194604194,16.06895209023533,87.77932649901697,0.8338573771764638,0.6075381037704741,23.82763830835729,12.855161672188268,1.7719695097302095,1.417575607784168,0.8,0.8,1.0,5.198884984901948,9.25544609201996,0.8338573771764589,0.6075381037704647,0.8200000000000001,OK,4745,37.76221573477914,3.3459701213260655,0.5416991681091092,0.4428901241256755,37.22051656667003,3.7888602454517413,373.5748542226284,56.03622813339426,0.673889321117156,False,False,True
4934,5.273065659933817,16.774233456304145,79.44489047944738,1.2441680196599822,0.6075381037704741,23.55845923319372,13.419386765043315,2.6365328299669084,2.109226263973526,0.8,0.8,1.0,3.689819618064771,7.009619078052886,1.2441680196599771,0.6075381037704818,0.8200000000000001,OK,4791,47.07922399618712,5.763667787238965,0.5448047699918805,0.4432204091674029,46.53441922619524,6.206888196406368,580.2427217305861,87.03640825958792,0.5409141408474984,True,False,True
4950,3.746906999122601,16.60776752277321,67.884601095336,1.8869801269643087,0.6075381037704741,20.827421967845424,13.286214018218567,1.8734534995613008,1.4987627996490405,0.8,0.8,1.0,3.3766467930271844,6.2844784296165255,1.8869801269643065,0.6075381037704926,0.8200000000000001,OK,4807,46.751878727193876,7.9087047004648925,0.542570279504499,0.4425320322748543,46.20930844768938,8.351236732739746,408.21410803297255,61.23211620494588,0.7635189117213231,False,False,True
4953,4.545934612490267,16.559548339926558,77.8371360281051,0.9353619786262156,0.6075381037704741,23.1510267161748,13.247638671941246,2.2729673062451337,1.818373844996107,0.8,0.8,1.0,4.002008974564813,7.376959248181066,0.9353619786262112,0.6075381037704707,0.8200000000000001,OK,4810,45.64190543026182,5.717447531539421,0.5418226517200039,0.44185123217996153,45.10008277854182,6.159298763719383,493.82777321484696,74.07416598222704,0.6161649587956602,False,False,True
4963,3.56018823302186,15.87882856165631,84.34406761669858,1.4223506094872505,0.6075381037704741,23.11158708839477,12.703062849325049,1.7800941165109296,1.4240752932087437,0.8,0.8,1.0,4.784194720288376,8.587202955995135,1.422350609487249,0.6075381037704778,0.8200000000000001,OK,4820,37.9140806910279,4.086223013377221,0.5403234920508294,0.44227264274265415,37.37375719897707,4.528495656119874,370.8474180119343,55.627112701790146,0.6815755635975652,False,False,True
4995,3.504774717186585,16.5766599442439,62.61224931663423,1.4541867740093528,0.6075381037704741,19.74486404070068,13.26132795539512,1.7523873585932923,1.401909886874634,0.8,0.8,1.0,3.338874646909275,6.074912121086815,1.4541867740093504,0.6075381037704841,0.8200000000000001,OK,4852,45.582297853134186,9.151023021330793,0.5463598553821605,0.4444397334446709,45.03593799775203,9.595462754775465,381.11932886198565,57.167899329297846,0.7973407871884811,False,True,True
4996,5.333811893065246,16.672389406636274,75.93480950182828,0.6148482090196793,0.6075381037704741,22.94317218761789,13.33791152530902,2.666905946532623,2.1335247572260982,0.8,0.8,1.0,3.710057406594085,6.8891250633007495,0.6148482090196763,0.6075381037704762,0.8200000000000001,OK,4853,48.52457790395085,6.952458715987507,0.5445023924466039,0.4470943021685755,47.980075511504246,7.399553018156082,583.3636712032311,87.50455068048467,0.5545377643402132,False,False,True
5013,3.7759329287275727,16.799695604519012,76.83532852686957,0.9997651652378104,0.6075381037704741,23.43804800616712,13.439756483615213,1.8879664643637863,1.5103731714910291,0.8,0.8,1.0,4.072090147262493,7.523080522029387,0.9997651652378085,0.6075381037704805,0.8200000000000001,OK,4870,44.414902385713134,5.320515974329914,0.5406789961300948,0.44293499346504034,43.87422338958304,5.763450967794954,416.13047629661304,62.41957144449196,0.7115541064746033,False,False,True
5020,4.591138017639172,16.796808231345686,73.65279464677732,1.5302094392747407,0.6075381037704741,22.437240918877976,13.43744658507655,2.295569008819586,1.8364552070556688,0.8,0.8,1.0,3.459193221227736,6.555791071691434,1.530209439274734,0.6075381037704739,0.8200000000000001,OK,4877,48.60382870537458,7.227622289999654,0.5426909713894393,0.44236815566172305,48.06113773398514,7.6699904456613766,505.884009389273,75.88260140839095,0.6405134748055706,False,False,True
5049,3.560827927686403,16.37448970246517,74.79964068400659,1.078252291679488,0.6075381037704741,22.454046510390057,13.099591761972135,1.7804139638432015,1.4243311710745612,0.8,0.8,1.0,4.142619840084858,7.500328859137124,1.0782522916794866,0.6075381037704854,0.8200000000000001,OK,4904,43.360683578498616,6.080575142449448,0.5421855025778556,0.44299099404355147,42.81849807592076,6.523566136493,382.4922159360332,57.37383239040498,0.7557571417479534,False,False,True
5068,3.5219189679589378,14.505079089419318,82.38147021915549,0.6096778080922379,0.6075381037704741,20.96587346143964,11.604063271535455,1.7609594839794689,1.4087675871835752,0.8,0.8,1.0,5.431693217311789,9.120769890498044,0.6096778080922307,0.6075381037704715,0.8200000000000001,OK,4923,35.4048060886374,5.530988538514584,0.5548789652959808,0.4452483575796327,34.849927123341416,5.976236896094217,335.1222784396142,50.26834176594213,0.7043161728606077,False,False,True
5112,4.59682136739674,16.79362361187338,84.67158259966098,1.521270857583889,0.6075381037704741,24.45617313490672,13.434898889498704,2.29841068369837,1.838728546958696,0.8,0.8,1.0,4.130250911564154,7.828072628492199,1.5212708575838851,0.5089250249104179,0.8200000000000001,OK,4963,42.80462401298319,3.8544456106196443,0.5420441365157944,0.4434173224165376,42.2625798764674,4.297862933036182,506.41420832931146,75.96213124939672,0.5634995136253913,False,False,True
5121,4.765163306697318,16.679101295978672,73.85498700069779,1.9999925875011124,0.6075381037704741,22.077344099434768,13.34328103678294,2.382581653348659,1.906065322678927,0.8,0.8,1.0,3.29984111030338,6.33606201173818,1.9999925875011093,0.6075381037704669,0.8200000000000001,OK,4971,48.635848001180065,7.374582861417212,0.5461041745278523,0.44311406624705,48.08974382665221,7.8176969276642625,521.3798881369113,78.2069832205367,0.6218862561675768,False,False,True
5126,3.5288396127227086,15.679527016272734,71.54355829228146,1.5670096037646155,0.6075381037704741,20.6005955867864,12.543621613018187,1.7644198063613543,1.4115358450890836,0.8,0.8,1.0,4.0578602594365165,7.200155221515017,1.5670096037646108,0.6075381037704735,0.8200000000000001,OK,4975,42.12986111600705,7.511159048347704,0.5408146636081687,0.44198179148230815,41.58904645239888,7.953140839830012,362.96831644719106,54.44524746707866,0.7738023624831839,False,True,True
5132,3.5401461433746766,15.260067353360617,65.53034280147253,1.481442343347048,0.6075381037704741,18.70739275367529,12.208053882688493,1.7700730716873383,1.416058457349871,0.8,0.8,1.0,3.930956723128382,6.807524737026634,1.481442343347047,0.6075381037704757,0.8200000000000001,OK,4981,40.7612064713834,8.931584800830851,0.5496046363562715,0.44419943496054376,40.21160183502713,9.375784235791395,354.39001794146134,53.1585026912192,0.7667862036700368,False,False,True
5152,5.212716375674172,16.789062144031195,70.75853862244489,1.3195678648146143,0.6075381037704741,21.708011199853942,13.431249715224958,2.606358187837086,2.085086550269669,0.8,0.8,1.0,3.1789822547309683,6.04943218010645,1.3195678648146092,0.607538103770477,0.8200000000000001,OK,5001,50.87249216539661,8.545968805944991,0.5442646157705824,0.4438018021910431,50.32822754962603,8.989770608136034,574.109021757842,86.1163532636763,0.5907413660403398,False,False,True
5156,4.535143082119716,16.703715752940873,65.6342440641338,0.8442277609067381,0.6075381037704741,20.770510231601648,13.362972602352698,2.267571541059858,1.8140572328478863,0.8,0.8,1.0,3.2937791113403314,6.063346523932514,0.8442277609067379,0.6075381037704695,0.8200000000000001,OK,5005,49.711574012711544,9.756637209967002,0.5450017851872957,0.4445116740056333,49.16657222752425,10.201148883972635,496.9445405837442,74.54168108756163,0.6668963362164722,False,True,True
5187,3.6007104613370724,15.15350001037178,72.73128961431286,1.7809671084996517,0.6075381037704741,19.98811957504969,12.122800008297425,1.8003552306685362,1.440284184534829,0.8,0.8,1.0,4.20591816425063,7.366356797845084,1.7809671084996486,0.6075381037704862,0.8200000000000001,OK,5033,40.504638698567184,7.579733479741946,0.5402057617545604,0.44288159043122804,39.96443293681262,8.022615070173174,357.93568104670425,53.69035215700564,0.7544118649123452,False,False,True
5196,4.536876315823329,16.664917747133053,81.89777914891482,1.3069556129876507,0.6075381037704741,23.886840471940268,13.331934197706444,2.2684381579116644,1.8147505263293315,0.8,0.8,1.0,4.091457378583023,7.65717947880314,1.3069556129876494,0.607538103770473,0.8200000000000001,OK,5042,43.819872141764215,4.52836463047146,0.5427140306519342,0.4426058351667342,43.27715811111228,4.970970465638194,495.9797593466535,74.39696390199802,0.5890008119079625,False,False,True
5214,4.520378205187013,16.773622947148823,81.90810774283085,1.2925857572914938,0.6075381037704741,24.0579292290007,13.418898357719058,2.2601891025935066,1.808151282074805,0.8,0.8,1.0,4.065620697556014,7.641494529620255,1.2925857572914956,0.6075381037704748,0.8200000000000001,OK,5058,43.99530705302165,4.448886447102139,0.5432350896648547,0.44285475382363404,43.452071963356794,4.8917412009257735,497.39966452559497,74.60994967883924,0.5896707777233567,False,False,True
5219,3.56053066934588,16.146577793920272,83.3487461488238,0.9922631671202392,0.6075381037704741,23.46282376656588,12.91726223513622,1.78026533467294,1.4242122677383522,0.8,0.8,1.0,4.791478670290573,8.599618301654552,0.9922631671202334,0.607538103770468,0.8200000000000001,OK,5062,39.19904672000964,3.97584222626263,0.5414195491903636,0.4421526136268701,38.657627170819275,4.4179948398895,377.13692848792374,56.57053927318856,0.6929233347186406,False,False,True
5225,5.057148269847258,16.736808801695574,84.94375249231362,0.7087052099379336,0.6075381037704741,24.48691927854132,13.38944704135646,2.528574134923629,2.0228593079389032,0.8,0.8,1.0,4.331715701367738,8.039917866616605,0.7087052099379311,0.6075381037704747,0.8200000000000001,OK,5067,43.81803632928942,3.9665856235993,0.5409149850374617,0.44320726706902,43.27712134425196,4.40979289066832,555.24183530314,83.286275295471,0.5261135303966725,True,False,True
5236,3.5124576319958933,15.741353915987702,80.59309044492835,1.0745627191979594,0.6075381037704741,22.47657220293204,12.593083132790165,1.756228815997947,1.4049830527983571,0.8,0.8,1.0,4.733264248389851,8.372686499016421,1.0745627191979583,0.6075381037704811,0.8200000000000001,OK,5078,38.86340363745829,4.892877925528537,0.5435911480814735,0.44259676066399534,38.319812489376815,5.335474686192532,362.707901873046,54.406185280956905,0.7143195840098928,False,False,True
5250,3.569481207997158,15.265113542460298,74.702122221398,1.063681311363446,0.6075381037704741,20.83118704828631,12.21209083396824,1.784740603998579,1.427792483198863,0.8,0.8,1.0,4.528846591714814,7.850220690793098,1.063681311363441,0.6075381037704757,0.8200000000000001,OK,5092,39.4808515685127,6.768277264785655,0.545957377815772,0.4435621951743717,38.93489419069692,7.211839459960027,357.4447956860726,53.61671935291089,0.7363533622533966,False,False,True
5254,3.5921722714123336,15.933672628467535,80.9776207532365,0.8376352211289859,0.6075381037704741,22.865057242947323,12.746938102774031,1.7960861357061668,1.4368689085649335,0.8,0.8,1.0,4.753578450819685,8.432748009418173,0.8376352211289855,0.6075381037704765,0.8200000000000001,OK,5095,39.58386979299346,4.64705917543,0.5431954381227375,0.4423241942837052,39.040674354870724,5.089383369713705,375.4714203051925,56.320713045778874,0.7028296989212247,False,False,True
5257,3.804874814550677,16.648624052174238,73.32425658785027,1.6196012909892938,0.6075381037704741,22.281301576259764,13.318899241739391,1.9024374072753385,1.5219499258202709,0.8,0.8,1.0,3.7084745884880768,6.903792556558983,1.61960129098929,0.6075381037704624,0.8200000000000001,OK,5098,46.09904837912799,6.766983322174543,0.5400176811902145,0.4421680199987977,45.55903069793778,7.209151342173341,415.549303115945,62.332395467391756,0.7395680533927821,False,False,True
5270,3.5488514023536464,15.759578808322631,76.64708633099565,0.9646568428275032,0.6075381037704741,21.92408039219798,12.607663046658107,1.7744257011768232,1.4195405609414586,0.8,0.8,1.0,4.511171509458233,7.956113816397327,0.964656842827498,0.6075381037704796,0.8200000000000001,OK,5110,40.42743551415392,5.88401311558886,0.5429561691065015,0.44316166037660876,39.88447934504742,6.327174775965468,366.8903260049859,55.03354890074789,0.734596193079682,False,False,True
5296,3.649180526293702,16.68945031093096,82.89264272248921,1.3679066660024035,0.6075381037704741,24.14929627593954,13.35156024874477,1.824590263146851,1.4596722105174809,0.8,0.8,1.0,4.406425714513329,8.172918592853414,1.3679066660024009,0.6075381037704732,0.8200000000000001,OK,5136,41.07860209185786,3.814779244640145,0.5424818298016678,0.44339222342907364,40.536120262056194,4.258171468069219,399.5224799739234,59.92837199608851,0.6854616723868127,False,False,True
5298,3.5799632833316752,15.1340176037841,70.49412171935866,1.6835631720684074,0.6075381037704741,19.54012478417188,12.10721408302728,1.7899816416658376,1.43198531333267,0.8,0.8,1.0,4.138679810329624,7.209157608590953,1.6835631720684052,0.6075381037704835,0.8200000000000001,OK,5138,40.57569731960089,8.003624514086717,0.5405764524145663,0.4425394813998929,40.03512086718632,8.446163995486609,355.4157314215255,53.31235971322883,0.761093628904453,False,False,True
5338,3.9529395288010334,16.648247730400783,74.03875490774254,1.88307206133428,0.6075381037704741,22.29234912753724,13.318598184320628,1.9764697644005167,1.5811758115204138,0.8,0.8,1.0,3.6144456914016345,6.798693884621253,1.8830720613342784,0.6075381037704866,0.8200000000000001,OK,5178,46.36333702235887,6.744413468833144,0.5417354897645101,0.4428564420282218,45.82160153259436,7.187269910861366,431.71042849435315,64.75656427415298,0.7159635095227619,False,False,True
5362,3.550913910443204,16.393250995797242,78.18765936738093,0.944858328931858,0.6075381037704741,23.116630126842253,13.114600796637797,1.775456955221602,1.4203655641772817,0.8,0.8,1.0,4.389045626802162,7.940706056377504,0.9448583289318564,0.607538103770477,0.8200000000000001,OK,5202,41.89407314978255,4.993469614311905,0.5416943899314732,0.4429969293350903,41.35237875985108,5.436466543646995,381.8643108692635,57.27964663038952,0.7313954539579124,False,False,True
5372,3.6170687154873606,16.614882450756888,71.05642938507773,1.8352647567507847,0.6075381037704741,21.669936821762143,13.291905960605511,1.8085343577436803,1.4468274861949444,0.8,0.8,1.0,3.5891608808373867,6.67816379030778,1.8352647567507807,0.6075381037704768,0.8200000000000001,OK,5212,45.942830452837704,7.199977082224323,0.5418093801792109,0.44247367760531037,45.401021072658494,7.642450759829633,394.2374451983105,59.13561677974658,0.7769062530277475,False,False,True
5377,3.540299062624226,16.016085338888516,87.91064468796105,1.5832434926467471,0.6075381037704741,23.716573277629465,12.812868271110814,1.770149531312113,1.4161196250496904,0.8,0.8,1.0,4.925340376982106,8.918223247578801,1.583243492646742,0.6075381037704678,0.8200000000000001,OK,5217,36.873581075847156,3.4272638906040678,0.5444736438817698,0.44359456480813997,36.32910743196538,3.8708584554122076,371.96336134387866,55.794504201581795,0.6608819560906104,False,False,True
5385,3.518566992986848,16.41708587419577,79.40904616084934,0.5624448790104823,0.6075381037704741,23.45354942427304,13.133668699356615,1.759283496493424,1.4074267971947392,0.8,0.8,1.0,4.602344973206023,8.264515893389532,0.5624448790104836,0.6075381037704759,0.8200000000000001,OK,5225,41.33010672348412,4.605631804658853,0.5451857040921269,0.4429861144329779,40.784921019391994,5.048617919091831,378.93588409552177,56.84038261432826,0.7271257655655835,False,False,True
5405,4.712605143968717,16.62911452854899,68.40176442118121,1.1743711524396503,0.6075381037704741,21.11436625194729,13.303291622839192,2.3563025719843584,1.8850420575874869,0.8,0.8,1.0,3.311881823503601,6.157893856914638,1.1743711524396483,0.6075381037704728,0.8200000000000001,OK,5244,49.92816305942092,8.88396904165773,0.5415182511293778,0.44232703233622167,49.38664480829154,9.326296073993952,514.083916374765,77.11258745621474,0.6474709863389113,False,False,True
5410,3.977908317803003,16.708611329842412,75.47834087340213,1.1488822710245177,0.6075381037704741,22.962935097770576,13.36688906387393,1.9889541589015007,1.5911633271212011,0.8,0.8,1.0,3.9109240402528656,7.237654910976916,1.1488822710245137,0.6075381037704781,0.8200000000000001,OK,5249,45.619863816057396,6.044703886185433,0.5395505382776702,0.44222370598084537,45.08031327777972,6.486927592166278,436.0125253607397,65.40187880411095,0.6975313958899584,False,False,True
5413,3.846319959282704,16.726843564525822,77.879232397131,1.8017900190603595,0.6075381037704741,23.24217708999514,13.38147485162066,1.923159979641352,1.538527983713082,0.8,0.8,1.0,3.863533624223756,7.278791834700208,1.8017900190603573,0.6075381037704852,0.8200000000000001,OK,5252,44.58190218242343,5.533122626366559,0.5458621984519527,0.44387213196747655,44.03603998397148,5.976994758334036,422.04935721271045,63.30740358190657,0.7042130882013468,False,False,True
5416,3.7491026059609815,16.609052736313036,64.87874771234311,1.6180331461880189,0.6075381037704741,20.20835696235732,13.28724218905043,1.8745513029804908,1.4996410423843929,0.8,0.8,1.0,3.311034889925722,6.099476480713701,1.6180331461880153,0.607538103770473,0.8200000000000001,OK,5255,46.88225703583419,8.652452314790281,0.5436914671409493,0.44315174236533583,46.33856556869324,9.095604057155617,408.48492139943005,61.27273820991451,0.7651405568855123,False,False,True
5422,4.515503797545692,16.626720777164767,77.39000061325206,0.9107370383622442,0.6075381037704741,23.18458091298791,13.301376621731814,2.257751898772846,1.806201519018277,0.8,0.8,1.0,3.9689435949985175,7.329728411884584,0.9107370383622396,0.607538103770476,0.8200000000000001,OK,5261,45.91078634490076,5.798671289225066,0.5416644749053922,0.44191691350519857,45.36912186999537,6.240588202730264,492.5118165137271,73.87677247705908,0.6214508945847278,False,False,True
5425,4.831326842328046,16.68397903709922,76.31501931491496,0.9012669362248276,0.6075381037704741,23.01999751831515,13.347183229679375,2.415663421164023,1.9325307369312184,0.8,0.8,1.0,3.788293186784568,7.042537613564159,0.9012669362248238,0.6075381037704759,0.8200000000000001,OK,5264,47.389814440046464,6.411418575335154,0.5423303540963644,0.4423621761114236,46.8474840859501,6.853780751446577,528.7737577775699,79.31606366663549,0.5974806646888746,False,False,True
5433,3.5459305328839275,15.643956978818233,75.28107035262086,0.601592014509138,0.6075381037704741,21.6626777346939,12.515165583054587,1.7729652664419635,1.418372213153571,0.8,0.8,1.0,4.594737678023911,8.002768407326979,0.6015920145091376,0.6075381037704689,0.8200000000000001,OK,5272,40.125893014985216,6.29097466367468,0.5449268096587916,0.44431808061435424,39.580966205326426,6.735292744289034,363.898843673421,54.58482655101315,0.7351107542218697,False,False,True
5435,5.336413765247477,16.68206601267992,69.9457832729878,1.5048150566359828,0.6075381037704741,21.23083781147595,13.345652810143935,2.6682068826237386,2.134565506098991,0.8,0.8,1.0,3.0756314148941613,5.871539007848824,1.5048150566359797,0.607538103770476,0.8200000000000001,OK,5274,51.10660891223805,8.80108922699841,0.5437785924034046,0.4434828210034883,50.562830319834646,9.2445720480019,583.9869879705794,87.59804819558691,0.5834217766830647,True,False,True
5453,4.169695890777714,16.700043776668164,80.97579284733874,1.2183322541845325,0.6075381037704741,23.85714238701188,13.360035021334532,2.084847945388857,1.6678783563110855,0.8,0.8,1.0,4.168391091785278,7.754990943433249,1.2183322541845267,0.6075381037704782,0.8200000000000001,OK,5292,43.417369265927164,4.502366186582536,0.5430135559082301,0.44279941338043566,42.87435571001893,4.945165599962972,456.79972165866053,68.51995824879909,0.633645588461638,False,False,True
5479,3.5167764863951354,15.274853013996264,79.42176617246096,0.819635977439058,0.6075381037704741,21.68482803863528,12.219882411197013,1.7583882431975677,1.4067105945580545,0.8,0.8,1.0,4.909754101339615,8.488459910667057,0.8196359774390569,0.6075381037704736,0.8200000000000001,OK,5317,37.86193861619206,5.504711786946318,0.5479773329272262,0.4430849275844307,37.31396128326484,5.947796714530749,352.3916800677314,52.85875201015971,0.7162851406123779,False,False,True
5523,4.290490858793111,16.758729798889938,64.27056864883119,1.7613410031951504,0.6075381037704741,20.256182802532702,13.406983839111952,2.145245429396556,1.7161963435172447,0.8,0.8,1.0,3.0079114640875453,5.649955905234103,1.7613410031951475,0.6075381037704739,0.8200000000000001,OK,5358,49.183923108403185,8.95985805776884,0.5432061873763905,0.4430643604317266,48.640716921026794,9.402922418200566,471.6848411667138,70.75272617500707,0.6951523392433899,False,False,True
5532,4.809188481245887,16.545155775362595,71.30824636646362,1.064999031056478,0.6075381037704741,21.71278841946642,13.236124620290076,2.4045942406229432,1.9236753924983547,0.8,0.8,1.0,3.501803940465493,6.485004163516296,1.0649990310564716,0.6075381037704725,0.8200000000000001,OK,5367,49.26885052841204,8.186860876705914,0.5399270404469725,0.4424129804829084,48.72892348796506,8.629273857188823,521.9711480939199,78.29567221408797,0.6292665882437746,False,False,True
5544,3.870693241986751,16.762305194757865,71.26253704715118,1.4283708047066512,0.6075381037704741,22.06338267595825,13.409844155806292,1.935346620993376,1.5482772967947005,0.8,0.8,1.0,3.597357517677967,6.6950547866548025,1.4283708047066477,0.6075381037704707,0.8200000000000001,OK,5379,47.18249134687798,7.299597740584388,0.540639097188476,0.4417675982312216,46.64185224968951,7.741365338815609,425.6242238297945,63.84363357446917,0.7390320491681113,False,False,True
5554,5.391323714355561,16.73768617787017,77.16342102998937,1.815256127623308,0.6075381037704741,22.85545857081652,13.390148942296136,2.6956618571777806,2.1565294857422246,0.8,0.8,1.0,3.327079136202155,6.45290505313123,1.8152561276233048,0.6075381037704762,0.8200000000000001,OK,5388,48.75661816945072,6.893373494067101,0.5478359200060147,0.4438080620459421,48.2087822494447,7.337181556113044,591.9631457571044,88.79447186356566,0.5490951986782033,True,False,True
5576,3.7881321396719696,16.69200587041335,69.13863676892554,1.341020668088705,0.6075381037704741,21.540117410348977,13.35360469633068,1.8940660698359848,1.515252855868788,0.8,0.8,1.0,3.5628946967729185,6.574406501322301,1.3410206680887018,0.6075381037704746,0.8200000000000001,OK,5408,47.10160885215219,7.840438186431024,0.5429841824771875,0.4419382947936621,46.558624669675005,8.282376481224686,414.7987968712874,62.21981953069311,0.7570193743316294,False,False,True
5587,5.451940036741409,16.64961543938054,66.86209142850365,1.3859506156935737,0.6075381037704741,20.415912305026943,13.319692351504433,2.7259700183707043,2.180776014696564,0.8,0.8,1.0,2.92917293174839,5.571704881289312,1.3859506156935686,0.6075381037704742,0.8200000000000001,OK,5419,51.77811309542782,9.62092171730243,0.5441019767970451,0.4433675116941113,51.234011118630775,10.064289228996541,595.4689448676118,89.32034173014176,0.5796900469980506,True,False,True
5615,3.526575790941678,15.766303483173642,75.29375105870747,1.0997535162769494,0.6075381037704741,21.65623894206973,12.613042786538914,1.763287895470839,1.4106303163766714,0.8,0.8,1.0,4.389832836592735,7.758556521634045,1.099753516276945,0.6075381037704776,0.8200000000000001,OK,5445,40.94760661092468,6.29664503248376,0.5430966336612107,0.44318806855753795,40.40450997726347,6.739833101041298,364.7429809971816,54.71144714957724,0.7484285052628349,False,False,True
5629,3.692391989699066,16.760820138358415,82.14944622459669,0.518180984262061,0.6075381037704741,24.324892171623667,13.408656110686731,1.846195994849533,1.4769567958796266,0.8,0.8,1.0,4.628226317701628,8.435290199923568,0.5181809842620593,0.6075381037704748,0.8200000000000001,OK,5459,41.867127195549344,3.857198362124575,0.5458994588678774,0.44238407155657966,41.321227736681465,4.299582433681155,405.9821182089788,60.897317731346824,0.6875036332511291,False,False,True
5637,3.517187807491573,15.698067054982664,84.76418810554136,0.9100607641832664,0.6075381037704741,22.96448229063965,12.558453643986132,1.7585939037457865,1.4068751229966292,0.8,0.8,1.0,5.084850992949303,8.950028654526314,0.9100607641832648,0.6075381037704685,0.8200000000000001,OK,5467,37.414777138432,4.076215149753636,0.5429291009297187,0.44250435223102613,36.87184803750228,4.518719501984662,362.1976083081243,54.32964124621864,0.6886623264981725,False,False,True
5639,3.969687637469222,16.686493586921614,82.28950314645923,1.7244463298125163,0.6075381037704741,23.95303673683636,13.349194869537293,1.984843818734611,1.5878750549876888,0.8,0.8,1.0,4.134683783341895,7.778686648426596,1.7244463298125148,0.6075381037704722,0.8200000000000001,OK,5469,42.38985035211342,4.312310898759578,0.5458593685784565,0.4439214575147876,41.843990983534965,4.756232356274365,434.53549751891194,65.18032462783678,0.6503473340175702,False,False,True
5651,3.618583249487494,15.042174488209966,89.4774557836935,1.1917261385939524,0.6075381037704741,22.39672359585869,12.033739590567974,1.809291624743747,1.4474332997949977,0.8,0.8,1.0,5.477937336244196,9.482557492827477,1.1917261385939468,0.6075381037704762,0.8200000000000001,OK,5481,34.55742604173064,3.943464657632902,0.545944932625636,0.44508167656535563,34.011481109105006,4.388546334198257,357.06972579121486,53.56045886868223,0.6452040697869561,False,False,True
5685,3.770477245281411,16.72427591290552,68.49211888579303,0.8225413465625129,0.6075381037704741,21.72239202097832,13.379420730324416,1.8852386226407047,1.5081908981125645,0.8,0.8,1.0,3.672047237450396,6.708803134204656,0.82254134656251,0.6075381037704728,0.8200000000000001,OK,5513,46.78895799485795,8.179199503521675,0.54556133292482,0.44355819123035023,46.24339666193313,8.622757694752025,413.66377163362375,62.04956574504356,0.754057783210117,False,False,True
5699,4.480831030489029,16.610912035010863,86.3197779852114,0.6380244202482787,0.6075381037704741,24.49541119391752,13.28872962800869,2.2404155152445147,1.792332412195612,0.8,0.8,1.0,4.684670266951748,8.565788347479455,0.6380244202482739,0.6075381037704658,0.8200000000000001,OK,5527,41.986593268055756,3.50937500193689,0.541346198768026,0.44232759400790345,41.44524706928773,3.9517025959447936,488.26532699827425,73.23979904974114,0.5732756481150416,False,False,True
5724,5.000411634165747,16.72628235808561,69.16759951424615,1.2417450874150413,0.6075381037704741,21.324396347494528,13.381025886468487,2.5002058170828736,2.000164653666299,0.8,0.8,1.0,3.2071857288587147,6.039348897577344,1.241745087415039,0.6075381037704769,0.8200000000000001,OK,5552,50.696405616190624,8.845882849124598,0.5418360329163455,0.4429258754422979,50.15456958327428,9.288808724566895,548.6672276621146,82.30008414931719,0.6159945781369075,False,False,True
5726,5.200789941850282,16.522920697950354,76.7965556810308,0.9510856457503444,0.6075381037704741,22.79143188010601,13.218336558360283,2.600394970925141,2.080315976740113,0.8,0.8,1.0,3.740791117787005,6.951173266034099,0.9510856457503402,0.6075381037704752,0.8200000000000001,OK,5554,47.78481375222077,6.6482531742626065,0.5428055881549271,0.4427989599027977,47.242008164065844,7.0910521341654045,563.7154929298388,84.55732393947581,0.5651173845854446,False,False,True
5732,4.827804277446532,16.60498071359563,86.95320233899207,0.810540057877826,0.6075381037704741,24.5234063650062,13.283984570876504,2.413902138723266,1.931121710978613,0.8,0.8,1.0,4.553405680920331,8.393653909381491,0.8105400578778224,0.5489165126076978,0.8200000000000001,OK,5559,42.28144035149986,3.515139688442585,0.5409274090361214,0.44276154298902126,41.74051294246374,3.9579012314316064,525.8863157690529,78.88294736535794,0.536002289007625,True,False,True
5744,3.503500718867495,14.783518726824994,85.65001757623115,0.895461776052872,0.6075381037704741,21.68205219806965,11.826814981459997,1.7517503594337476,1.4014002875469982,0.8,0.8,1.0,5.452935010680918,9.293405910687191,0.8954617760528715,0.6075381037704704,0.8200000000000001,OK,5571,34.99491022310087,4.699618111443687,0.5473805065607777,0.44410767033760135,34.44752971654009,5.1437257817812885,339.76908927355527,50.965363391033286,0.6866410419680786,False,False,True
5750,3.5612388617837136,16.17479378409065,69.77772406189978,1.4920829130686963,0.6075381037704741,20.94157088159784,12.93983502727252,1.7806194308918568,1.4244955447134855,0.8,0.8,1.0,3.8055389326532953,6.869190615936358,1.4920829130686908,0.6075381037704689,0.8200000000000001,OK,5577,44.36980108136414,7.70827266292117,0.5415765451204378,0.4419727329030234,43.8282245362437,8.150245395824193,377.87111558638276,56.680667337957416,0.7828030819893145,False,True,True
5769,4.6865505039784665,16.74651571237353,75.43125770615374,1.634715316862678,0.6075381037704741,22.6891218259655,13.397212569898825,2.3432752519892333,1.8746202015913864,0.8,0.8,1.0,3.510998179462668,6.6748523671029805,1.6347153168626751,0.6075381037704769,0.8200000000000001,OK,5596,48.02997673379888,6.8266227108655055,0.5454135061769018,0.44258716293502637,47.48456322762198,7.2692098738005315,514.8510492352011,77.22765738528017,0.6219271483813459,False,False,True
5771,4.286477054793673,16.76805708643788,64.37210093362522,1.4095886666664783,0.6075381037704741,20.24776924494516,13.414445669150306,2.1432385273968366,1.7145908219174697,0.8,0.8,1.0,3.121682889163516,5.820037364198388,1.409588666666475,0.6075381037704755,0.8200000000000001,OK,5598,49.32646147518475,9.294630316889839,0.5430492889350804,0.44270454044598373,48.78341218624967,9.737334857335822,471.505851221431,70.72587768321465,0.6974315920987345,False,True,True
5773,3.530556960443934,16.126134406430147,88.30584361351391,1.3832610901299087,0.6075381037704741,23.93475417523768,12.90090752514412,1.765278480221967,1.4122227841775736,0.8,0.8,1.0,5.001839241916059,9.044886049469614,1.3832610901299054,0.6075381037704788,0.8200000000000001,OK,5600,37.16390279445722,3.2539059649010276,0.5434183237702452,0.44371997389710593,36.620484470686975,3.6976259387981334,373.4885886433169,56.02328829649753,0.6633652526387074,False,False,True
5777,4.74218606041199,16.77756164764332,72.2605353236347,0.635655041922736,0.6075381037704741,22.471586159719067,13.422049318114658,2.371093030205995,1.896874424164796,0.8,0.8,1.0,3.629742086423878,6.713961293964873,0.6356550419227319,0.607538103770478,0.8200000000000001,OK,5604,48.86877005075239,7.736242737483396,0.542083959185635,0.44654481685841124,48.326686091566756,8.182787554341807,521.9288124639098,78.28932186958647,0.6242073488918127,False,False,True
5782,4.255489701963772,16.69277855595671,87.30025216455618,0.5531725058169997,0.6075381037704741,24.73532539899071,13.354222844765369,2.127744850981886,1.702195880785509,0.8,0.8,1.0,4.835252901436792,8.824717586901631,0.5531725058169961,0.6075381037704741,0.8200000000000001,OK,5609,41.48514092427178,3.2481093328365582,0.5422789227221634,0.442358438783883,40.94286200154962,3.6904677716204413,465.99581390775273,69.89937208616291,0.5934980484965482,True,False,True
5784,3.5588064318249475,15.093672180351822,83.3717643345381,1.424263545396696,0.6075381037704741,21.806704396169884,12.074937744281458,1.7794032159124735,1.4235225727299792,0.8,0.8,1.0,4.977005040000346,8.677913800424555,1.4242635453966928,0.6075381037704748,0.8200000000000001,OK,5611,36.26638065151964,4.909623398878806,0.5405779804846023,0.44223131199609467,35.72580267103504,5.351854710874901,352.37340208752437,52.85601031312865,0.6861354165149995,False,False,True
5823,4.973077965668649,16.741708368735807,79.89029616826147,1.1652466542000035,0.6075381037704741,23.651837313322588,13.393366694988648,2.4865389828343245,1.98923118626746,0.8,0.8,1.0,3.8515013544875054,7.25124282274453,1.165246654199999,0.6075381037704689,0.8200000000000001,OK,5648,46.0679975655433,5.3561299677765595,0.5436116811232639,0.44239590639269427,45.524385884420035,5.798525874169254,546.1713057351408,81.9256958602711,0.562314388444315,False,False,True
5833,3.5363389043528937,15.26443527617983,80.85894150782923,0.8895307369671953,0.6075381037704741,21.84488881478002,12.211548220943865,1.7681694521764468,1.4145355617411577,0.8,0.8,1.0,4.972111885402136,8.610839166202698,0.889530736967189,0.6075381037704719,0.8200000000000001,OK,5658,37.484318850555596,5.207990629993008,0.5471753218622205,0.44281718897037486,36.937143528693376,5.650807818963383,354.11021906006226,53.11653285900934,0.7056996538168757,False,False,True
5849,3.5029706730238583,16.564940900336357,73.77906690004376,1.490271139411477,0.6075381037704741,22.37523280804838,13.251952720269086,1.7514853365119292,1.4011882692095434,0.8,0.8,1.0,3.8989955906856544,7.177564008406334,1.4902711394114738,0.6075381037704843,0.8200000000000001,OK,5673,44.54579725359144,6.410022855721249,0.5422705187153627,0.44246386236075613,44.003526734876075,6.852486718082005,380.65385426309103,57.09807813946366,0.7801628129196762,False,False,True
5854,4.0696787926203015,16.622112835616928,71.11528554527507,1.9858110818205053,0.6075381037704741,21.510540268077264,13.297690268493543,2.0348393963101508,1.6278715170481206,0.8,0.8,1.0,3.400390229762096,6.407967899635656,1.9858110818205,0.6075381037704665,0.8200000000000001,OK,5678,47.40448360569154,7.49613058232137,0.5406913424713654,0.4427195396059423,46.863792263220176,7.938850121927312,443.7620902274766,66.5643135341215,0.7121606321590255,False,False,True
5870,3.513365827170265,15.397973739406924,77.22775646515439,0.8032585459822286,0.6075381037704741,21.548102536383816,12.31837899152554,1.7566829135851325,1.405346330868106,0.8,0.8,1.0,4.739205077591691,8.219102932443949,0.8032585459822226,0.6075381037704776,0.8200000000000001,OK,5693,38.810234654489186,5.932231096318678,0.5465183509610336,0.4434889880896693,38.26371630352815,6.375720084408347,354.88756871865513,53.23313530779827,0.7290615972567703,False,False,True
5881,3.5520289182783453,14.602320873183247,69.26412908740723,1.971876674695479,0.6075381037704741,18.393177492394912,11.6818566985466,1.7760144591391729,1.4208115673113382,0.8,0.8,1.0,4.173477312425732,7.168648118436312,1.971876674695475,0.6075381037704624,0.8200000000000001,OK,5704,39.09691368730648,8.326204666905447,0.5478682476366845,0.44605670201250275,38.5490454396698,8.772261368917949,340.25320106185313,51.03798015927797,0.7660356770642935,False,True,True
5885,3.513255848111699,16.685648898505008,73.86991485912347,0.7835585422306953,0.6075381037704741,22.86440864196064,13.348519118804006,1.7566279240558496,1.4053023392446795,0.8,0.8,1.0,4.085974020685914,7.440043746446619,0.7835585422306931,0.607538103770464,0.8200000000000001,OK,5708,44.14709134697534,6.068518453730577,0.5465392567897125,0.44383275746842676,43.60055209018562,6.512351211199004,384.55345543370584,57.683018315055875,0.7653394818185595,False,False,True
5889,3.512941501424184,15.919974942359884,80.53448705450559,1.8013854078439235,0.6075381037704741,22.55391157972187,12.735979953887908,1.756470750712092,1.4051766005696738,0.8,0.8,1.0,4.401937535601096,7.980911218864637,1.8013854078439229,0.6075381037704759,0.8200000000000001,OK,5712,39.83004222117024,5.134641599253585,0.5428139972698589,0.4430742379144539,39.28722822390038,5.577715837168038,366.87417083881826,55.03112562582274,0.7237729878903374,False,False,True
5893,3.557547428738508,16.302940073262224,74.18021897519084,0.5019345247343608,0.6075381037704741,22.47159146640356,13.04235205860978,1.7787737143692537,1.4230189714954031,0.8,0.8,1.0,4.309184942606319,7.702602797449263,0.5019345247343564,0.6075381037704743,0.8200000000000001,OK,5716,42.67790445848308,6.210477863099408,0.5469110803571938,0.4446192301186371,42.130993378125886,6.655097093218045,380.47004545263883,57.070506817895826,0.7478101534065998,False,False,True
5903,5.12238529675322,16.479151492931205,87.00074865579506,0.5747091791632067,0.6075381037704741,24.342860866835423,13.183321194344964,2.56119264837661,2.048954118701288,0.8,0.8,1.0,4.596216581889493,8.400990010480541,0.5747091791632046,0.607538103770473,0.8200000000000001,OK,5726,42.90527723663464,3.777776473865131,0.5426530126386411,0.4434375273845779,42.362624223996,4.221214001249709,553.7464153159594,83.0619622973939,0.5165454324690425,True,False,True
5913,3.500304037642351,16.473012126283262,69.86096440558572,0.7869826425230451,0.6075381037704741,21.760531880310506,13.17840970102661,1.7501520188211754,1.4001216150569404,0.8,0.8,1.0,3.928857074035246,7.083364682510359,0.7869826425230434,0.6075381037704785,0.8200000000000001,OK,5736,44.48658938635465,7.559084543721337,0.548969600001694,0.44406082396857816,43.93761978635296,8.003145367689914,378.2532136269103,56.73798204403654,0.7840707015597926,False,True,True
5919,4.612796835934237,16.723269505974184,65.93833531435916,1.3631381341744666,0.6075381037704741,20.5343645158936,13.378615604779348,2.3063984179671184,1.8451187343736948,0.8,0.8,1.0,3.126652502594503,5.8533191945610525,1.3631381341744655,0.6075381037704606,0.8200000000000001,OK,5742,50.153445717198366,9.24339463970752,0.5426654936654578,0.4423503423326609,49.610780223532906,9.68574498204018,506.04525299343396,75.9067879490151,0.6607241206265416,False,False,True
5925,4.998564363675534,16.717439790547825,75.42552889447109,0.7871713019026877,0.6075381037704741,22.90903388766165,13.37395183243826,2.499282181837767,1.9994257454702136,0.8,0.8,1.0,3.709526011510995,6.901226749244744,0.7871713019026862,0.6075381037704727,0.8200000000000001,OK,5748,48.20113524094448,6.838563274652551,0.5428294736404281,0.4437470367441407,47.65830576730405,7.282310311396691,548.1745840553398,82.22618760830098,0.586201752056889,False,False,True
5932,3.8279793211474,16.58186705550782,85.68477747269742,0.7433974842475324,0.6075381037704741,24.4079265683462,13.265493644406256,1.9139896605737,1.5311917284589598,0.8,0.8,1.0,4.8163364750781525,8.762113413330052,0.7433974842475275,0.6075381037704538,0.8200000000000001,OK,5755,40.50697159711755,3.3585557699375213,0.5417663984678893,0.4419436479752683,39.965205198649656,3.8004994179127896,416.3962899159152,62.45944348738728,0.648532380940879,False,False,True
5943,3.516390066412859,15.83280019897434,75.7135953684934,1.6652371276941664,0.6075381037704741,21.61923106950134,12.666240159179472,1.7581950332064296,1.4065560265651438,0.8,0.8,1.0,4.200058047453236,7.541398293218727,1.6652371276941618,0.607538103770473,0.8200000000000001,OK,5766,41.591242462913875,6.416361036632479,0.5420699657338118,0.44238913239546945,41.049172497180066,6.858750169027948,365.22341681121435,54.783512521682155,0.7591926940875312,False,False,True
5944,3.672693700092761,16.76568216772111,72.4116854261411,1.5638254468727053,0.6075381037704741,22.3065134234174,13.412545734176888,1.8363468500463804,1.4690774800371045,0.8,0.8,1.0,3.676126068809108,6.852120667415093,1.5638254468727026,0.6075381037704801,0.8200000000000001,OK,5767,46.23829964369869,6.832382354822955,0.5410902268257187,0.4420978996740792,45.69720941687297,7.274480254497034,403.9334122049634,60.590011830744515,0.7631340256685096,False,False,True
5945,4.658802076561594,16.65817408516714,84.85186081575601,1.2142471698172106,0.6075381037704741,24.312956004233985,13.326539268133711,2.329401038280797,1.8635208306246376,0.8,0.8,1.0,4.285459426935287,8.003269483074018,1.2142471698172084,0.6075381037704649,0.8200000000000001,OK,5768,42.58485104467196,3.815420668657589,0.5410912655801896,0.4427369907841139,42.043759779091765,4.258157659441703,509.1028122892399,76.36542184338599,0.5576457252080279,False,False,True
5970,3.505790798524845,14.574665982244529,67.83786457994944,0.5210302384395349,0.6075381037704741,18.85129915419484,11.659732785795622,1.7528953992624223,1.4023163194099382,0.8,0.8,1.0,4.594762164805491,7.655013195425765,0.5210302384395323,0.6075381037704859,0.8200000000000001,OK,5793,37.27746361704319,8.737469377583441,0.6022486817477577,0.4550297940249276,36.67521493529543,9.192499171608368,335.1879880923462,50.27819821385193,0.7414240156039051,False,False,True
5983,4.508049931720594,16.781511068489404,74.92062107091097,1.3590257779296182,0.6075381037704741,22.774384421598164,13.425208854791524,2.254024965860297,1.8032199726882376,0.8,0.8,1.0,3.618438298276207,6.810422325661534,1.3590257779296178,0.6075381037704782,0.8200000000000001,OK,5806,47.763499019083156,6.734909917143065,0.5423956152346195,0.4421516462713157,47.22110340384854,7.17706156341438,496.2763972616567,74.44145958924851,0.6416249665526652,False,False,True
5990,3.5191845448804315,15.019577896711043,77.11648719550874,0.5129424287929618,0.6075381037704741,21.07368259904471,12.015662317368836,1.7595922724402158,1.4076738179521726,0.8,0.8,1.0,4.963310137994693,8.44710705551583,0.512942428792961,0.6075381037704759,0.8200000000000001,OK,5812,37.59776690020996,6.239715611425478,0.5549774062517361,0.4452601013857088,37.042789493958225,6.684975712811187,346.7397316150501,52.01095974225752,0.7228816212299728,False,False,True
5992,4.808448504836244,16.741001295919784,73.44356093265259,1.947082964993005,0.6075381037704741,22.08387324646124,13.392801036735827,2.404224252418122,1.9233794019344976,0.8,0.8,1.0,3.2608508220019274,6.274426308275977,1.9470829649930004,0.6075381037704578,0.8200000000000001,OK,5814,49.010343694632304,7.475958991726972,0.5458282942341532,0.44306848282674904,48.46451540039815,7.919027474553721,528.0684717894259,79.21027076841389,0.6187372321693388,False,False,True
5994,4.565974434502603,16.6209023499966,74.27336611391593,1.5190806533904468,0.6075381037704741,22.327199369914936,13.296721879997282,2.2829872172513017,1.8263897738010413,0.8,0.8,1.0,3.56657657906084,6.697956592144964,1.519080653390442,0.6075381037704722,0.8200000000000001,OK,5816,47.939107041235204,7.107016023600115,0.5419328960387134,0.44215426437018845,47.39717414519649,7.549170287970304,497.84243576742364,74.67636536511354,0.6419582260980106,False,False,True
6016,4.341010004509425,16.68246659044195,67.48570148274624,1.775453872083728,0.6075381037704741,20.722563203653543,13.34597327235356,2.1705050022547123,1.73640400180377,0.8,0.8,1.0,3.178924575972765,5.985674885064638,1.7754538720837272,0.6075381037704762,0.8200000000000001,OK,5838,49.02889788907298,8.44352976553808,0.5412199324623482,0.44200528253472604,48.48767795661063,8.885535048072807,475.067028660658,71.2600542990987,0.6880277930084752,False,False,True
6027,3.5020720308320867,14.543923855704229,62.59935178807802,1.489795304471042,0.6075381037704741,17.41018445617013,11.635139084563384,1.7510360154160434,1.4008288123328347,0.8,0.8,1.0,4.046763177447136,6.795492439701908,1.48979530447104,0.6075381037704685,0.8200000000000001,OK,5849,38.289267124292714,9.482602824630991,0.5856237543594435,0.4513645254487821,37.70364336993327,9.933967350079772,334.12618033570357,50.11892705035554,0.7639682127636668,False,True,True
6034,3.501910163018955,15.13364999386492,89.27475843538424,0.6399109454230099,0.6075381037704741,22.529790186829104,12.106919995091936,1.7509550815094774,1.400764065207582,0.8,0.8,1.0,5.705004935197895,9.771383191990438,0.639910945423006,0.6075381037704939,0.8200000000000001,OK,5856,35.179303661328184,3.948866484091099,0.5496518134220881,0.44561148233349107,34.629651847906096,4.39447796642459,347.65823862409275,52.14873579361391,0.6745955223258971,False,False,True
6036,5.147307105320461,16.51733128829828,73.41158628935761,1.846574905710448,0.6075381037704741,21.72384889742503,13.213865030638624,2.5736535526602307,2.0589228421281844,0.8,0.8,1.0,3.262419358300207,6.2286598770528006,1.846574905710444,0.6075381037704589,0.8200000000000001,OK,5858,49.40005169698302,7.846504640497016,0.5449709024340871,0.44313777441836955,48.85508079454893,8.289642414915384,557.7297351598045,83.65946027397068,0.5904897250736038,False,False,True
6052,4.455233249959331,16.667326668301264,74.19179931129256,1.164072241374483,0.6075381037704741,22.546160556760853,13.333861334641012,2.2276166249796656,1.782093299983733,0.8,0.8,1.0,3.698097264903943,6.8767705417899485,1.1640722413744773,0.6075381037704798,0.8200000000000001,OK,5874,47.57128465544386,6.91478337538814,0.5399808116400949,0.44184367615642006,47.03130384380377,7.35662705154456,487.12479142120594,73.06871871318089,0.6510485676117715,False,False,True
6064,4.510031226887577,16.666372014247496,79.13529164976649,1.9889044072766475,0.6075381037704741,23.2358989104862,13.333097611397998,2.2550156134437884,1.8040124907550308,0.8,0.8,1.0,3.682002201776257,7.037541231465362,1.988904407276644,0.6075381037704725,0.8200000000000001,OK,5886,45.67027225882761,5.75799550326158,0.5490739932198401,0.4433649151564829,45.12119826560777,6.201360418418063,493.08802994407006,73.96320449161051,0.6174728714466109,False,False,True
6111,3.6436860627507177,16.592225749360956,82.87172395731245,0.5758401393588224,0.6075381037704741,24.149670970078745,13.273780599488768,1.8218430313753589,1.4574744251002871,0.8,0.8,1.0,4.732735348149316,8.571554130535855,0.5758401393588222,0.6075381037704898,0.8200000000000001,OK,5933,41.06780954590957,3.7909434141954246,0.5441099367207815,0.4421427964276646,40.52369960918879,4.233086210623089,396.59701283701827,59.48955192555274,0.6903365081200011,False,False,True
6123,5.380926748062473,16.63860398233126,77.04481432503155,1.3818148379754756,0.6075381037704741,22.83262588167448,13.31088318586501,2.6904633740312365,2.1523706992249894,0.8,0.8,1.0,3.509254676351801,6.667040418689572,1.3818148379754736,0.6075381037704702,0.8200000000000001,OK,5945,48.517908011146694,6.8248019380427865,0.5462120629804039,0.44358744278043377,47.97169594816629,7.26838938082322,587.3240764762796,88.09861147144194,0.5507227321837447,True,False,True
6145,4.154657235355296,16.618178147818696,74.87370978648637,0.5830598454586065,0.6075381037704741,22.90249177729242,13.294542518254955,2.077328617677648,1.6618628941421187,0.8,0.8,1.0,4.039611159339074,7.35867278471871,0.5830598454586071,0.607538103770475,0.8200000000000001,OK,5967,45.69371642852473,6.295391821574253,0.5417217309630786,0.44313211178695805,45.151994697561655,6.73852393336121,452.92099156649397,67.93814873497409,0.6725781799968582,False,False,True
6161,5.360351302401991,16.776362285444186,79.55555812056396,0.7304880070615136,0.6075381037704741,23.711881229923613,13.421089828355347,2.6801756512009955,2.1441405209607964,0.8,0.8,1.0,3.852038073920472,7.212038989165856,0.7304880070615126,0.6075381037704748,0.8200000000000001,OK,5983,46.971856846601824,5.643956530171875,0.5441031599887239,0.44401446870760847,46.4277536866131,6.0879709988794835,589.9224019968455,88.48836029952682,0.5308252598150245,True,False,True
6163,4.620874509850001,16.661548290393743,78.72451271431237,1.0550479085730666,0.6075381037704741,23.409725019540065,13.329238632314995,2.3104372549250005,1.8483498039400008,0.8,0.8,1.0,3.956184927777297,7.35848613591061,1.0550479085730646,0.6075381037704777,0.8200000000000001,OK,5985,45.65281859391755,5.469049358067764,0.5430864661398215,0.4420131555239095,45.10973212777773,5.9110625135916735,505.0604600605325,75.75906900907988,0.6026053275343968,False,False,True
6167,4.355354044771029,16.63031083228344,79.75344813915947,1.1859495443452306,0.6075381037704741,23.538971376352507,13.304248665826751,2.1776770223855144,1.7421416179084117,0.8,0.8,1.0,4.068141148603747,7.556521328928998,1.1859495443452246,0.60753810377046,0.8200000000000001,OK,5989,44.39754239835219,5.014158353275619,0.5430042124952045,0.44234045486186424,43.85453818585699,5.456498808137483,475.1466485626545,71.27199728439817,0.6229310821919545,False,False,True
6168,5.139116513547954,16.733717905060544,80.64316530132592,1.0038916670817892,0.6075381037704741,23.78820111968703,13.386974324048436,2.569558256773977,2.0556466054191818,0.8,0.8,1.0,3.907787024908768,7.336022819185427,1.0038916670817857,0.6075381037704736,0.8200000000000001,OK,5990,45.93913905763022,5.179792206854265,0.5428099645928409,0.44267070831519956,45.39632909303738,5.622462915169465,564.1372106843103,84.62058160264655,0.5428837546088604,False,False,True
6174,5.045203021368323,16.753953535413583,80.28822845185297,0.5434804565496785,0.6075381037704741,23.88985053185572,13.403162828330869,2.522601510684161,2.018081208547329,0.8,0.8,1.0,4.072963065767592,7.542807488189467,0.5434804565496765,0.6075381037704723,0.8200000000000001,OK,5996,45.92368542331403,5.189584089823823,0.5440108396675735,0.4430872347572337,45.37967458364646,5.6326713245810565,554.4977562985692,83.17466344478538,0.5521355124424397,False,False,True
6202,4.054109157470349,16.70261424613413,75.89814032702012,0.5267305300826592,0.6075381037704741,23.25012969720443,13.362091396907305,2.0270545787351746,1.6216436629881397,0.8,0.8,1.0,4.121557586345432,7.519975745265851,0.5267305300826558,0.607538103770474,0.8200000000000001,OK,6023,45.120326841686506,5.813633026676642,0.5431789377183414,0.443522445359775,44.57714790396817,6.257155472036416,444.2052921802929,66.63079382704393,0.6771692824012729,False,False,True
6208,4.001959702132667,16.70035903202083,79.73317102417334,0.6294328632638135,0.6075381037704741,23.84019845800749,13.360287225616666,2.000979851066333,1.6007838808530668,0.8,0.8,1.0,4.34959542419368,7.954564786794586,0.629432863263811,0.6075381037704645,0.8200000000000001,OK,6029,43.43859153883023,4.618242427633698,0.5436078895780657,0.4423799910584558,42.89498364925217,5.060622418692153,438.4321149038531,65.76481723557796,0.6605141375703616,False,False,True
6212,3.522419138216716,16.581652663236547,71.8748724976555,1.2134651985835685,0.6075381037704741,22.12383726889649,13.265322130589238,1.761209569108358,1.4089676552866863,0.8,0.8,1.0,3.87050445930598,7.074350225121991,1.2134651985835645,0.6075381037704735,0.8200000000000001,OK,6033,45.03223359101627,6.891709649026075,0.5441442061685179,0.44243099943865494,44.488089384847754,7.3341406484647305,383.1534012886577,57.47301019329865,0.783537062693595,False,False,True
6216,3.924675334839258,16.742353519787926,70.50838772077336,1.3663388602136066,0.6075381037704741,21.88075030652248,13.393882815830342,1.962337667419629,1.5698701339357033,0.8,0.8,1.0,3.5670069753674625,6.623392102957274,1.3663388602136048,0.6075381037704739,0.8200000000000001,OK,6037,47.4745474877568,7.562799257370966,0.5411023951685688,0.44175221215368843,46.93344509258823,8.004551469524655,431.04646050513713,64.65696907577056,0.7342525974597118,False,False,True
6217,5.455021017126497,16.790946253922943,62.989846572255765,1.2382436528354932,0.6075381037704741,20.15713206197828,13.432757003138356,2.7275105085632485,2.1820084068505987,0.8,0.8,1.0,2.71087487124721,5.143244951351552,1.238243652835488,0.6075381037704743,0.8200000000000001,OK,6038,52.23692610282804,10.525011991732983,0.5482785671368533,0.4439669793545738,51.68864753569119,10.968978971087557,600.8629685145975,90.12944527718962,0.5795766959640704,True,True,True
6225,4.8527919908793065,16.783957947494752,60.42001122683881,1.612843256387686,0.6075381037704741,20.02416980583669,13.427166357995802,2.426395995439653,1.9411167963517224,0.8,0.8,1.0,2.6576400320613054,4.986605573954337,1.6128432563876842,0.6075381037704711,0.8200000000000001,OK,6046,50.68889387987326,10.176172319585081,0.5431212463502106,0.44493383282787413,50.14577263352305,10.621106152412956,534.3058119707459,80.1458717956119,0.6324579512858771,False,True,True
6229,3.6393700712654016,16.493413699331533,72.60794457934877,1.549875084907359,0.6075381037704741,21.97112778375952,13.194730959465227,1.8196850356327008,1.4557480285061608,0.8,0.8,1.0,3.798641967845491,6.988017812069536,1.5498750849073588,0.6075381037704818,0.8200000000000001,OK,6050,45.2413847964294,6.896813908048189,0.5408621407014127,0.44200321379246954,44.70052265572799,7.338817121840659,393.7681734086695,59.065226011300425,0.765956347780228,False,False,True
6234,4.920800177929015,16.781919949937837,65.41515301718006,1.116706747874319,0.6075381037704741,20.53191512602024,13.42553595995027,2.4604000889645072,1.9683200711716056,0.8,0.8,1.0,3.0555701791588064,5.730906444187529,1.1167067478743138,0.6075381037704732,0.8200000000000001,OK,6055,51.07741847496627,9.802099393118567,0.5444988921456873,0.4431407047325746,50.53291958282058,10.245240097851141,541.7279138722287,81.2591870808343,0.628574076481419,False,True,True
6244,3.600642189150863,15.188535604013504,71.12763949317747,1.5868516318648975,0.6075381037704741,19.793595583485,12.150828483210804,1.8003210945754315,1.440256875660345,0.8,0.8,1.0,4.177189669386792,7.281559182488577,1.586851631864895,0.6075381037704738,0.8200000000000001,OK,6065,40.698380600838036,7.8624430946201125,0.5405530746204485,0.44223314489883686,40.15782752621759,8.30467623951895,358.75644249223546,53.81346637383532,0.7562861741355138,False,False,True
6253,4.434725850596762,16.746863497899106,71.98084701389944,1.664742107094632,0.6075381037704741,21.959733199985024,13.397490798319286,2.217362925298381,1.773890340238705,0.8,0.8,1.0,3.3910144380514105,6.413954542792023,1.6647421070946289,0.6075381037704739,0.8200000000000001,OK,6074,48.66296180868965,7.573187726369367,0.5404910765517992,0.44214424305583816,48.12247073213785,8.015331969425205,487.19642996679806,73.0794644950197,0.6658910563309612,False,False,True
6257,4.516500509359426,16.65742269179762,73.4729754590112,1.297508043469664,0.6075381037704741,22.311434489344137,13.325938153438097,2.258250254679713,1.8066002037437707,0.8,0.8,1.0,3.597962557719871,6.716921844232596,1.2975080434696586,0.6075381037704737,0.8200000000000001,OK,6078,48.10942333302055,7.240645645461624,0.5401988234607724,0.44192219778388164,47.56922450955978,7.682567843245506,493.5301729531021,74.02952594296532,0.6498680454888441,False,False,True
6293,3.519650714981585,15.5755715887377,64.75315112036358,1.4285921078953865,0.6075381037704741,18.98092687381085,12.460457270990162,1.7598253574907925,1.407860285992634,0.8,0.8,1.0,3.80458268518376,6.652094747353717,1.4285921078953816,0.6075381037704728,0.8200000000000001,OK,6113,41.7892175705482,9.037296407534571,0.546257130004817,0.44445975896719186,41.242960440543385,9.481756166501762,359.6229502112717,53.943442531690756,0.7746857747537678,False,True,True
6315,3.530250051072832,15.124002617326232,64.68761047260682,1.6105478729225418,0.6075381037704741,18.246651536619204,12.099202093860988,1.765125025536416,1.4121000204291327,0.8,0.8,1.0,3.90365334726901,6.737107924741091,1.6105478729225386,0.6075381037704748,0.8200000000000001,OK,6134,40.2475589815829,9.024358588024963,0.5568203595608338,0.44459592246214097,39.69073862202207,9.468954510487105,350.2483122403047,52.5372468360457,0.7660766676103995,False,True,True
6317,3.60911433680118,15.144561778382805,89.05390789307995,1.4128502855625165,0.6075381037704741,22.51042183821877,12.115649422706245,1.80455716840059,1.443645734720472,0.8,0.8,1.0,5.327146770190424,9.304852474529705,1.4128502855625131,0.6075381037704823,0.8200000000000001,OK,6136,34.67009806208306,3.917675100234266,0.5448040230509877,0.4446374425898395,34.12529403903208,4.362312542824105,358.55946505539765,53.783919758309644,0.6446182840127883,False,False,True
6327,3.769033415160808,16.797261386118024,73.22251597254055,0.7836842848655761,0.6075381037704741,22.847699451349328,13.43780910889442,1.884516707580404,1.5076133660643234,0.8,0.8,1.0,3.929147971346701,7.208834381847508,0.7836842848655724,0.6075381037704843,0.8200000000000001,OK,6146,45.66553655486512,6.460990057198964,0.543560376252686,0.44309839865115397,45.121976178612435,6.904088455850117,415.30992277539787,62.29648841630968,0.7330354842747372,False,False,True
6347,5.247591486262351,16.789093980334368,77.1769203846925,1.6535476564319531,0.6075381037704741,23.01308286972508,13.431275184267497,2.623795743131176,2.0990365945049407,0.8,0.8,1.0,3.412757595337947,6.577802013418438,1.6535476564319518,0.6075381037704706,0.8200000000000001,OK,6166,48.514577643010725,6.7069177162089755,0.5478035053981676,0.44349188016669433,47.96677413761256,7.1504095963756695,577.951131514193,86.69266972712894,0.5596156837217454,True,False,True
6361,3.580059260918432,16.488081722192884,82.48732790749015,0.8861982246170818,0.6075381037704741,23.88987530587942,13.190465377754307,1.7900296304592158,1.4320237043673727,0.8,0.8,1.0,4.648512453362073,8.43921758485067,0.8861982246170806,0.6075381037704745,0.8200000000000001,OK,6179,40.563325448843294,3.8897435682105184,0.5420021991912454,0.4422667853943494,40.02132324965205,4.3320103536048675,387.2257113979167,58.0838567096875,0.6983579904410505,False,False,True
6380,4.11766509920819,16.725706122037916,79.19541165729223,0.6324021013641263,0.6075381037704741,23.77996128859094,13.380564897630334,2.058832549604095,1.647066039683276,0.8,0.8,1.0,4.2683590605151736,7.825023443289215,0.6324021013641233,0.6075381037704621,0.8200000000000001,OK,6196,44.046255598821936,4.829377760137439,0.5435249670123309,0.4423960436750098,43.502730631809605,5.271773803812449,451.7928177106336,67.76892265659504,0.6499477027548041,False,False,True
6385,5.379537227771393,16.769295133272152,73.04195452154076,0.9942961042128377,0.6075381037704741,22.32332562870964,13.415436106617722,2.6897686138856964,2.151814891108557,0.8,0.8,1.0,3.3650932972417245,6.353325668841103,0.9942961042128332,0.6075381037704818,0.8200000000000001,OK,6201,50.30664466929763,8.038314742635858,0.5461159273008092,0.44640265586683225,49.76052874199682,8.48471739850269,591.784471291176,88.76767069367641,0.5667225947935272,True,False,True
6414,4.125057420881436,16.659469455844356,83.37341485057914,0.894163814324838,0.6075381037704741,24.21175194634602,13.327575564675485,2.0625287104407177,1.6500229683525742,0.8,0.8,1.0,4.474926319007981,8.2316756790846,0.8941638143248362,0.6075381037704736,0.8200000000000001,OK,6230,42.114807326681635,3.8395362992128805,0.542623812512805,0.44226728913129865,41.57218351416883,4.281803588344179,450.8115187804662,67.62172781706992,0.6227999296411129,False,False,True
6416,4.330764439835046,16.67436474971369,70.89660766148242,1.861471706426601,0.6075381037704741,21.528846056829465,13.339491799770952,2.165382219917523,1.7323057759340186,0.8,0.8,1.0,3.3290766491294264,6.296124097725221,1.861471706426597,0.6075381037704841,0.8200000000000001,OK,6232,48.419728168736285,7.737948729907751,0.5400888989493303,0.4422437342042583,47.879639269786956,8.18019246411201,473.71561320173777,71.05734198026066,0.6814176666246117,False,False,True
6421,3.585795971304726,14.64124264901356,69.87805605115835,1.7875575286157914,0.6075381037704741,18.667897101065947,11.712994119210848,1.792897985652363,1.4343183885218904,0.8,0.8,1.0,4.23988229007189,7.270396986265535,1.7875575286157874,0.6075381037704626,0.8200000000000001,OK,6237,39.17612048595657,8.256193349890918,0.5455127440993364,0.4441864560784749,38.63060774185723,8.700379805969392,344.40333842157406,51.66050076323611,0.7583379933830611,False,False,True
6431,3.526945786117431,15.03383981013245,86.48771493519722,0.8924644501167008,0.6075381037704741,22.13806692883053,12.027071848105962,1.7634728930587156,1.4107783144469723,0.8,0.8,1.0,5.424317824616722,9.321996512862263,0.892464450116696,0.6075381037704854,0.8200000000000001,OK,6247,35.353277788825224,4.371327644945996,0.5458010150490246,0.44390408606744575,34.8074767737762,4.815231731013442,347.83440906687304,52.175161360030955,0.6775882789297473,False,False,True
6439,4.031413408304749,16.596452544336866,74.2175121502139,1.6148492105958876,0.6075381037704741,22.35009518462566,13.277162035469496,2.0157067041523744,1.6125653633218997,0.8,0.8,1.0,3.7070311649315855,6.911901739472208,1.6148492105958825,0.6075381037704803,0.8200000000000001,OK,6254,46.37909137344207,6.729001985864869,0.5401697952444516,0.44219803771729393,45.83892157819762,7.171200023582163,438.9109782430172,65.8366467364526,0.7044570717445545,False,False,True
6442,3.821863252234077,16.79423169296806,62.93926380525659,1.347842827842139,0.6075381037704741,20.08607243254535,13.43538535437445,1.9109316261170384,1.528745300893631,0.8,0.8,1.0,3.205173916779166,5.912386849469698,1.3478428278421368,0.6075381037704661,0.8200000000000001,OK,6257,47.69061532645181,9.357923149687043,0.5435070581836189,0.4434987892941235,47.14710826826819,9.801421938981166,421.0552856369985,63.158292845549774,0.7550966496684237,False,True,True
6444,4.462102990644632,16.72205240561063,85.84869571642534,0.8315334217727834,0.6075381037704741,24.59462568470677,13.377641924488504,2.231051495322316,1.7848411962578528,0.8,0.8,1.0,4.544028484049637,8.391961127331346,0.8315334217727816,0.607538103770475,0.8200000000000001,OK,6259,42.126271241838474,3.4824749672168607,0.541755097865049,0.442504014311093,41.584516143973424,3.9249789815279534,489.47781152007195,73.42167172801079,0.5737579961117537,True,False,True
6468,4.349120225828261,16.777192541691917,76.8170379219876,1.576704400134365,0.6075381037704741,23.101909897516627,13.421754033353537,2.1745601129141305,1.7396480903313043,0.8,0.8,1.0,3.704934262156982,7.003121302615536,1.5767044001343629,0.6075381037704772,0.8200000000000001,OK,6283,46.5447223837175,6.088779233622706,0.5447167802905785,0.4425750683737916,46.00000560342692,6.5313543019964975,478.6571398469092,71.79857097703638,0.6482680887702359,False,False,True
6472,3.5792000949490643,16.743460816072478,87.78693492158413,1.094242916033719,0.6075381037704741,24.845596524243447,13.394768652857984,1.7896000474745322,1.4316800379796255,0.8,0.8,1.0,4.858858975288321,8.945718445356345,1.0942429160337197,0.6075381037704723,0.8200000000000001,OK,6287,39.382788923256584,2.8970283680780238,0.543342192217044,0.44298597195399164,38.83944673103954,3.3400143400320155,393.12896931986637,58.96934539797995,0.667851892495413,False,False,True
6474,3.5014644086756266,14.794970605348537,89.04540584949596,1.7825074840997406,0.6075381037704741,21.9739595072799,11.83597648427883,1.7507322043378133,1.4005857634702508,0.8,0.8,1.0,5.313731465065569,9.248327752629171,1.7825074840997388,0.607538103770481,0.8200000000000001,OK,6289,33.70167491737152,4.18983656278446,0.5516351672446934,0.4452098200372436,33.15003975012683,4.635046382821703,339.83465329331676,50.97519799399751,0.661138676133048,False,False,True
6504,3.562514365320779,14.633612982261123,83.75326478388993,0.8054575728219036,0.6075381037704741,21.269259614713903,11.7068903858089,1.7812571826603896,1.4250057461283117,0.8,0.8,1.0,5.390286365457424,9.12858674598544,0.8054575728219009,0.6075381037704802,0.8200000000000001,OK,6319,35.360117941023276,5.16803830329548,0.5491262130833846,0.44399338584462505,34.81099172793989,5.612031689140106,341.98891441597533,51.2983371623963,0.6893033945541539,False,False,True
6526,3.524624775049225,15.03820651225024,84.07980996738573,0.672677344882027,0.6075381037704741,21.932969605057025,12.030565209800193,1.7623123875246125,1.4098499100196902,0.8,0.8,1.0,5.345552698408341,9.146505576283054,0.6726773448820194,0.6075381037704701,0.8200000000000001,OK,6341,36.14576987115817,4.796918902387497,0.5496553312457293,0.4439501024521865,35.59611453991244,5.240869004839683,347.7064712097177,52.155970681457646,0.6930322530457405,False,False,True
6539,3.600336461924904,15.281080363454675,72.08025392197573,1.682012747333542,0.6075381037704741,20.07894250042857,12.22486429076374,1.800168230962452,1.4401345847699618,0.8,0.8,1.0,4.16257165640317,7.30355674541382,1.682012747333537,0.6075381037704776,0.8200000000000001,OK,6354,40.96714925891595,7.641032732093638,0.5402912157213247,0.4423571902882448,40.42685804319463,8.083389922381883,360.9117221145875,54.136758317188125,0.7567344357578408,False,False,True
6552,3.736418444033803,16.693523393154088,72.74048188435225,0.9514726822634838,0.6075381037704741,22.53440428536676,13.35481871452327,1.868209222016901,1.494567377613521,0.8,0.8,1.0,3.895794723493033,7.136871820968501,0.9514726822634806,0.6075381037704711,0.8200000000000001,OK,6367,45.63687116098936,6.6841320378394515,0.5427268709717139,0.44257948627787086,45.094144290017645,7.126711524117322,409.17336588571493,61.37600488285724,0.7435621013145491,False,False,True
6577,5.106375146340527,16.65032606920428,72.89279355391716,1.048315813627256,0.6075381037704741,22.155172225749453,13.320260855363424,2.553187573170264,2.042550058536211,0.8,0.8,1.0,3.4658453327152614,6.483883444574104,1.048315813627255,0.6075381037704599,0.8200000000000001,OK,6391,49.64046279006711,7.898439487571845,0.5422589522004548,0.44361676696891916,49.098203837866656,8.342056254540765,557.7496415917233,83.66244623875849,0.5933422344405471,False,False,True
6613,3.945101341704298,16.63892899539836,75.51052573170318,1.7534604254990809,0.6075381037704741,22.64372066587844,13.311143196318689,1.972550670852149,1.5780405366817192,0.8,0.8,1.0,3.7445141987233583,7.018891085258899,1.7534604254990798,0.6075381037704761,0.8200000000000001,OK,6427,45.74126186276544,6.3196341134586,0.5423081957942714,0.44280082397437454,45.19895366697117,6.762434937432974,430.61323284400214,64.59198492660032,0.7081569317732522,False,False,True
6614,4.839008122329574,16.76487198659116,61.95123524324756,1.9380359226721715,0.6075381037704741,20.36153381647981,13.411897589272929,2.419504061164787,1.9356032489318296,0.8,0.8,1.0,2.643581333384692,5.006033405287484,1.9380359226721704,0.6075381037704707,0.8200000000000001,OK,6428,50.54646816303288,9.506925666992812,0.5446919774951055,0.44492382524687857,50.00177618553777,9.95184949223969,532.1823072368219,79.82734608552329,0.6331974021644131,False,False,True
6622,4.45118817545958,16.67104721785334,80.84556068679319,1.4360388148244416,0.6075381037704741,23.705856051730613,13.336837774282673,2.22559408772979,1.7804752701838322,0.8,0.8,1.0,4.002321815151348,7.512414434870422,1.4360388148244396,0.6075381037704759,0.8200000000000001,OK,6436,44.26717027019562,4.849370755742247,0.5435888378540173,0.4426349337371479,43.723581432341604,5.292005689479395,486.7911517110595,73.01867275665893,0.6062445207367684,False,False,True
6637,4.681608217159859,16.512010900072283,80.41999691796201,0.9971471856050949,0.6075381037704741,23.477215018922024,13.209608720057828,2.3408041085799294,1.8726432868639435,0.8,0.8,1.0,4.116208558589271,7.599280693090108,0.9971471856050904,0.6075381037704752,0.8200000000000001,OK,6450,44.57936612366665,5.038736036761084,0.542542270872358,0.4419555089628011,44.03682385279429,5.480691545723885,507.1061443801718,76.06592165702577,0.5860622622134378,False,False,True
6656,3.53668269667636,14.929080371410905,71.97964035194326,1.435854383832602,0.6075381037704741,19.68835986512489,11.943264297128724,1.7683413483381798,1.414673078670544,0.8,0.8,1.0,4.380748355593784,7.542037207474644,1.4358543838325986,0.6075381037704587,0.8200000000000001,OK,6469,39.29483375803109,7.687610887245854,0.5459425711586026,0.4426275333940689,38.748891186872484,8.130238420639923,346.36419668819923,51.95462950322989,0.756329784924907,False,False,True
6667,5.077172783173058,16.655511793750772,73.74241383090813,1.0606969884706443,0.6075381037704741,22.347886464940032,13.324409435000618,2.538586391586529,2.030869113269224,0.8,0.8,1.0,3.517288398489616,6.582207430312758,1.0606969884706383,0.607538103770468,0.8200000000000001,OK,6480,49.25279612084139,7.589363432943632,0.542550006630009,0.4433224739283312,48.71024611421138,8.032685906871963,554.7326972689634,83.20990459034451,0.591910258319856,False,False,True
6669,5.31097479951437,16.701701603764974,64.8821115189438,1.3925841879912833,0.6075381037704741,20.26116161958671,13.36136128301198,2.655487399757185,2.1243899198057483,0.8,0.8,1.0,2.8446562382955527,5.393593672109148,1.3925841879912797,0.6075381037704745,0.8200000000000001,OK,6482,51.7531569089165,9.908347068000117,0.5444437240874742,0.4431739807658981,51.20871318482903,10.351521048766015,581.8871951025257,87.28307926537886,0.5929345910398531,False,True,True
6675,3.603882687170677,16.700766319181934,81.57164526308217,0.8628769477463063,0.6075381037704741,24.09356516215396,13.360613055345548,1.8019413435853384,1.4415530748682708,0.8,0.8,1.0,4.512939022828327,8.264113931395737,0.8628769477463029,0.6075381037704753,0.8200000000000001,OK,6487,41.532640773940116,3.948581858029001,0.5427371969841429,0.4425472097792917,40.989903576955975,4.391129067808293,394.8306730572,59.22460095858,0.7012734590307643,False,False,True
6684,3.9593205554250464,16.618361282890653,72.91809030451559,1.87315460722792,0.6075381037704741,22.003320796715823,13.294689026312524,1.9796602777125232,1.5837282221700186,0.8,0.8,1.0,3.566297628358651,6.692301574576481,1.873154607227919,0.6075381037704707,0.8200000000000001,OK,6496,46.659443038699074,7.036602725068871,0.5406528304211775,0.44263122082664436,46.11879020827789,7.4792339458955155,431.63107142687636,64.74466071403145,0.7206685852411463,False,False,True
6686,3.716291342425293,16.750127282376088,84.84276258805536,1.3830804607697929,0.6075381037704741,24.49398390954738,13.40010182590087,1.8581456712126465,1.4865165369701172,0.8,0.8,1.0,4.490353401964466,8.358189195936951,1.383080460769791,0.6075381037704787,0.8200000000000001,OK,6498,40.56230166625222,3.413154872039389,0.5431734151390535,0.44321639638970145,40.019128251113166,3.8563712684290907,408.3491957063447,61.2523793559517,0.6622159350012402,False,False,True
6689,3.512150921637268,16.332677194532845,74.09030423209597,1.396280276998834,0.6075381037704741,22.13811364484998,13.066141755626276,1.756075460818634,1.4048603686549073,0.8,0.8,1.0,4.026958836874837,7.324327588706934,1.3962802769988316,0.6075381037704702,0.8200000000000001,OK,6501,43.634103849637164,6.425098954063997,0.5419789489038489,0.44244301984028345,43.09212490073332,6.86754197390428,376.30014683598137,56.44502202539721,0.773037236658428,False,False,True
6701,3.618177239020932,16.755630667561874,71.32892836323144,1.7177327756373062,0.6075381037704741,21.99009155390172,13.4045045340495,1.809088619510466,1.4472708956083729,0.8,0.8,1.0,3.589997979752251,6.704306247508637,1.7177327756373024,0.6075381037704745,0.8200000000000001,OK,6513,46.32368595330676,7.072065468912409,0.5418094981981838,0.4422176412010442,45.78187645510857,7.514283110113453,397.69896028469645,59.65484404270447,0.7765284897928074,False,False,True
6712,4.8478622796282815,16.720126024302385,69.57442065845535,1.2559606160943635,0.6075381037704741,21.4483567271118,13.376100819441907,2.4239311398141408,1.9391449118513129,0.8,0.8,1.0,3.273948068432798,6.1484631418440046,1.2559606160943615,0.6075381037704719,0.8200000000000001,OK,6523,50.25626551799269,8.61675756750044,0.5410775817713639,0.4425677764159674,49.71518793622133,9.059325343916406,531.7330558108345,79.75995837162516,0.6300939286331361,False,False,True
6717,3.540402800866625,15.270948934480646,68.88078310354746,1.4977409546317568,0.6075381037704741,19.48402944452401,12.21675914758452,1.7702014004333124,1.41616112034665,0.8,0.8,1.0,4.083922864152214,7.104923635091193,1.497740954631752,0.607538103770482,0.8200000000000001,OK,6528,40.85964273513352,8.258338222424387,0.5427439407930189,0.4425266301996656,40.3168987943405,8.700864852624052,354.6684360896937,53.200265413454055,0.7680345655719293,False,False,True
6778,3.809280764306636,16.646962156531632,87.39115622988655,1.1931760509085194,0.6075381037704741,24.64416501095677,13.317569725225306,1.904640382153318,1.5237123057226545,0.8,0.8,1.0,4.74910094048661,8.75603789620462,1.1931760509085174,0.6075381037704753,0.8200000000000001,OK,6588,39.67800015303306,3.060105321323251,0.542425454089736,0.44268850228986445,39.13557469894332,3.5027938236131155,415.98896988922803,62.398345483384205,0.6358822472880912,False,False,True
6790,3.6485024732852063,16.401312482689463,72.82233181459951,1.4196009917114478,0.6075381037704741,21.940252586362604,13.12104998615157,1.8242512366426031,1.459400989314083,0.8,0.8,1.0,3.8823877130706776,7.092087927939685,1.4196009917114436,0.6075381037704626,0.8200000000000001,OK,6599,44.8330373125974,6.86363635801487,0.5408621189432352,0.44200764431969436,44.29217519365416,7.305644002334565,392.5519032778972,58.88278549168458,0.7613946408654311,False,False,True
6795,3.5025070438805987,15.107590096654338,88.46667807253311,1.5088848759455749,0.6075381037704741,22.397879965152725,12.086072077323472,1.7512535219402994,1.4010028175522395,0.8,0.8,1.0,5.293647711395359,9.248605000242236,1.5088848759455724,0.6075381037704642,0.8200000000000001,OK,6604,34.48797943277559,4.01314171720799,0.5453149890952067,0.4445586227423027,33.942664443680385,4.457700339950293,347.11873118612743,52.067809677919115,0.662366626253557,False,False,True
6805,4.800163575333392,16.788595880423454,71.77014039675885,1.6129294072716671,0.6075381037704741,21.90845108381985,13.430876704338765,2.400081787666696,1.9200654301333568,0.8,0.8,1.0,3.2678782372703985,6.227518445622772,1.6129294072716642,0.6075381037704685,0.8200000000000001,OK,6614,49.708282700817634,7.899781228213459,0.5424569302502577,0.44255497428160834,49.16582577056737,8.342336202495067,528.657322155878,79.2985983233817,0.6268494494455753,False,False,True
6886,4.439665192341798,16.63922094418388,78.43835540070368,1.528810408140816,0.6075381037704741,23.20944804714415,13.311376755347103,2.219832596170899,1.7758660769367194,0.8,0.8,1.0,3.836338293344205,7.207348586970975,1.528810408140812,0.6075381037704773,0.8200000000000001,OK,6693,45.601240867897424,5.6849165486358775,0.5446797531721093,0.4423616580085246,45.05656111472531,6.1272782066444025,484.6040595514704,72.69060893272055,0.6273333177068865,False,False,True
6892,3.9042470427100455,16.781110996205054,75.62923581512304,0.6331120300510131,0.6075381037704741,23.30693422329413,13.424888796964044,1.9521235213550228,1.5616988170840185,0.8,0.8,1.0,4.087197354378947,7.487888437227648,0.6331120300510111,0.6075381037704746,0.8200000000000001,OK,6699,44.997756700118806,5.733688985672385,0.5427340194591503,0.4431729068250538,44.45502268065965,6.176861892497439,429.79547555091636,64.46932133263745,0.6979716207643525,False,False,True
6900,3.647710514703377,16.736623481482216,69.12603539943272,0.9105858947148372,0.6075381037704741,21.86816483932161,13.389298785185773,1.8238552573516884,1.459084205881351,0.8,0.8,1.0,3.718581437050961,6.7927958911992405,0.9105858947148344,0.607538103770474,0.8200000000000001,OK,6707,46.34616789099867,7.81473024734375,0.5461355041095183,0.44314171988442796,45.80003238688915,8.257871967228178,400.49034489846383,60.07355173476957,0.7714903905735655,False,False,True
6911,3.5503592499458407,15.38976827960773,81.71369217721121,1.1894424739156837,0.6075381037704741,22.076149977044608,12.311814623686184,1.7751796249729204,1.4201436999783363,0.8,0.8,1.0,4.867812704007097,8.527063152633275,1.18944247391568,0.6075381037704771,0.8200000000000001,OK,6718,37.570377496586005,4.967372785534339,0.5431014935046471,0.442405501147225,37.027276003081354,5.409778286681564,358.4331924491463,53.764978867371944,0.6987890312254197,False,False,True
6914,3.62703741204486,16.607508533909296,83.25868626909546,1.5226747118113642,0.6075381037704741,24.04957078642765,13.286006827127435,1.8135187060224296,1.450814964817944,0.8,0.8,1.0,4.408089106150502,8.178925424817553,1.522674711811364,0.6075381037704737,0.8200000000000001,OK,6721,40.66174237879779,3.845698375651153,0.5432811081163728,0.443512485209046,40.118461270681415,4.289210860860199,395.14851931313206,59.27227789696981,0.6860161920801857,False,False,True
6915,3.96222081501932,16.775288756145642,78.29415087336042,1.915478688795084,0.6075381037704741,23.339569502867818,13.420231004916516,1.98111040750966,1.584888326007728,0.8,0.8,1.0,3.7948396949788616,7.204466579172591,1.9154786887950808,0.6075381037704702,0.8200000000000001,OK,6722,44.87735997346605,5.524810934202937,0.548730573512129,0.44424653797779334,44.32862939995392,5.96905747218073,436.02613276639244,65.40391991495886,0.686157038168624,False,False,True
6950,4.437234248124563,16.48695997293607,75.24288002814009,1.2519587769619918,0.6075381037704741,22.46462617950501,13.189567978348856,2.2186171240622814,1.7748936992498252,0.8,0.8,1.0,3.798139464533161,7.02244882219019,1.251958776961987,0.6075381037704736,0.8200000000000001,OK,6756,46.69709057659915,6.670366085313406,0.5402495247457397,0.44175885845190427,46.15684105185341,7.11212494376531,479.9066625622721,71.98599938434081,0.6486968434970038,False,False,True
6961,5.365388872648226,16.617960918896056,71.28485319631365,1.59280459260269,0.6075381037704741,21.42256562843457,13.294368735116846,2.682694436324113,2.1461555490592903,0.8,0.8,1.0,3.130597867795384,5.980003138519443,1.5928045926026886,0.6075381037704707,0.8200000000000001,OK,6767,50.71904864348662,8.506166623268623,0.5442714071658509,0.44358138931848573,50.17477723632077,8.949748012587108,584.9015562582828,87.73523343874243,0.5780921376233545,False,False,True
6968,3.555894284716989,16.787561870010247,85.0674277335379,1.1266999984965709,0.6075381037704741,24.624078488164564,13.430049496008198,1.7779471423584947,1.4223577138867958,0.8,0.8,1.0,4.641557469837743,8.577587416759847,1.1266999984965638,0.6075381037704721,0.8200000000000001,OK,6774,40.25716052097334,3.243519306414674,0.5430048531173151,0.4428065411488601,39.714155667856026,3.686325847563534,391.59785721983906,58.739678582975856,0.6853486687726075,False,False,True
6973,4.5188653173608575,16.640964650603795,66.14011281604438,1.7673404189202075,0.6075381037704741,20.306333116384863,13.312771720483036,2.2594326586804288,1.8075461269443431,0.8,0.8,1.0,3.0732198444028533,5.7873840955851446,1.7673404189202058,0.6075381037704676,0.8200000000000001,OK,6779,49.52375817995551,8.832036688975666,0.5419551616964847,0.4422864584022985,48.98180301825902,9.274323147377965,493.30070372619247,73.99510555892887,0.6692842425978478,False,False,True
6975,3.53093884995187,16.204330552712428,70.0881648569305,1.160935500456687,0.6075381037704741,21.22979202461484,12.963464442169943,1.765469424975935,1.412375539980748,0.8,0.8,1.0,3.923817393544653,7.037873149568604,1.160935500456685,0.6075381037704717,0.8200000000000001,OK,6781,44.05026192429014,7.606483956418231,0.5434457514406557,0.4429289641966484,43.50681617284948,8.049412920614879,375.3402418763855,56.301036281457826,0.7824058815556411,False,False,True
6992,4.948255334804649,16.730459800934824,72.0831940480802,1.3457294450987018,0.6075381037704741,21.98891671070713,13.38436784074786,2.4741276674023247,1.97930213392186,0.8,0.8,1.0,3.3453443137041283,6.321113684166946,1.3457294450986983,0.6075381037704789,0.8200000000000001,OK,6798,49.843032650516506,7.990251367943444,0.5423293275713269,0.4428176410606526,49.30070332294518,8.433069009004097,543.0800104819407,81.4620015722911,0.6118562236196068,False,False,True
6997,4.969911263181222,16.797695625981536,62.25262543044509,1.2253334069370334,0.6075381037704741,19.96078764593604,13.43815650078523,2.484955631590611,1.987964505272489,0.8,0.8,1.0,2.8341151394989765,5.319379428736459,1.2253334069370312,0.6075381037704662,0.8200000000000001,OK,6803,51.21503400632229,10.424043364182296,0.5448303410721772,0.4432712629534213,50.67020366525011,10.867314627135718,547.6488518670847,82.1473277800627,0.6234534389656954,False,True,True
7006,3.783148309503819,16.698121440566183,67.89166984887048,0.9850667611621096,0.6075381037704741,21.45301440118429,13.358497152452948,1.8915741547519096,1.5132593238015275,0.8,0.8,1.0,3.603484571130199,6.587222127370392,0.9850667611621072,0.6075381037704798,0.8200000000000001,OK,6812,47.027387404324486,8.330227238958882,0.5445949499245419,0.4428359856691849,46.48279245439994,8.773063224628066,414.4048425424744,62.16072638137116,0.7565450106840779,False,False,True
7007,3.528527232142169,16.524371049377763,71.64490886908521,1.505662634486081,0.6075381037704741,21.853294443066133,13.219496839502211,1.7642636160710847,1.4114108928568678,0.8,0.8,1.0,3.784338641643736,6.946952730767665,1.505662634486078,0.6075381037704757,0.8200000000000001,OK,6813,45.15086893530201,7.039197605631249,0.542401580068882,0.4419552273119424,44.608467355233124,7.4811528329431916,382.4919076658873,57.373786149883095,0.7869598986782922,False,False,True
7036,4.402689073203922,16.685827501001356,64.10195804760585,1.5101731593104888,0.6075381037704741,20.032112167328727,13.348662000801085,2.201344536601961,1.7610756292815688,0.8,0.8,1.0,3.070633337319837,5.726794769393136,1.5101731593104877,0.607538103770473,0.8200000000000001,OK,6842,49.429519961460265,9.350071116301972,0.5431046807226397,0.4429334264347529,48.88641528073762,9.793004542736725,481.91406832911855,72.28711024936777,0.6837943831333689,False,True,True
7039,3.574734729229536,16.033002094623296,89.49492368787418,0.8922511534476875,0.6075381037704741,23.908393402116445,12.826401675698635,1.7873673646147676,1.4298938916918142,0.8,0.8,1.0,5.30551191979411,9.43949288533454,0.8922511534476844,0.6075381037704718,0.8200000000000001,OK,6845,37.25689779076296,3.1772687900889593,0.5427594858676734,0.4438662626055032,36.714138304895286,3.621135052694463,375.9780648735763,56.39670973103644,0.6606218335865012,False,False,True
7052,5.243705124095389,16.685548060401985,72.4611512585167,1.6451993161393048,0.6075381037704741,21.80821039866943,13.348438448321588,2.6218525620476947,2.097482049638156,0.8,0.8,1.0,3.190859354589712,6.112840034281465,1.6451993161393017,0.6075381037704707,0.8200000000000001,OK,6858,50.25341593922505,8.099371030691376,0.5453321028218989,0.44349303739926,49.70808383640315,8.542864068090637,573.9612557391137,86.09418836086705,0.583702766655816,False,False,True
7056,3.569070536590154,16.7458976821464,67.20094971597089,1.0662417381857794,0.6075381037704741,21.370654421513954,13.39671814571712,1.784535268295077,1.4276282146360617,0.8,0.8,1.0,3.5914599059866674,6.567208612562082,1.0662417381857756,0.6075381037704769,0.8200000000000001,OK,6862,46.4826523393832,8.300815034523238,0.545642925697851,0.44304770778835256,45.93700941368535,8.74386274231159,392.07342257122957,58.81101338568443,0.7903732594190911,False,True,True
7066,4.310630330368915,16.757671450269974,74.64479030589771,1.901568585501927,0.6075381037704741,22.50410354155641,13.40613716021598,2.155315165184457,1.724252132147566,0.8,0.8,1.0,3.491152903507878,6.649799578917083,1.901568585501924,0.6075381037704742,0.8200000000000001,OK,6871,47.42566696383848,6.8008980698169,0.5445241346180218,0.4429592867319271,46.88114282922046,7.243857356548827,473.86899193848495,71.08034879077275,0.6672120743728682,False,False,True
7068,4.912190801133205,16.674609386320927,67.7250666342595,1.4551315676377448,0.6075381037704741,20.79383241055904,13.339687509056745,2.4560954005666025,1.964876320453282,0.8,0.8,1.0,3.112631364723601,5.871012602104658,1.4551315676377397,0.6075381037704821,0.8200000000000001,OK,6873,50.61387220717805,9.014658183754287,0.5414118451597145,0.44238670013085407,50.07246036201833,9.45704488388514,537.3221402302364,80.59832103453546,0.6279767563084916,False,False,True
7084,3.521811058710341,14.640319129831427,85.36666889358816,1.4190298519172098,0.6075381037704741,21.374777447448324,11.712255303865142,1.7609055293551708,1.4087244234841367,0.8,0.8,1.0,5.262164293079188,9.03321934458069,1.4190298519172049,0.6075381037704702,0.8200000000000001,OK,6888,34.6282503780244,4.847119058486799,0.5448840788644559,0.4429405332593697,34.08336629915994,5.290059591746169,338.2364720630471,50.73547080945706,0.6825254565602594,False,False,True
7088,3.542645963352044,15.517611501980124,66.72204689539905,1.3747935599210632,0.6075381037704741,19.400098229958616,12.4140892015841,1.7713229816760216,1.4170583853408174,0.8,0.8,1.0,3.92854086796126,6.863785467732351,1.3747935599210588,0.6075381037704773,0.8200000000000001,OK,6892,41.73209020920127,8.680599715666835,0.5432876668622325,0.4436999609091828,41.18880254233903,9.124299676576017,360.6255285892097,54.09382928838146,0.771475984566038,False,False,True
7089,5.080342969922638,16.548474752348326,82.66575499265379,1.52178405111174,0.6075381037704741,23.733917299775413,13.238779801878662,2.540171484961319,2.0321371879690555,0.8,0.8,1.0,3.9260626252775808,7.418003119867549,1.5217840511117318,0.6075381037704606,0.8200000000000001,OK,6893,44.5007664140631,4.819862312504981,0.5406254556766835,0.44251658513676945,43.96014095838642,5.26237889764175,551.5118435539902,82.72677653309853,0.5379245787034695,False,False,True
7096,3.5923500567612066,15.6209575084416,84.11104778546766,0.7500577916444606,0.6075381037704741,22.79495737606443,12.496766006753282,1.7961750283806033,1.4369400227044826,0.8,0.8,1.0,5.103000070273001,8.931008194794654,0.750057791644457,0.6075381037704698,0.8200000000000001,OK,6900,37.752577582445596,4.290658063671886,0.5442484638749522,0.44252667463784057,37.208329118570646,4.733184738309727,368.12061620427164,55.218092430640745,0.6836994166335333,False,False,True
7108,4.918310116506582,16.7974179017746,78.24515907343726,0.8240770348794635,0.6075381037704741,23.55349546600608,13.437934321419682,2.459155058253291,1.967324046602633,0.8,0.8,1.0,3.8668354623632375,7.220995350215768,0.8240770348794626,0.6075381037704762,0.8200000000000001,OK,6912,46.750078755358864,5.730771876780095,0.5439417018335488,0.442632400817286,46.20613705352532,6.17340427759738,541.9538122075134,81.29307183112701,0.5750807258516994,False,False,True
7117,5.2709975501228765,16.624215889538668,82.02506983858103,0.7630879211044197,0.6075381037704741,23.8826596897088,13.299372711630935,2.6354987750614383,2.1083990200491507,0.8,0.8,1.0,4.081623122989662,7.580982883244271,0.7630879211044139,0.6075381037704822,0.8200000000000001,OK,6921,45.338698514437816,4.884629819155895,0.5412675131721889,0.4427897343290591,44.79743100126563,5.327419553484954,574.8278800456571,86.22418200684857,0.5258234692309018,True,False,True
7123,4.544014009643484,16.600390080667193,74.47064717657301,1.5810342445769008,0.6075381037704741,22.31906235945313,13.280312064533756,2.272007004821742,1.8176056038573936,0.8,0.8,1.0,3.5707835026278865,6.709882678286816,1.5810342445768988,0.6075381037704777,0.8200000000000001,OK,6927,47.77269122329768,7.056167675065695,0.5422968839855408,0.44222097052735404,47.230394339312134,7.4983886455930495,494.8365774041659,74.22548661062488,0.6436157363831864,False,False,True
7142,3.766667715674608,16.634840696347787,63.18674670800743,1.5978074406189289,0.6075381037704741,19.79508713761068,13.30787255707823,1.883333857837304,1.5066670862698432,0.8,0.8,1.0,3.22244409221522,5.931585456367802,1.5978074406189242,0.6075381037704698,0.8200000000000001,OK,6946,46.91352805788672,9.0154932618472,0.5444696063530512,0.4439846352688486,46.36905845153367,9.459477897116049,411.03593818548103,61.65539072782215,0.760899047173127,False,False,True
7148,3.559235255195942,16.1406669044526,89.0965221229589,0.9287921155538238,0.6075381037704741,24.04175214323889,12.912533523562082,1.779617627597971,1.4236941020783769,0.8,0.8,1.0,5.230416828968721,9.353050744503673,0.9287921155538176,0.6075381037704791,0.8200000000000001,OK,6952,37.55919960272088,3.137011014119919,0.5423714485143097,0.4435706664574818,37.01682815420657,3.5805816805774007,376.8617053178855,56.52925579768282,0.6644205566254856,False,False,True
7179,3.905211431830742,16.652011505895448,65.317208650279,1.473367030306292,0.6075381037704741,20.42385096486549,13.32160920471636,1.952605715915371,1.5620845727322967,0.8,0.8,1.0,3.309833091673358,6.106733269958893,1.4733670303062916,0.6075381037704727,0.8200000000000001,OK,6982,47.666698662774984,8.7862989883448,0.5434695620699814,0.4427690683717373,47.123229100705004,9.229068056716537,426.59434456444774,63.989151684667156,0.7449184339506832,False,False,True
7213,4.888622176945348,16.63785526207539,84.94064127388455,0.9174375030989272,0.6075381037704741,24.3184260328798,13.310284209660312,2.444311088472674,1.9554488707781392,0.8,0.8,1.0,4.338648206933858,8.049039456571027,0.917437503098924,0.6075381037704827,0.8200000000000001,OK,7014,43.148442011384915,3.900572501176301,0.5403993558419083,0.4426903075930976,42.60804265554301,4.343262808769398,533.5653946640854,80.03480919961281,0.5391209455347044,False,False,True
7225,3.722329895564581,16.703076536776276,85.2927264678317,1.3928906595771224,0.6075381037704741,24.47667078409945,13.362461229421022,1.8611649477822907,1.488931958225833,0.8,0.8,1.0,4.531680845686168,8.419835084233725,1.392890659577118,0.6075381037704736,0.8200000000000001,OK,7025,40.26806585919339,3.3642540234089116,0.5430704980036731,0.443079270620211,39.72499536118972,3.8073332940291227,407.8638090832914,61.17957136249371,0.6581946385436729,False,False,True
7231,3.520322397722044,15.826076038519377,80.55892734860672,1.5631107920253189,0.6075381037704741,22.47595136275281,12.6608608308155,1.760161198861022,1.4081289590888175,0.8,0.8,1.0,4.520411460105283,8.116390049528231,1.563110792025316,0.6075381037704755,0.8200000000000001,OK,7030,39.37324626538075,5.049172324114848,0.5413257539344625,0.44277813196131055,38.831920511446285,5.491950456076159,365.4765580487246,54.82148370730869,0.7182083300699064,False,False,True
7248,3.531346141301763,16.17647834378181,68.74133249056274,1.9203388141279056,0.6075381037704741,20.48251977614084,12.941182675025448,1.7656730706508814,1.4125384565207053,0.8,0.8,1.0,3.6286284808193088,6.60960958426589,1.920338814127904,0.6075381037704752,0.8200000000000001,OK,7047,44.35664079947192,7.808657566915369,0.5420832465943196,0.4428121040200424,43.8145575528776,8.251469670935412,374.7383231273252,56.210748469098775,0.7891131501986045,False,True,True
7266,3.534929134510139,15.617485358813012,88.70443965140282,1.2739052062448493,0.6075381037704741,23.200984947109504,12.49398828705041,1.7674645672550695,1.4139716538040557,0.8,0.8,1.0,5.237095416814263,9.263999285287088,1.2739052062448468,0.607538103770494,0.8200000000000001,OK,7065,35.799396011479274,3.5766786557668393,0.5429725470476838,0.4442407806949396,35.25642346443159,4.020919436461779,362.1559782574079,54.323396738611194,0.6590051094141964,False,False,True
7267,4.013328361710784,16.631704448793503,75.81567146527243,1.131355079038214,0.6075381037704741,22.913885728983523,13.305363559034802,2.006664180855392,1.6053313446843136,0.8,0.8,1.0,3.9530743957246095,7.291592166223511,1.1313550790382114,0.6075381037704782,0.8200000000000001,OK,7066,45.36669793076833,5.995749415136775,0.5394672250939327,0.4421687259194292,44.8272307056744,6.437918141056204,437.8701020616497,65.68051530924745,0.6907177527028469,False,False,True
7325,3.512311476236368,16.05100979497677,74.54571440196955,1.4412012148051965,0.6075381037704741,21.80017797477521,12.840807835981416,1.756155738118184,1.404924590494547,0.8,0.8,1.0,4.136740026904128,7.446478396268844,1.4412012148051918,0.6075381037704878,0.8200000000000001,OK,7123,42.54203474400666,6.484643043837938,0.5418310578634598,0.442384263979463,42.0002036861432,6.927027307817401,369.827517157,55.47412757354999,0.7668806451728799,False,False,True
7333,3.5519349035011376,16.56236937379771,81.26230734137245,1.8886755508587385,0.6075381037704741,23.61018305797413,13.24989549903817,1.7759674517505688,1.420773961400455,0.8,0.8,1.0,4.184579833483724,7.819423706080439,1.8886755508587385,0.6075381037704825,0.8200000000000001,OK,7131,41.540625618071154,4.560144229768752,0.5497376179428334,0.4448669890457395,40.99088800012832,5.0050112188144915,385.91468358436566,57.88720253765485,0.7176132857871225,False,False,True
7338,3.6037939747617256,15.586092851286432,84.6985631507182,0.7212403994501486,0.6075381037704741,22.808631636256216,12.468874281029146,1.8018969873808628,1.4415175899046904,0.8,0.8,1.0,5.162733123395864,9.01867482198227,0.7212403994501465,0.6075381037704809,0.8200000000000001,OK,7136,37.55293387175305,4.226616218875846,0.5441174554873962,0.44263632681462667,37.00881641626565,4.6692525456904725,368.4690828494811,55.270362427422164,0.6794407024391306,False,False,True
7367,5.331692331635528,16.757175306459214,66.76239870279423,1.048781532000748,0.6075381037704741,20.770615227110504,13.405740245167372,2.665846165817764,2.132676932654211,0.8,0.8,1.0,3.025734285430076,5.708050437498169,1.0487815320007454,0.6075381037704736,0.8200000000000001,OK,7164,51.76635379953882,9.817519771210511,0.5461793376437898,0.44476560743345867,51.22017446189503,10.26228537864397,586.0973162134646,87.9145974320197,0.5888254659821124,False,True,True
7371,4.672168405412763,16.670063685589668,69.23903362785049,1.5015526262934042,0.6075381037704741,21.212345952195665,13.336050948471737,2.336084202706381,1.8688673621651053,0.8,0.8,1.0,3.2524033699147203,6.116412593839218,1.5015526262934014,0.6075381037704839,0.8200000000000001,OK,7167,49.783996612853784,8.479679555250172,0.5403396016496088,0.4420416258787581,49.24365701120418,8.92172118112893,510.9278623342813,76.63917935014219,0.6495893749775835,False,False,True
7373,5.14433484021138,16.79471980676322,72.71149752908995,1.4839806127186084,0.6075381037704741,22.119406699465543,13.435775845410577,2.57216742010569,2.0577339360845524,0.8,0.8,1.0,3.2508030773193184,6.21553023720943,1.4839806127186028,0.6075381037704809,0.8200000000000001,OK,7169,50.16779048300411,7.935740740321894,0.5455349035478945,0.44353326253297787,49.622255579456215,8.37927400285487,566.7686642518923,85.01529963778385,0.5901030837596171,True,False,True
7377,4.027589129212128,16.770507135792755,68.22400504152371,1.3810804731119646,0.6075381037704741,21.342899571423395,13.416405708634205,2.013794564606064,1.6110356516848512,0.8,0.8,1.0,3.4013099202885755,6.325978923148178,1.3810804731119617,0.6075381037704793,0.8200000000000001,OK,7173,48.311016148138734,8.225313502052735,0.5424026035747574,0.44195100121519665,47.768613544563976,8.667264503267932,443.09331223859624,66.46399683578944,0.7268749766508817,False,True,True
7380,4.766844080769587,16.680266619997255,69.47028755409468,1.725430242172793,0.6075381037704741,21.141397418317567,13.344213295997804,2.3834220403847937,1.906737632307835,0.8,0.8,1.0,3.1608057448921087,6.0021995445579,1.7254302421727894,0.6075381037704828,0.8200000000000001,OK,7176,49.91201329214672,8.398092925222887,0.5406529913298008,0.44217675411251167,49.37136030081692,8.840269679335398,521.6002301329426,78.24003451994139,0.6379344487562236,False,False,True
7381,5.173222819100834,16.762625926707827,61.90027359995868,1.58402134317999,0.6075381037704741,20.20072888156744,13.410100741366264,2.586611409550417,2.069289127640334,0.8,0.8,1.0,2.6438079084324,5.002869972631244,1.58402134317999,0.607538103770475,0.8200000000000001,OK,7177,51.52554633176708,10.137809944491497,0.5440340279936091,0.44440495438951066,50.98151230377347,10.582214898881007,568.8622011257511,85.32933016886267,0.6038433236238991,False,True,True
7399,3.734262936111841,16.729550516186187,68.4984934186169,0.9121554199758768,0.6075381037704741,21.6917993956703,13.38364041294895,1.8671314680559208,1.4937051744447365,0.8,0.8,1.0,3.660604979132838,6.689209351731261,0.9121554199758716,0.6075381037704638,0.8200000000000001,OK,7194,46.77539432323096,8.107801887200766,0.5452873127290604,0.44309868394673,46.230107010501904,8.550900571147496,409.8198652234555,61.472979783518326,0.7609098255518766,False,False,True
7407,3.8644717576615824,16.655091645354478,72.56840069299388,1.2242597767449035,0.6075381037704741,22.29163920237577,13.324073316283584,1.9322358788307912,1.5457887030646331,0.8,0.8,1.0,3.7738259234908007,6.957971292834733,1.2242597767449044,0.6075381037704745,0.8200000000000001,OK,7201,46.341738010470785,6.939205084493429,0.5402819160496415,0.4419026011758859,45.80145609442114,7.381107685669315,422.2221412278797,63.333321184181955,0.7317117931602336,False,False,True
7409,4.950725740061815,16.713395171123558,83.54036351480936,0.8217707041158832,0.6075381037704741,24.256766674629567,13.370716136898848,2.4753628700309074,1.980290296024726,0.8,0.8,1.0,4.2332824567297855,7.869189636447341,0.8217707041158793,0.6075381037704785,0.8200000000000001,OK,7203,44.0781179744157,4.221912271641952,0.5411371347996148,0.44268504661390456,43.536980839616085,4.664597318255857,542.7969380444409,81.41954070666614,0.5413702606505474,False,False,True
7419,4.977829695231382,16.67483379328896,77.68692879410189,0.8634414605734532,0.6075381037704741,23.24908857341199,13.339867034631167,2.488914847615691,1.9911318780925529,0.8,0.8,1.0,3.842592733537874,7.149034256051841,0.8634414605734471,0.6075381037704763,0.8200000000000001,OK,7213,47.00406114493935,6.044799026465293,0.5431263122404927,0.44246316396777013,46.460934832698854,6.487262190433063,544.509407294487,81.67641109417305,0.5754912650452232,False,False,True
7426,5.052582521811496,16.76526573907961,78.00358480503759,1.5558660464763026,0.6075381037704741,23.209980196571195,13.412212591263687,2.526291260905748,2.0210330087245985,0.8,0.8,1.0,3.564830967751835,6.813797332626383,1.5558660464763006,0.6075381037704786,0.8200000000000001,OK,7220,47.59358953607136,6.25245663363737,0.5463174919984654,0.44274932372081804,47.0472720440729,6.695205957358188,555.6837495229997,83.35256242844997,0.5709913186763251,True,False,True
7435,3.503250602029546,16.40731755877711,73.39652472410533,1.9024286519312923,0.6075381037704741,21.89115071582509,13.125854047021688,1.751625301014773,1.4013002408118185,0.8,0.8,1.0,3.798492304429456,7.015962318720698,1.9024286519312903,0.6075381037704777,0.8200000000000001,OK,7229,44.33005219300105,6.716610733095735,0.5428350456808666,0.4430052290488521,43.787217147320185,7.159615962144588,377.0618799575216,56.55928199362825,0.7837803209382168,False,False,True
7450,4.072028589817846,16.790303034881923,78.37103730772024,1.953659329457208,0.6075381037704741,23.34811741132826,13.43224242790554,2.036014294908923,1.6288114359271384,0.8,0.8,1.0,3.746221283391229,7.13891500081505,1.9536593294572024,0.6075381037704708,0.8200000000000001,OK,7243,45.18973634752885,5.588625022165222,0.5497064613598236,0.44422220677286384,44.640029886169025,6.032847228938086,448.51109657272417,67.27666448590863,0.6717000120746774,False,False,True
7452,4.983190115007115,16.72244598444082,67.6178932514876,1.2446200169986938,0.6075381037704741,20.931803573112475,13.377956787552655,2.4915950575035577,1.9932760460028465,0.8,0.8,1.0,3.1321526105016027,5.8919811879755954,1.2446200169986912,0.6075381037704661,0.8200000000000001,OK,7245,50.90939874932485,9.218228020755692,0.5423523899875168,0.44275127343882653,50.36704635933734,9.660979294194519,546.6521965863429,81.99782948795145,0.6208627602369078,False,False,True
7454,5.101387991817525,16.78496484133172,76.1217242271087,0.8211672236700185,0.6075381037704741,23.112020236925524,13.427971873065378,2.5506939959087624,2.04055519672701,0.8,0.8,1.0,3.6843580422141926,6.894319183668559,0.8211672236700197,0.6075381037704761,0.8200000000000001,OK,7247,48.231022523828884,6.653734690789994,0.5443048852938648,0.44410032917954795,47.68671763853502,7.097835019969542,561.7106146352975,84.25659219529463,0.5724302546207463,True,False,True
7477,3.596107353256257,16.64074630171651,75.55590008220256,1.996363554253686,0.6075381037704741,22.629860570371264,13.312597041373207,1.7980536766281283,1.4384429413025028,0.8,0.8,1.0,3.773165890961856,7.083753329607266,1.9963635542536813,0.607538103770459,0.8200000000000001,OK,7270,44.65194767756796,6.133862856991388,0.5453303119449201,0.4440073463386119,44.10661736562304,6.57787020333,392.56293051364145,58.884439577046216,0.7582979136473563,False,False,True
7485,5.152160957016914,16.77410499871761,73.72901044014225,0.5601326176333263,0.6075381037704741,22.71354361676616,13.41928399897409,2.576080478508457,2.060864382806766,0.8,0.8,1.0,3.6154734943487945,6.71632366122768,0.5601326176333221,0.6075381037704837,0.8200000000000001,OK,7278,49.210186089297345,7.5727632099959035,0.5447555717585387,0.45027156090507736,48.66543051753881,8.023034770900981,566.9341509432161,85.04012264148243,0.5786702154318473,False,False,True
7486,4.73465302316988,16.687723869686046,81.62027383752225,0.825403342885677,0.6075381037704741,23.9627031990888,13.350179095748835,2.36732651158494,1.893861209267952,0.8,0.8,1.0,4.17977210466217,7.744302021525657,0.8254033428856746,0.6075381037704661,0.8200000000000001,OK,7279,44.44305451530459,4.598688155741334,0.5427206828711759,0.44222250469152125,43.90033383243341,5.040910660432855,518.3094196874819,77.74641295312229,0.5716412221114539,False,False,True
7501,3.900444086721337,16.782700869068364,82.70169514061567,1.73079696519115,0.6075381037704741,24.16906349036497,13.426160695254692,1.9502220433606683,1.560177634688535,0.8,0.8,1.0,4.14789400928413,7.831240477826007,1.7307969651911492,0.6075381037704767,0.8200000000000001,OK,7294,42.2311332045717,4.115870488081307,0.5465685069092725,0.44434874682987746,41.684564697662424,4.560219234911185,429.4175105476481,64.41262658214721,0.6556343910415322,False,False,True
7523,4.592040296854152,16.456851762886284,76.62573198506645,1.9196985220356275,0.6075381037704741,22.42879752151653,13.165481410309027,2.296020148427076,1.8368161187416607,0.8,0.8,1.0,3.60854687885476,6.818347336128205,1.9196985220356249,0.6075381037704718,0.8200000000000001,OK,7314,46.67790830118273,6.648911003449186,0.5469131823829816,0.4428620137552946,46.13099511879975,7.09177301720448,495.7426535417109,74.36139803125664,0.6277169275591404,False,False,True
7530,5.337762396597976,16.788055623485665,77.70756776355151,1.8755263463266736,0.6075381037704741,23.03525450582136,13.430444498788532,2.668881198298988,2.135104958639191,0.8,0.8,1.0,3.3367486725995192,6.495638033253961,1.8755263463266725,0.6075381037704671,0.8200000000000001,OK,7321,48.46188761977373,6.676671801614268,0.5475855169876834,0.44366551509011776,47.914302102786046,7.1203373167043855,587.8458772448826,88.17688158673239,0.5495985653802661,True,False,True
7532,4.251138783407161,16.64410596928383,79.46121517558257,0.6105934709858017,0.6075381037704741,23.68561519535972,13.315284775427068,2.1255693917035803,1.7004555133628645,0.8,0.8,1.0,4.280896948685466,7.827930348018054,0.6105934709857972,0.6075381037704839,0.8200000000000001,OK,7323,44.139853664682065,4.899185509781719,0.5434360752268045,0.4422620274301136,43.59641758945526,5.341447537211833,464.16201287161704,69.62430193074256,0.6339719385422253,False,False,True
7533,3.5040101171723275,15.263514123167592,74.43479988347258,1.3883145115051911,0.6075381037704741,20.66437226332992,12.210811298534075,1.7520050585861635,1.401604046868931,0.8,0.8,1.0,4.423994950428568,7.714247635812416,1.3883145115051905,0.6075381037704743,0.8200000000000001,OK,7324,39.69883291220582,6.926537162600755,0.5442867843656439,0.44243338287390493,39.15454612784018,7.36897054547466,350.8518118973536,52.62777178460304,0.7543323907895384,False,False,True
7538,3.572252398146695,15.434639504027114,82.2279490253804,0.9230515921395088,0.6075381037704741,22.26424237380372,12.347711603221692,1.7861261990733477,1.428900959258678,0.8,0.8,1.0,4.9793975095649685,8.687296210198756,0.9230515921395044,0.6075381037704741,0.8200000000000001,OK,7329,37.63248995922856,4.794990693226131,0.5451693735135507,0.4425040440091061,37.087320585715005,5.237494737235237,361.6949675671062,54.25424513506592,0.693632173215985,False,False,True
7549,3.567909957228643,15.30587174244802,84.5510143954961,0.6935428719644987,0.6075381037704741,22.377476638101307,12.244697393958418,1.7839549786143214,1.4271639828914573,0.8,0.8,1.0,5.267669041910818,9.103064759630549,0.6935428719644969,0.6075381037704711,0.8200000000000001,OK,7339,36.78242942407582,4.492736898973418,0.5468015717651293,0.4432689268961747,36.23562785231069,4.936005825869593,358.24141759227797,53.73621263884169,0.6844998487572734,False,False,True
7605,5.204760532630493,16.662578638614242,84.60382453194187,0.7709761529463508,0.6075381037704741,24.31065208125463,13.330062910891394,2.6023802663152464,2.0819042130521974,0.8,0.8,1.0,4.261861057125714,7.915422115912412,0.770976152946347,0.6075381037704728,0.8200000000000001,OK,7394,44.08177590669931,4.152346841891141,0.5405394779995097,0.4432161112221408,43.541236428699804,4.595562953113282,568.9142397559305,85.33713596338956,0.5165602924102212,True,False,True
7611,3.520560032713976,16.375260737741012,85.77846165464933,0.9232030368106888,0.6075381037704741,24.098901344875244,13.10020859019281,1.7602800163569878,1.4082240130855903,0.8,0.8,1.0,4.922522959047029,8.892640118388691,0.9232030368106876,0.6075381037704738,0.8200000000000001,OK,7400,38.98672622030697,3.379561709292602,0.5414714463216579,0.4422552423522,38.44525477398531,3.8218169516448017,378.1845804193627,56.72768706290441,0.6872609873389554,False,False,True
7616,3.5829184030830663,15.322170047374224,76.06361489312368,1.6169421048881505,0.6075381037704741,20.947169788313083,12.25773603789938,1.7914592015415332,1.4331673612332263,0.8,0.8,1.0,4.389061993543567,7.726037409289324,1.6169421048881485,0.6075381037704763,0.8200000000000001,OK,7404,39.95946393030362,6.64821731956091,0.5414993967405856,0.442131964222229,39.41796453356304,7.090349283783139,360.1314378486584,54.019715677298755,0.7397199972138355,False,False,True
7655,4.338890439440188,16.765977294837175,65.64410628546382,1.7077902275603143,0.6075381037704741,20.38647509064323,13.41278183586974,2.169445219720094,1.7355561757760751,0.8,0.8,1.0,3.0806912646263136,5.805361537833898,1.707790227560313,0.6075381037704666,0.8200000000000001,OK,7443,49.38084248732951,8.794457368045363,0.5424575310993652,0.442452934220985,48.83838495623014,9.236910302266347,477.21204516640836,71.58180677496125,0.6898518591822208,False,False,True
7658,4.677928742647403,16.540127566115434,69.67312316083155,1.1542162322878704,0.6075381037704741,21.31635174664182,13.232102052892348,2.3389643713237014,1.8711714970589608,0.8,0.8,1.0,3.4277662058599745,6.342973000211119,1.1542162322878669,0.6075381037704739,0.8200000000000001,OK,7445,49.377582153102416,8.545380224066097,0.5405917343551445,0.4421611386838866,48.83699041874727,8.987541362749983,507.5704102547243,76.13556153820865,0.648548210002001,False,False,True
7671,3.505151207284104,16.299492226852433,79.26057941341426,0.9832966389726616,0.6075381037704741,23.139370714716947,13.039593781481948,1.7525756036420517,1.4020604829136414,0.8,0.8,1.0,4.490636107124807,8.099144336906516,0.9832966389726558,0.6075381037704785,0.8200000000000001,OK,7458,41.03538943667836,4.756549105729481,0.542102369565774,0.44292272228766116,40.49328706711258,5.199471828017142,374.787132662377,56.21806989935655,0.7299323777949203,False,False,True
7679,5.351475825553611,16.6997043017585,64.80468675197308,1.8311740490733697,0.6075381037704741,20.54264132233657,13.359763441406802,2.675737912776805,2.1405903302214444,0.8,0.8,1.0,2.6797317851867213,5.137843862791511,1.831174049073368,0.6075381037704765,0.8200000000000001,OK,7466,51.60045692170465,9.516477088772723,0.5444745686795703,0.4440247198274364,51.05598235302508,9.960501808600158,586.254498952788,87.9381748429182,0.5867810767494012,False,False,True
7701,4.164902386939664,16.750742076877728,72.65692275703098,1.2558198037796937,0.6075381037704741,22.366359446358462,13.400593661502183,2.082451193469832,1.6659609547758656,0.8,0.8,1.0,3.641767070982592,6.780193773922287,1.2558198037796915,0.6075381037704746,0.8200000000000001,OK,7488,47.578823582026,7.1385033772418165,0.5394566793626401,0.44179894588602026,47.03936690266336,7.580302323127837,457.6597491230316,68.64896236845475,0.6930741840883118,False,False,True
7739,3.7114026603083015,16.561844395389873,74.39915804531967,1.468773236810358,0.6075381037704741,22.46239637666814,13.249475516311898,1.8557013301541507,1.484561064123321,0.8,0.8,1.0,3.877275718907669,7.156358525201444,1.468773236810355,0.6075381037704812,0.8200000000000001,OK,7526,45.056215458397574,6.388514769877298,0.5401885706164294,0.44228867548154366,44.516026887781145,6.830803445358842,403.22793716722344,60.48419057508352,0.7449254925957214,False,False,True
7782,3.681748543760466,16.72479205679562,77.36781814886811,1.9379377023647053,0.6075381037704741,23.123210234952687,13.3798336454365,1.840874271880233,1.4726994175041863,0.8,0.8,1.0,3.838874944874771,7.240383863145439,1.9379377023647035,0.60753810377048,0.8200000000000001,OK,7566,44.380063429761364,5.63718293375112,0.5473775126977849,0.44447804990331663,43.83268591706358,6.081660983654436,403.94170092671357,60.59125513900704,0.7324499769470968,False,False,True
7788,3.532230993718608,15.586756199814566,84.86237140943902,0.6245333490293923,0.6075381037704741,22.844660109742406,12.469404959851651,1.766115496859304,1.4128923974874432,0.8,0.8,1.0,5.234730199886787,9.119665326409615,0.6245333490293885,0.6075381037704654,0.8200000000000001,OK,7572,37.41452110533526,4.1956503802629,0.5456164202416005,0.44309032332108905,36.86890468509366,4.638740703583989,361.1675131138157,54.17512696707236,0.6906217520833094,False,False,True
7789,3.577864187458814,14.777423100101196,78.56548906566422,1.975413325839584,0.6075381037704741,20.48043059963108,11.82193848008096,1.788932093729407,1.431145674983526,0.8,0.8,1.0,4.578584980732895,7.984927780524313,1.97541332583958,0.607538103770474,0.8200000000000001,OK,7573,37.913813136487924,6.524648195812626,0.5415270157378766,0.44238740515165714,37.37228612075005,6.967035600964283,346.8377805766281,52.025667086494224,0.72875208065002,False,False,True
7796,4.6312120186680055,16.612066594640527,78.39064469979559,1.6032186842168086,0.6075381037704741,23.10808894062606,13.289653275712425,2.3156060093340027,1.8524848074672025,0.8,0.8,1.0,3.7561010441379,7.085464329934101,1.603218684216804,0.6075381037704818,0.8200000000000001,OK,7580,46.11817793853556,5.903753329744385,0.5453275141556009,0.4422734800780917,45.57285042437996,6.346026809822477,504.68705619016197,75.7030584285243,0.6091983454285197,False,False,True
7797,5.446212312698899,16.580072849151904,67.54861656209216,1.8701388438005664,0.6075381037704741,20.580432033777114,13.264058279321524,2.7231061563494494,2.17848492507956,0.8,0.8,1.0,2.827548556585274,5.436574108240272,1.870138843800567,0.6075381037704717,0.8200000000000001,OK,7581,51.30411563770757,9.149480695366849,0.5441191543104681,0.4435482158096808,50.7599964833971,9.59302891117653,592.3587956410125,88.85381934615188,0.5773991035527666,False,False,True
7803,4.55159318561387,16.51312009079958,80.19115249348206,1.1195707503654535,0.6075381037704741,23.427044128395977,13.210496072639664,2.275796592806935,1.820637274245548,0.8,0.8,1.0,4.098088006706853,7.57883983678045,1.1195707503654508,0.6075381037704811,0.8200000000000001,OK,7587,44.39921034058002,5.057285271516932,0.5428036956323625,0.4420570854613889,43.856406644947654,5.499342356978321,493.056192003005,73.95842880045076,0.6003265761685491,False,False,True
7841,5.122892233609143,16.527695586817043,70.54065095942676,1.886492456412556,0.6075381037704741,21.024366583657795,13.222156469453637,2.5614461168045715,2.0491568934436573,0.8,0.8,1.0,3.104285020678251,5.930339214988841,1.8864924564125536,0.6075381037704782,0.8200000000000001,OK,7624,50.09300730350963,8.428045613114362,0.5425366544891241,0.442773785230255,49.550470649020504,8.870819398344617,555.4325980492171,83.31488970738256,0.601249158217044,False,False,True
7851,3.521315223366307,14.870281795553211,79.34390151683863,1.284461216132239,0.6075381037704741,20.94793035090867,11.89622543644257,1.7606576116831536,1.408526089346523,0.8,0.8,1.0,4.868104317677098,8.380945771750284,1.2844612161322355,0.6075381037704689,0.8200000000000001,OK,7633,36.98613957745503,5.899553526424385,0.5456792591252236,0.4424843390794393,36.440460318329805,6.3420378655038245,343.5009497855302,51.52514246782954,0.7178270220319692,False,False,True
7879,3.5719379591719207,14.93542219856968,76.3284156539348,1.6251563337656003,0.6075381037704741,20.43294212649405,11.948337758855743,1.7859689795859603,1.4287751836687683,0.8,0.8,1.0,4.533755162320968,7.871774228758609,1.6251563337655996,0.6075381037704625,0.8200000000000001,OK,7659,38.66234902958788,6.78133473754354,0.5417489492175135,0.4421374945909033,38.120600080370366,7.223472232134443,349.9655137568847,52.4948270635327,0.7364982645394023,False,False,True
7882,3.781548787795871,16.723808494662716,79.4384069784336,0.5203796785345007,0.6075381037704741,23.89276693424189,13.379046795730174,1.890774393897936,1.5126195151183486,0.8,0.8,1.0,4.427892277163085,8.06662043327097,0.5203796785345008,0.6075381037704785,0.8200000000000001,OK,7662,42.96030926883089,4.549625554996599,0.545360260412343,0.4428875227901756,42.414949008418546,4.992513077786774,414.8668491765129,62.23002737647694,0.6903469447141841,False,False,True
7891,4.619120382692468,16.775244201924334,65.58388832843154,1.373872499713357,0.6075381037704741,20.502150474008857,13.420195361539468,2.309560191346234,1.847648153076987,0.8,0.8,1.0,3.085204831238613,5.792539018827043,1.3738724997133525,0.6075381037704861,0.8200000000000001,OK,7671,50.309767822012155,9.300653896020096,0.5427489600173927,0.44243398549675,49.767018861994764,9.743087881516846,508.3138830604553,76.2470824590683,0.6598254805227457,False,True,True
7924,4.501420169752947,16.780025081551795,72.57831120257158,1.8202144795004365,0.6075381037704741,22.060453214457844,13.424020065241436,2.2507100848764736,1.800568067901179,0.8,0.8,1.0,3.339719611009084,6.368830683853801,1.820214479500433,0.6075381037704739,0.8200000000000001,OK,7703,48.68496925708109,7.4479571555411646,0.5422527838189916,0.44252768702832,48.1427164732621,7.890484842569484,495.5026683829378,74.32540025744068,0.6550246495605958,False,False,True
7931,3.842146173638745,16.735449942141095,78.6217477844117,1.3634458585131268,0.6075381037704741,23.52647600770544,13.388359953712875,1.9210730868193728,1.536858469455498,0.8,0.8,1.0,4.059166890800412,7.558313305642979,1.3634458585131255,0.6075381037704778,0.8200000000000001,OK,7710,43.8909764326763,5.035133246972707,0.5417996952445687,0.4432734520008948,43.349176737431726,5.478406698973602,421.80829493314036,63.271244239971054,0.693695484574469,False,False,True
7963,4.813961712672928,16.648115334300353,71.80777570338736,1.2084966345089518,0.6075381037704741,21.90333627682466,13.318492267440284,2.406980856336464,1.9255846850691711,0.8,0.8,1.0,3.445386462994062,6.440381973569329,1.2084966345089465,0.6075381037704765,0.8200000000000001,OK,7741,49.41855147208664,7.996626060680067,0.5404774015745378,0.4424148124388879,48.878074070512106,8.439040873118955,525.7406371371014,78.86109557056521,0.6266531185566238,False,False,True
7998,5.44709281834388,16.73463602163285,81.50444534534267,0.6316094012444878,0.6075381037704741,23.979628869836333,13.38770881730628,2.72354640917194,2.178837127337552,0.8,0.8,1.0,4.0020598428771486,7.46145164337517,0.6316094012444828,0.6075381037704811,0.8200000000000001,OK,7775,46.13238555276207,5.118412305469529,0.5429683625551949,0.44397424652591494,45.58941719020687,5.562386551995444,597.9775589331903,89.69663383997855,0.5143156836304873,True,False,True
8034,4.940213088909699,16.59412489440384,86.73879052464544,0.8479421645637191,0.6075381037704741,24.474830809778297,13.275299915523073,2.4701065444548496,1.97608523556388,0.8,0.8,1.0,4.490471073096213,8.295371790425197,0.8479421645637154,0.5169345328733869,0.8200000000000001,OK,7809,42.52213850353475,3.6017832329634127,0.5408125952652638,0.44288006132872876,41.98132590826948,4.044663294292142,537.7790452953251,80.66685679429875,0.5271327059633252,True,False,True
8040,3.786723718627544,16.499914850417134,68.78751960428689,1.6714253284801457,0.6075381037704741,21.009845132549245,13.199931880333708,1.893361859313772,1.5146894874510175,0.8,0.8,1.0,3.5133441220228967,6.478147871772952,1.671425328480143,0.6075381037704612,0.8200000000000001,OK,7814,46.562026802176526,7.904263937781791,0.5419810788215642,0.44197103196257703,46.02004572335496,8.346234969744367,409.87286011132574,61.48092901669886,0.7573409762485827,False,False,True
8070,5.378648851733213,16.673052052412256,74.02487273538209,0.9198379108364164,0.6075381037704741,22.429475584065703,13.338441641929805,2.6893244258666065,2.1514595406932853,0.8,0.8,1.0,3.4800364654928764,6.5244024011049095,0.919837910836408,0.6075381037704742,0.8200000000000001,OK,7843,49.7123559530954,7.723960000768337,0.5447790265021196,0.44590495770037664,49.16757692659328,8.169864958468715,588.290909334465,88.24363640016975,0.5633534380616229,False,False,True
8077,3.5567851308692062,16.032545342723296,79.20592517299909,1.596693193067,0.6075381037704741,22.551903492819733,12.826036274178636,1.7783925654346031,1.422714052347683,0.8,0.8,1.0,4.344707447848709,7.871140756216059,1.5966931930670003,0.6075381037704759,0.8200000000000001,OK,7848,40.808308699268224,5.300162570048808,0.5419762938875358,0.4430016507987135,40.26633240538069,5.743164220847522,374.07953188549874,56.11192978282481,0.7272661777488744,False,False,True
8087,5.077086120864581,16.78379946783204,63.65809601474451,1.3911576915668653,0.6075381037704741,20.202301944488298,13.427039574265631,2.5385430604322905,2.0308344483458325,0.8,0.8,1.0,2.826274485020264,5.344899840799698,1.3911576915668595,0.6075381037704723,0.8200000000000001,OK,7858,51.462188621763524,9.986812653354427,0.5442043658684489,0.4431372910942742,50.91798425589508,10.429949944448701,558.9959373877888,83.84939060816832,0.6137455293175411,False,True,True
8094,4.84342009245176,16.646393022142984,81.97052099922567,1.216464779541914,0.6075381037704741,23.856812243722366,13.317114417714388,2.42171004622588,1.937368036980704,0.8,0.8,1.0,4.038579446941551,7.564723018036791,1.2164647795419088,0.6075381037704773,0.8200000000000001,OK,7865,44.44991152477448,4.676698320770684,0.5418661697044174,0.4424211957986045,43.90804535507006,5.119119516569288,528.9031122627425,79.33546683941138,0.5602779348957351,False,False,True
8104,5.108673570824453,16.583639290482477,74.26080040059459,1.4704742788590135,0.6075381037704741,22.17910960896912,13.266911432385982,2.5543367854122265,2.0434694283297814,0.8,0.8,1.0,3.42483265581836,6.473254577454922,1.4704742788590126,0.6075381037704636,0.8200000000000001,OK,7874,49.17332458291989,7.553103114429006,0.5441501558684188,0.44290237341749045,48.62917442705147,7.996005487846497,555.7658223690122,83.36487335535182,0.589856645895847,False,False,True
8106,4.455732688685506,16.655816654242912,63.69777757809,1.1193415950136,0.6075381037704741,20.04904142955742,13.32465332339433,2.227866344342753,1.7822930754742026,0.8,0.8,1.0,3.159410454131411,5.827968752737942,1.1193415950135976,0.607538103770474,0.8200000000000001,OK,7876,49.47044900072262,9.946978031442832,0.5436758442597034,0.4425609092988684,48.926773156462914,10.3895389407417,486.8429657032907,73.02644485549361,0.6774319782185189,False,True,True
8112,3.917938493347347,16.68012754116028,83.7488446525637,0.8866142585190786,0.6075381037704741,24.31004731327708,13.344102032928228,1.9589692466736728,1.5671753973389388,0.8,0.8,1.0,4.56203865301536,8.3773057490802,0.8866142585190762,0.60753810377048,0.8200000000000001,OK,7882,41.49982704243253,3.6561287150146295,0.5425624040865291,0.44223507066987977,40.957264638346,4.098363785684509,428.70724231450544,64.3060863471758,0.6453483550279081,False,False,True
8137,3.54946610031607,16.47613975151088,85.33872832008602,0.5274832319249986,0.6075381037704741,24.254018177252867,13.180911801208705,1.774733050158035,1.419786440126428,0.8,0.8,1.0,4.998687359816124,8.986170375589026,0.5274832319249952,0.6075381037704822,0.8200000000000001,OK,7907,39.87013237367977,3.431357680550045,0.5433730719684576,0.44215682672303336,39.32675930171131,3.8735145072730783,383.63863679909986,57.54579551986498,0.6928417969287867,False,False,True
8143,4.757984467273506,16.67174157304282,72.42625392919527,1.3614807367696264,0.6075381037704741,22.0195225611346,13.337393258434256,2.378992233636753,1.9031937869094024,0.8,0.8,1.0,3.4389284775715083,6.460287444291714,1.3614807367696258,0.6075381037704731,0.8200000000000001,OK,7913,49.178068551316734,7.759383984587947,0.540957934832892,0.4422835415566011,48.637110616483845,8.201667526144547,520.3647016518983,78.05470524778474,0.6300461758865261,False,False,True
8148,3.795722314533585,16.524615300945033,69.34159181117238,1.8192123769405129,0.6075381037704741,21.09758868958771,13.219692240756029,1.8978611572667925,1.518288925813434,0.8,0.8,1.0,3.483705392484598,6.460969381279192,1.819212376940508,0.607538103770483,0.8200000000000001,OK,7918,46.57404815371363,7.7381571836806495,0.5415177768736166,0.4422232032697338,46.032530376840015,8.180380386950384,411.461902801934,61.7192854202901,0.754610942698998,False,False,True
8166,4.657211237740545,16.691504341663624,76.15846576019209,0.880999234073383,0.6075381037704741,23.04024584233335,13.3532034733309,2.3286056188702724,1.862884495096218,0.8,0.8,1.0,3.8371553116865975,7.113830780977532,0.880999234073384,0.6075381037704658,0.8200000000000001,OK,7933,47.01713249083621,6.304674458582103,0.5415839034486803,0.4421505323693707,46.47554858738753,6.746824990951474,509.94725206182846,76.49208780927427,0.6146666124223064,False,False,True
8222,3.5247695601102875,14.701924045905397,82.99322492001681,1.9125270774665388,0.6075381037704741,21.087275606305987,11.761539236724316,1.7623847800551438,1.4099078240441152,0.8,0.8,1.0,4.898012193653781,8.521702872533687,1.9125270774665328,0.6075381037704759,0.8200000000000001,OK,7987,35.77726731458005,5.450113044808295,0.545393433528988,0.4421152682083341,35.231873881051065,5.892228313016629,339.945066949519,50.99176004242785,0.701628405938753,False,False,True
8232,4.733526909629937,16.564770173628318,70.62756966110202,1.898436314126632,0.6075381037704741,21.18957614171476,13.251816138902656,2.3667634548149685,1.8934107638519748,0.8,0.8,1.0,3.2151353878504807,6.103670799832033,1.89843631412663,0.6075381037704689,0.8200000000000001,OK,7997,49.2588321012061,8.124294928455281,0.5408954553578554,0.44234109411029987,48.71793664584825,8.566636022565582,514.3681920187049,77.15522880280574,0.6384380276689013,False,False,True
8268,3.549171820827889,15.784541787918052,80.47445271325199,0.6614944205774247,0.6075381037704741,22.622998725475085,12.627633430334445,1.7745859104139448,1.419668728331156,0.8,0.8,1.0,4.849816808112195,8.51842414072674,0.6614944205774189,0.6075381037704798,0.8200000000000001,OK,8032,39.21696474230753,4.869735597630663,0.5455867440586766,0.44270985420707737,38.67137799824886,5.31244545183774,367.5046540244351,55.12569810366527,0.7114098522355043,False,False,True
8287,3.51064958798212,14.671036112968926,82.80187440172554,1.973462660110728,0.6075381037704741,21.00395625433356,11.736828890375142,1.7553247939910597,1.404259835192848,0.8,0.8,1.0,4.877007698021416,8.487209501812313,1.9734626601107208,0.6075381037704719,0.8200000000000001,OK,8050,35.8205303887017,5.539475902275309,0.5468314188621145,0.44215011621784867,35.273698969839586,5.981626018493158,337.87192676733946,50.68078901510092,0.7067871492298307,False,False,True
8293,3.5085062520016,15.311773484458564,83.98231016155677,1.8091224125887124,0.6075381037704741,22.15457100849936,12.249418787566851,1.7542531260007996,1.40340250080064,0.8,0.8,1.0,4.811647362766099,8.532808011389413,1.809122412588712,0.6075381037704728,0.8200000000000001,OK,8056,36.527258864572865,4.750168154200586,0.541136760502083,0.4423132672030497,35.98612210407078,5.1924814214036354,352.4127316764261,52.86190975146391,0.6909939318558447,False,False,True
8405,4.631495497282459,16.78545226582172,80.0188254706629,1.7440575732616663,0.6075381037704741,23.63197409881257,13.428361812657378,2.315747748641229,1.852598198912984,0.8,0.8,1.0,3.743845173970477,7.154384498327165,1.7440575732616634,0.6075381037704785,0.8200000000000001,OK,8160,45.61798287220193,5.36187960927216,0.5458674237866534,0.4429799544976634,45.072115448415275,5.804859563769823,509.98585762385943,76.49787864357891,0.5963300379183916,False,False,True
8418,4.776596398267216,16.793430598718345,80.81832990589713,1.2603849355987928,0.6075381037704741,23.888982902848937,13.434744478974675,2.388298199133608,1.9106385593068864,0.8,0.8,1.0,3.919902877002993,7.396359831572663,1.2603849355987926,0.6075381037704743,0.8200000000000001,OK,8173,45.22861820672769,4.92450379320914,0.5435314342767641,0.44258578825399714,44.68508677245092,5.367089581463137,526.2132871372687,78.93199307059031,0.5730074263585225,False,False,True
8435,3.5294179174272444,16.048579801561395,77.69693137796143,1.970799690635414,0.6075381037704741,22.20015737440194,12.838863841249117,1.7647089587136222,1.4117671669708978,0.8,0.8,1.0,4.126455657815686,7.54550185493645,1.970799690635408,0.6075381037704802,0.8200000000000001,OK,8189,41.76499920367141,5.923750063941515,0.5451505308744408,0.44334008294639304,41.21984867279697,6.367090146887908,371.5724718618499,55.73587077927749,0.7493378791742062,False,False,True
8439,4.675200834726061,16.760975181481886,84.70700440359008,1.2016942633188057,0.6075381037704741,24.451058560522,13.40878014518551,2.3376004173630305,1.8700803338904244,0.8,0.8,1.0,4.240725843848306,7.95535554357458,1.2016942633188,0.6075381037704746,0.8200000000000001,OK,8193,42.90374580134987,3.7988053322962196,0.541510512721238,0.44298872041120313,42.36223528862863,4.241794052707423,514.0476690449221,77.10715035673832,0.5564172142642353,False,False,True
8461,3.54318345058776,14.757127449107974,83.63555490475512,1.1904251507973962,0.6075381037704741,21.37812030338003,11.80570195928638,1.77159172529388,1.417273380235104,0.8,0.8,1.0,5.198234864443776,8.911127675345444,1.1904251507973895,0.607538103770474,0.8200000000000001,OK,8214,35.43480768275329,5.065413502659373,0.544006693477233,0.4427442494937441,34.89080098927605,5.508157752153117,343.004095998663,51.45061439979945,0.6887149569761292,False,False,True
8468,4.610553554171355,16.50110286658715,69.1561223639431,1.3484671776888784,0.6075381037704741,21.053193151208625,13.20088229326972,2.3052767770856777,1.8442214216685424,0.8,0.8,1.0,3.3748823538775525,6.2584053590995,1.3484671776888757,0.6075381037704743,0.8200000000000001,OK,8221,49.2435461578339,8.573918342694894,0.5406439583425642,0.44196853712587164,48.702902199491334,9.015886879820766,499.0796731585459,74.86195097378189,0.6577913815668516,False,False,True
8473,4.750088632512222,16.751925786755336,65.4895553003825,0.8832946676518698,0.6075381037704741,20.7084481076415,13.40154062940427,2.375044316256111,1.9000354530048889,0.8,0.8,1.0,3.191031079448109,5.916513792267903,0.8832946676518676,0.6075381037704802,0.8200000000000001,OK,8225,50.48259824593978,9.904432011210304,0.5455156407379985,0.44475611861802167,49.93708260520179,10.349188129828326,521.999747575448,78.2999621363172,0.6447333672786653,False,True,True
8484,3.56585945675525,14.855849316488063,79.90045475504253,0.5432912205169941,0.6075381037704741,21.19798958095329,11.88467945319045,1.782929728377625,1.4263437827021002,0.8,0.8,1.0,5.167031436023564,8.762514422573403,0.543291220516989,0.6075381037704637,0.8200000000000001,OK,8235,36.813325914650456,5.77717555669939,0.5545319600629832,0.4446574042992455,36.258793954587475,6.221832960998636,347.5085922730447,52.12628884095671,0.7062333945731709,False,False,True
8508,5.475674268785718,16.754586863218115,72.29444640747421,1.601462919174689,0.6075381037704741,21.83420161527712,13.403669490574494,2.737837134392859,2.1902697075142874,0.8,0.8,1.0,3.099512931341824,5.981100537600117,1.6014629191746814,0.6075381037704742,0.8200000000000001,OK,8258,50.84213949158495,8.289388564175242,0.547931171875054,0.44456425620576834,50.294208319709895,8.73395282038101,601.8318507221448,90.27477760832173,0.5631931846143724,True,False,True
8516,5.172138431368034,16.65053836294419,81.93631825330785,1.4953626960315058,0.6075381037704741,23.7626988841524,13.320430690355352,2.586069215684017,2.0688553725472136,0.8,0.8,1.0,3.826680197243544,7.270774903932262,1.495362696031504,0.6075381037704777,0.8200000000000001,OK,8266,45.3273420490854,5.041110659805882,0.5413961702993513,0.4427304699777318,44.78594587878605,5.483841129783613,564.9399142668815,84.74098714003223,0.5348927783220553,False,False,True
8561,3.953686621804217,16.7076917929127,82.7649053972518,1.4842598758833294,0.6075381037704741,24.10728071863069,13.366153434330162,1.9768433109021089,1.581474648721687,0.8,0.8,1.0,4.252274013115013,7.949711524667583,1.4842598758833268,0.6075381037704759,0.8200000000000001,OK,8309,42.033676598922504,4.028234857077822,0.5433791136032453,0.443450650738224,41.49029748531926,4.471685507816046,433.33377255000795,65.00006588250119,0.6466712922246204,False,False,True
8595,5.021682438741044,16.588015669057302,73.682123424552,1.6548383578736832,0.6075381037704741,21.99708302050407,13.270412535245844,2.510841219370522,2.0086729754964177,0.8,0.8,1.0,3.3569390715527376,6.373482055269324,1.6548383578736812,0.6075381037704743,0.8200000000000001,OK,8341,49.220329222312024,7.663239353655421,0.5440982974340272,0.4428378736109446,48.676230924878,8.106077227266367,546.4463401813631,81.96695102720447,0.6004899365596265,False,False,True
8608,4.260804524854637,16.751447705610545,81.20021841161632,1.227590417887542,0.6075381037704741,23.957005382796986,13.401158164488436,2.1304022624273187,1.7043218099418551,0.8,0.8,1.0,4.133091175158693,7.718411664854818,1.2275904178875392,0.607538103770476,0.8200000000000001,OK,8353,43.65785105294411,4.470719020347232,0.5434211052182883,0.44285041837546596,43.114429947725824,4.913569438722698,468.21766583346897,70.23264987502034,0.6216175970952779,False,False,True
8612,5.124731088349588,16.78071639592781,80.44390602536353,1.5082058756420855,0.6075381037704741,23.69964973136652,13.42457311674225,2.562365544174794,2.049892435339835,0.8,0.8,1.0,3.700665892532939,7.075030437331353,1.5082058756420842,0.6075381037704773,0.8200000000000001,OK,8357,46.34867482429916,5.442000761593282,0.5435356669829176,0.4428378020753782,45.80513915731624,5.88483856366866,564.1380830333673,84.62071245500509,0.5477225785465217,True,False,True
8632,5.250224125540351,16.787385225033297,71.43558547379777,1.879975405387144,0.6075381037704741,21.59101223242824,13.429908180026638,2.6251120627701754,2.1000896502161406,0.8,0.8,1.0,3.0226731020667934,5.872685169773231,1.879975405387142,0.6075381037704717,0.8200000000000001,OK,8377,50.58947609366733,8.227996515744614,0.5470860320682912,0.44369858653751243,50.042390061599036,8.671695102282127,578.182229030654,86.72733435459809,0.5833163958069373,True,False,True
8651,5.1981180471462185,16.73117510816407,65.01237633338224,0.9777781642756248,0.6075381037704741,20.355678415644576,13.384940086531255,2.5990590235731093,2.0792472188584874,0.8,0.8,1.0,3.0073195035210496,5.634625985668761,0.9777781642756214,0.6075381037704735,0.8200000000000001,OK,8395,51.566637678539955,10.239480823445774,0.5472711583704586,0.4445453414100625,51.0193665201695,10.684026164855837,570.5272887149057,85.57909330723587,0.6025611593407698,False,True,True
8653,4.882037388906562,16.76897851782977,66.8216624708897,1.368184209587409,0.6075381037704741,20.74668544649289,13.415182814263815,2.441018694453281,1.9528149555626249,0.8,0.8,1.0,3.069112550927194,5.795405359007823,1.3681842095874075,0.6075381037704768,0.8200000000000001,OK,8397,50.8577832542779,9.223790442858457,0.5423462191771935,0.442529317040055,50.31543703510071,9.666319759898512,537.0460774416721,80.55691161625082,0.6313273713439918,False,True,True
8662,4.023562995595449,16.74936965588484,82.36919528790489,1.039815268375598,0.6075381037704741,24.19466295595768,13.399495724707874,2.0117814977977244,1.6094251982381795,0.8,0.8,1.0,4.353807424168526,8.062884613064941,1.0398152683755932,0.6075381037704852,0.8200000000000001,OK,8406,42.44350364876258,3.974661846245818,0.5430153551641139,0.4426974721995052,41.900488293598464,4.417359318445324,442.09246429210697,66.31386964381603,0.6400396157958271,False,False,True
8672,4.299763188375874,16.72801902666429,73.28724082124948,1.6349485895849696,0.6075381037704741,22.274052714582595,13.382415221331431,2.149881594187937,1.7199052753503494,0.8,0.8,1.0,3.519597041580816,6.633376037302341,1.6349485895849638,0.6075381037704686,0.8200000000000001,OK,8416,47.8422438988723,7.137217233526909,0.5407680365461205,0.44218205537298483,47.30147586232618,7.579399288899894,471.83797398998325,70.77569609849749,0.6759699520622299,False,False,True
8700,4.095464369038835,16.751659301161286,70.38893626452716,1.0983641173478031,0.6075381037704741,21.95881799921349,13.40132744092903,2.0477321845194174,1.638185747615534,0.8,0.8,1.0,3.587715013699775,6.636012719460133,1.0983641173477998,0.6075381037704662,0.8200000000000001,OK,8443,47.943065967319775,7.77046259082111,0.541301898061856,0.4420120142236561,47.40176406925792,8.212474605044765,450.0542040636073,67.5081306095411,0.7101821000586833,False,False,True
8710,3.523659744728676,16.10248784912568,64.60659160047445,0.8294394896671814,0.6075381037704741,20.030095455405515,12.881990279300544,1.761829872364338,1.4094638978914704,0.8,0.8,1.0,3.686308658483842,6.664951372091403,0.8294394896671773,0.6075381037704721,0.8200000000000001,OK,8453,43.51190662046656,9.480468342397478,0.5457980874824523,0.44450356695573084,42.96610853298411,9.924971909353209,372.21235474909105,55.831853212363654,0.7793383904876561,False,True,True
8739,3.710498839526791,16.756138152653108,62.95158272186296,1.5052938057131724,0.6075381037704741,19.970144770634622,13.404910522122488,1.8552494197633955,1.4841995358107165,0.8,0.8,1.0,3.210675302540519,5.922759036747999,1.5052938057131693,0.6075381037704762,0.8200000000000001,OK,8481,47.12679022115026,9.088742403800397,0.5448391980363175,0.4439584584024605,46.581951023113945,9.532700862202859,407.85902047762687,61.17885307164403,0.7703117638698134,False,True,True
8744,4.502346211934537,16.706057674586987,69.08697326991978,0.7928089308512898,0.6075381037704741,21.650208010472504,13.36484613966959,2.2511731059672684,1.8009384847738148,0.8,0.8,1.0,3.5018360172126144,6.448681305193391,0.7928089308512858,0.6075381037704755,0.8200000000000001,OK,8486,49.14102265521003,8.649077867186456,0.5426709065519102,0.44425877081305293,48.59835174865812,9.093336637999508,493.4199479982403,74.01299219973603,0.6639513036116015,False,False,True
8747,3.7453332596315136,16.68502188867999,74.14183749202331,1.857665099961308,0.6075381037704741,22.42164971980717,13.348017510943992,1.8726666298157568,1.4981333038526057,0.8,0.8,1.0,3.680317682096767,6.906128802149874,1.857665099961304,0.6075381037704778,0.8200000000000001,OK,8489,45.76502896093623,6.5366649659407,0.5417870537266776,0.44298066628744764,45.22324190720955,6.979645632228148,409.94074625783566,61.491111938675346,0.7442543729990989,False,False,True
8751,3.545193520869101,14.888469077733456,77.30626059388302,1.6794802736153762,0.6075381037704741,20.522456637362907,11.910775262186766,1.7725967604345505,1.4180774083476404,0.8,0.8,1.0,4.592344972475118,7.973704827685605,1.6794802736153684,0.6075381037704665,0.8200000000000001,OK,8493,38.19247029180642,6.581468116768174,0.5415481900207347,0.4420818867263874,37.65092210178569,7.023550003494561,346.2532269618664,51.937984044279965,0.7353475687320721,False,False,True
8767,4.444736230454181,16.792978793393306,60.546707752591885,1.288350274137977,0.6075381037704741,19.68876164973121,13.434383034714646,2.2223681152270904,1.7778944921816724,0.8,0.8,1.0,2.899618534308537,5.376087417230499,1.288350274137975,0.6075381037704763,0.8200000000000001,OK,8509,49.55685237285727,10.411073499188737,0.5421575044523597,0.44356806483679684,49.01469486840491,10.854641564025533,489.6407698672004,73.44611548008005,0.6747375548581328,False,True,True
8810,3.568085684693897,15.129630965117515,64.73844217845406,1.9626345443413309,0.6075381037704741,18.486581907081785,12.103704772094012,1.7840428423469488,1.4272342738775592,0.8,0.8,1.0,3.768822456632019,6.540550516449793,1.9626345443413256,0.6075381037704806,0.8200000000000001,OK,8551,40.47073959415369,8.8267139925266,0.559657200817285,0.4446705511760851,39.91108239333641,9.271384543702684,354.1338569783728,53.12007854675593,0.761872736286179,False,False,True
8816,5.164423838040728,16.792890917052468,68.53692131729628,1.749761122052388,0.6075381037704741,20.936755008342395,13.434312733641974,2.582211919020364,2.065769535216292,0.8,0.8,1.0,2.9415974287130098,5.674504009631487,1.749761122052385,0.6075381037704735,0.8200000000000001,OK,8557,51.10349484388074,8.802611628418742,0.5438725785699946,0.44307397355206224,50.55962226531074,9.245685601970804,568.9199764203806,85.3379964630571,0.5988363561593983,False,False,True
8823,3.5004809917267,15.984462882649913,70.84479720260683,1.3670908593387925,0.6075381037704741,20.98656218366912,12.787570306119932,1.75024049586335,1.40019239669068,0.8,0.8,1.0,3.9872507880201296,7.121916150043036,1.3670908593387876,0.6075381037704632,0.8200000000000001,OK,8564,43.136650994036934,7.488436673164558,0.5417611770395223,0.44226166088444374,42.59488981699741,7.930698334049001,367.05370365292106,55.05805554793816,0.7834757432811725,False,True,True
8866,3.5905181339612864,16.596218017158893,77.66835349560833,1.3595354972079514,0.6075381037704741,23.1930920835982,13.276974413727116,1.7952590669806432,1.4362072535845147,0.8,0.8,1.0,4.129829643764438,7.614143736227181,1.3595354972079492,0.6075381037704796,0.8200000000000001,OK,8604,43.18330381010567,5.23106836152381,0.5414223745675595,0.44344651790720546,42.64188143553811,5.674514879431015,390.90398265234325,58.63559739785149,0.7364690687314116,False,False,True
8874,4.974846277073818,16.768373599167997,65.75134081342881,1.184491678258807,0.6075381037704741,20.54464074017276,13.4146988793344,2.487423138536909,1.989938510829528,0.8,0.8,1.0,3.0407808778564736,5.718145206512405,1.184491678258804,0.6075381037704872,0.8200000000000001,OK,8612,51.16315626854022,9.69483329603116,0.5439826688036614,0.44291663761467653,50.619173599736556,10.137749933645836,547.2357311789691,82.08535967684537,0.6232921006859194,False,False,True
8876,3.745156780461244,16.58752963155511,70.52513487631605,1.5039367020426575,0.6075381037704741,21.64095530777675,13.270023705244087,1.872578390230622,1.4980627121844978,0.8,0.8,1.0,3.636004970011221,6.708294647428952,1.503936702042654,0.6075381037704707,0.8200000000000001,OK,8614,46.424494567749505,7.467775600461628,0.5415370250451809,0.4417853073913007,45.882957542704325,7.909560907852928,407.526217903926,61.1289326855889,0.7594520716815009,False,False,True
8894,3.554520798530705,14.634124000323435,74.25148249835961,1.619874444612372,0.6075381037704741,19.624894423636405,11.70729920025875,1.7772603992653524,1.421808319412282,0.8,0.8,1.0,4.529856544231418,7.768054601486391,1.6198744446123663,0.6075381037704759,0.8200000000000001,OK,8632,38.30143862115855,7.363231482314445,0.5449013752490987,0.4427652314144671,37.756537245909456,7.805996713728912,341.2334757159212,51.18502135738818,0.7482938876537173,False,False,True
8897,4.684571244870524,16.67191310602779,84.98731399763054,1.221523802300872,0.6075381037704741,24.34939149537267,13.337530484822231,2.342285622435262,1.8738284979482096,0.8,0.8,1.0,4.279045471762043,8.000277895153456,1.2215238023008663,0.6075381037704759,0.8200000000000001,OK,8635,42.60553071297365,3.792008111344857,0.5410681720928487,0.4427899595745181,42.064462540880804,4.234798070919375,512.3410166516145,76.85115249774218,0.5543902638834904,False,False,True
8904,4.796996433843009,16.690098552887413,79.5965941151321,0.8433836793903924,0.6075381037704741,23.6359067945178,13.35207884230993,2.3984982169215043,1.9187985735372035,0.8,0.8,1.0,4.0209827475212165,7.46275666169039,0.8433836793903919,0.6075381037704612,0.8200000000000001,OK,8640,45.5984462448609,5.245016642596568,0.5431515906652746,0.4421060958832483,45.05529465419563,5.6871227384798155,525.2089716458017,78.78134574687026,0.5787975035533381,False,False,True
8931,3.588039184981645,16.723357438030327,78.10909000072533,1.6612020373811072,0.6075381037704741,23.36503176466104,13.378685950424265,1.7940195924908224,1.435215673992658,0.8,0.8,1.0,4.00791035654505,7.491779225495975,1.6612020373811045,0.6075381037704776,0.8200000000000001,OK,8667,43.567684883183134,5.206391564284118,0.5442183062919692,0.44424169128408586,43.02346657689117,5.650633255568204,393.62664535622235,59.04399680343335,0.7378850897954408,False,False,True
8938,5.107616472792059,16.635905736091818,86.05193720810469,0.8135589973361842,0.6075381037704741,24.45346237404296,13.308724588873456,2.553808236396029,2.043046589116824,0.8,0.8,1.0,4.387085075477689,8.13162644119203,0.8135589973361809,0.5289000006639581,0.8200000000000001,OK,8674,43.22243147908819,3.7958169530469896,0.5406962941420156,0.4432213767810722,42.68173518494618,4.239038329828062,557.4020597242588,83.61030895863883,0.5169509838848926,True,False,True
8939,4.731640512991327,16.733167074330865,85.62550463476761,1.0551835751070366,0.6075381037704741,24.54392583268565,13.386533659464693,2.365820256495664,1.892656205196531,0.8,0.8,1.0,4.351714134961089,8.120497522554398,1.0551835751070355,0.5738477252785942,0.8200000000000001,OK,8675,42.62861340860738,3.628996960947164,0.5411047663679421,0.4428800866533221,42.087508642239435,4.071877047600486,519.3901729314905,77.90852593972357,0.5471623663062034,True,False,True
8973,3.618853719465192,15.332432004337411,83.42709468553659,0.5448832208267819,0.6075381037704741,22.318120054418472,12.26594560346993,1.809426859732596,1.447541487786077,0.8,0.8,1.0,5.222575707664365,9.009402165381664,0.5448832208267803,0.6075381037704798,0.8200000000000001,OK,8708,37.43376907110165,4.719171553585649,0.54874365247102,0.44346018919654817,36.88502541863063,5.162631742782197,363.98703553297395,54.59805532994609,0.6856245858004008,False,False,True
8984,4.523448291601141,16.66898560844972,63.52838598129416,1.0942639966386598,0.6075381037704741,20.015016114922936,13.335188486759776,2.2617241458005704,1.8093793166404564,0.8,0.8,1.0,3.132240743537942,5.784692136533451,1.0942639966386565,0.6075381037704775,0.8200000000000001,OK,8718,49.702816593095314,10.062430106306605,0.5438843687407043,0.44266834931780924,49.15893222435461,10.505098455624415,494.63249174462425,74.19487376169364,0.6698955611507027,False,True,True
9013,3.507813316841056,15.603040505060717,85.80638691472325,1.6778742824513695,0.6075381037704741,22.845042906469843,12.482432404048572,1.7539066584205278,1.4031253267364223,0.8,0.8,1.0,4.887746152421773,8.733595070482082,1.677874282451369,0.6075381037704748,0.8200000000000001,OK,8744,36.44254320816371,4.101072330828709,0.5418453150032007,0.4426077416799328,35.90069789316051,4.543680072508641,359.04554943061726,53.85683241459259,0.6766558962775083,False,False,True
9028,4.679134905173644,16.556012214388772,75.80601550190701,0.6866664379156148,0.6075381037704741,22.84233813767726,13.24480977151102,2.339567452586822,1.8716539620694577,0.8,0.8,1.0,3.922359687177892,7.191999398630246,0.6866664379156145,0.6075381037704591,0.8200000000000001,OK,8759,46.82928517459431,6.473681110374363,0.5409109513993696,0.4425086904496478,46.28837422319494,6.916189800824011,508.18886405694974,76.22832960854247,0.614329153151828,False,False,True
9039,3.6539829023380825,16.55062268572681,76.99003480450716,1.3906774818805756,0.6075381037704741,22.983274215896827,13.24049814858145,1.8269914511690413,1.461593160935233,0.8,0.8,1.0,4.074907851312357,7.507620790541786,1.3906774818805698,0.6075381037704735,0.8200000000000001,OK,8768,43.62273619560745,5.527800761950973,0.5409255315536308,0.4430686314583561,43.08181066405382,5.970869393409329,396.7205415975164,59.50808123962746,0.7330556671781634,False,False,True
9064,3.831741583284763,16.541489491801812,76.6957604836058,0.5332365264248313,0.6075381037704741,23.1846044144126,13.23319159344145,1.9158707916423816,1.5326966333139054,0.8,0.8,1.0,4.295816471785152,7.768049330270221,0.5332365264248271,0.6075381037704728,0.8200000000000001,OK,8792,43.67311343430393,5.473357415724334,0.5434064125122127,0.44323208589458357,43.12970702179172,5.916589501618918,415.7905981669445,62.36858972504167,0.7002421190993949,False,False,True
9068,3.5249602841763,16.3985788354226,63.70182559395556,1.4022164234577892,0.6075381037704741,19.827513657625342,13.11886306833808,1.76248014208815,1.40998411367052,0.8,0.8,1.0,3.463362903162309,6.253767650170085,1.4022164234577836,0.6075381037704705,0.8200000000000001,OK,8796,45.07456219660676,9.042316963370633,0.5442377976703475,0.4440254859438751,44.530324398936415,9.486342449314508,379.19646457339957,56.879469686009934,0.792457497326022,False,True,True
9075,3.580862738870204,16.700152322666707,79.67216588795164,1.4674752784762946,0.6075381037704741,23.65907249720384,13.360121858133368,1.790431369435102,1.4323450955480816,0.8,0.8,1.0,4.181255488858465,7.770367279275272,1.4674752784762917,0.6075381037704819,0.8200000000000001,OK,8803,42.534616461828215,4.641802912964821,0.5427376452872732,0.44410803221846173,41.99187881654094,5.085910945183283,392.294252898152,58.84413793472281,0.7228352382188498,False,False,True
9102,3.502339920713915,15.047954081988244,74.35352967221417,0.9848893724363053,0.6075381037704741,20.502173721561785,12.038363265590595,1.7511699603569575,1.400935968285566,0.8,0.8,1.0,4.632329328035141,7.948561929918419,0.984889372436303,0.6075381037704736,0.8200000000000001,OK,8830,38.49153385919168,6.897682065996772,0.5527631317278703,0.44448671014567265,37.938770727463805,7.342168776142445,345.7320100100978,51.85980150151467,0.7422229307620365,False,False,True
9112,3.81672587612161,16.536027088236686,66.51559392242378,1.7353312876182223,0.6075381037704741,20.44532947616128,13.22882167058935,1.908362938060805,1.526690350448644,0.8,0.8,1.0,3.360061564188204,6.205774161054999,1.7353312876182223,0.6075381037704878,0.8200000000000001,OK,8839,46.889168357297464,8.327380805506866,0.5428258582793175,0.44244238286580206,46.34634249901815,8.76982318837267,414.0244450420407,62.103666756306104,0.7550144911940528,False,False,True
9133,3.5889446996110514,16.180224141282938,77.20577834882145,1.772707756341282,0.6075381037704741,22.357981402525027,12.944179313026352,1.7944723498055255,1.4355778798444208,0.8,0.8,1.0,4.104478420966853,7.510949114137295,1.7727077563412794,0.6075381037704658,0.8200000000000001,OK,8859,42.47742380664009,5.889943835978205,0.5428454990262146,0.443029378474351,41.934578307613876,6.332973214452555,380.93873863766777,57.14081079565016,0.7433815379090435,False,False,True
9143,5.27600587455448,16.571829315385372,77.3195867770797,0.768081257190413,0.6075381037704741,23.01141625345325,13.2574634523083,2.63800293727724,2.110402349821792,0.8,0.8,1.0,3.795508095876453,7.039476750977098,0.7680812571904115,0.6075381037704769,0.8200000000000001,OK,8869,47.66012738048368,6.45823773609572,0.5430275761369947,0.4436224716222673,47.11709980434669,6.901860207717987,573.5609314597732,86.03413971896597,0.5539676172292468,False,False,True
9162,3.5058568083505564,16.047942663421384,72.1109522149868,0.8757888272290996,0.6075381037704741,21.56848690800271,12.838354130737107,1.7529284041752782,1.4023427233402226,0.8,0.8,1.0,4.18843774043858,7.43099014241708,0.8757888272290987,0.6075381037704686,0.8200000000000001,OK,8886,42.535013146730755,7.009366662192678,0.5453096474819734,0.4442292063155258,41.98970349924878,7.453595868508203,369.0773361455335,55.36160042183002,0.7683125636295456,False,False,True
9190,4.379387610293154,16.503127464945475,77.10204899038543,1.020322855530294,0.6075381037704741,22.93591483609332,13.20250197195638,2.189693805146577,1.7517550441172618,0.8,0.8,1.0,3.9993779287931233,7.352728947816635,1.0203228555302908,0.6075381037704737,0.8200000000000001,OK,8912,45.46722718409906,5.890367377966472,0.5407744763358462,0.44185620766817457,44.92645270776321,6.3322235856346465,474.11476319902505,71.11721447985376,0.6393280096337169,False,False,True
9191,5.192759392687362,16.624966429788554,64.84326669997307,1.2754633438986116,0.6075381037704741,20.07187980228585,13.299973143830844,2.596379696343681,2.077103757074945,0.8,0.8,1.0,2.9481280943419925,5.53889274540076,1.275463343898611,0.6075381037704684,0.8200000000000001,OK,8913,51.381472249618575,9.983949776085787,0.5443231859139533,0.44277196445724043,50.83714906370462,10.426721740543027,566.3211958139617,84.94817937209424,0.60485666237242,False,False,True
9226,4.098691492687353,16.555477434147036,69.70782991294962,1.8696416439081776,0.6075381037704741,21.12474519590002,13.24438194731763,2.0493457463436764,1.6394765970749412,0.8,0.8,1.0,3.380637702173715,6.324441711443027,1.869641643908176,0.6075381037704639,0.8200000000000001,OK,8947,47.629350591143385,7.859619746953714,0.5404172572289515,0.4421831881873672,47.08893333391443,8.301802935141081,445.13401202965633,66.77010180444846,0.7133335026302169,False,False,True
9242,4.7207837634844285,16.755173795997848,66.22765278373228,1.04233633493758,0.6075381037704741,20.8150545762832,13.40413903679828,2.3603918817422143,1.888313505393772,0.8,0.8,1.0,3.190697393483216,5.941661904786338,1.0423363349375765,0.6075381037704829,0.8200000000000001,OK,8960,50.45256792631444,9.528322002769999,0.5438330022555448,0.4431407055269981,49.90873492405889,9.971462708296997,518.879943812922,77.8319915719383,0.6482240388219065,False,True,True
9257,3.903862410104325,16.612326270969962,74.9311379572981,1.6574948706775112,0.6075381037704741,22.530611483162645,13.289861016775973,1.9519312050521629,1.5615449640417305,0.8,0.8,1.0,3.766623353469793,7.025596409207196,1.6574948706775088,0.6075381037704742,0.8200000000000001,OK,8975,45.74714701246715,6.431746046894379,0.5408122761462425,0.44247766235399916,45.20633473632091,6.874223709248378,425.43066864300096,63.814600296450145,0.7168758685308565,False,False,True
9293,4.273880021513737,16.792396553859174,74.496319559087,1.4693071566892213,0.6075381037704741,22.704265604654296,13.43391724308734,2.1369400107568683,1.7095520086054947,0.8,0.8,1.0,3.6265718316694624,6.823918395236229,1.4693071566892162,0.607538103770483,0.8200000000000001,OK,9010,47.39574199943829,6.701363848600893,0.5413353825820189,0.442160153958788,46.854406616856274,7.143524002559682,470.802594230379,70.62038913455685,0.6711339682528883,False,False,True
9300,4.046648073917693,16.744921236312805,69.23288594915925,1.312204740377734,0.6075381037704741,21.58308400114332,13.395936989050243,2.0233240369588463,1.6186592295670772,0.8,0.8,1.0,3.477841554731686,6.455844774353995,1.3122047403777306,0.6075381037704756,0.8200000000000001,OK,9016,48.134484158216715,8.019596175917359,0.541803291155733,0.44186660510115944,47.592680867060984,8.461462781018518,444.51086944351624,66.67663041652743,0.7219093685077014,False,False,True
9307,3.902155819424614,16.723526446992402,68.04776483328394,1.1132202184503364,0.6075381037704741,21.419593913615635,13.378821157593922,1.951077909712307,1.5608623277698457,0.8,0.8,1.0,3.527993106569081,6.48850197593935,1.1132202184503353,0.6075381037704758,0.8200000000000001,OK,9022,47.64831875365969,8.313637066934099,0.5437325782085607,0.4423713396927795,47.104586175451125,8.75600840662688,428.09120766459944,64.21368114968992,0.7420275228044573,False,False,True
9308,3.541584148677966,16.462446031064328,89.05037159994235,0.5824055011561561,0.6075381037704741,24.54039575812168,13.169956824851464,1.770792074338983,1.4166336594711864,0.8,0.8,1.0,5.266147564857771,9.452477496925855,0.5824055011561529,0.6075381037704773,0.8200000000000001,OK,9023,38.888840727093616,2.962919846685857,0.5434284363633953,0.44291967670024607,38.34541229073022,3.4058395233861027,382.46858470327055,57.37028770549058,0.6778568189640051,False,False,True
9311,3.5044933561257348,16.73721572705751,71.77446808540337,0.6799195840454265,0.6075381037704741,22.582299967218987,13.389772581646008,1.7522466780628674,1.401797342450294,0.8,0.8,1.0,3.9255714775306174,7.236446796912814,0.6799195840454222,0.6075381037704765,0.8200000000000001,OK,9026,44.79365301894986,6.756766204748165,0.5502666360335338,0.44462255735247946,44.24338638291633,7.2013887621006445,384.7798262297863,57.716973934467944,0.776091502472197,False,False,True
9359,3.521640149352792,15.289554617980288,84.31987411553033,1.4757419202548256,0.6075381037704741,22.21541239888198,12.231643694384232,1.7608200746763958,1.4086560597411166,0.8,0.8,1.0,4.966694866698223,8.729292764571863,1.475741920254823,0.6075381037704782,0.8200000000000001,OK,9073,36.277534152617704,4.566987531613976,0.5402299527953399,0.4423275415059371,35.73730419982236,5.009315073119913,353.2186697191156,52.98280045786734,0.6847039763680688,False,False,True
9388,4.948850301567056,16.798061585535237,63.67412530176324,1.0950273722747,0.6075381037704741,20.08570859006135,13.43844926842819,2.474425150783528,1.9795401206268224,0.8,0.8,1.0,2.9596119195904755,5.551823020698858,1.0950273722746957,0.6075381037704802,0.8200000000000001,OK,9101,51.20113581819414,10.260233148433093,0.5457293648004545,0.443468545580282,50.65540645339368,10.703701694013375,545.3399644601664,81.80099466902494,0.6259231446434006,False,True,True
9391,4.033968214986525,16.761707569833042,73.4004687815656,0.9377422405859308,0.6075381037704741,22.70673271015214,13.409366055866435,2.016984107493262,1.61358728599461,0.8,0.8,1.0,3.822385348795226,7.051777236869574,0.937742240585928,0.6075381037704757,0.8200000000000001,OK,9104,46.61078674308204,6.693816672107252,0.5401570416850427,0.44216139046060715,46.070629701396996,7.135978062567859,443.5622429103723,66.53433643655583,0.7005523649811702,False,False,True
9398,4.859554024982581,16.773267582195793,84.8133288317756,0.80046276348069,0.6075381037704741,24.52716584932101,13.418614065756636,2.4297770124912903,1.9438216099930323,0.8,0.8,1.0,4.338248082585022,8.06649583268657,0.8004627634806847,0.6075381037704735,0.8200000000000001,OK,9111,43.46466700722406,3.851572573567153,0.5412610025058664,0.4429379275132546,42.92340600471819,4.294510501080407,534.7095359420713,80.2064303913107,0.5419100039132633,True,False,True
9399,3.8240481260572055,16.768534728771,77.62136722433922,1.988742660503036,0.6075381037704741,23.197587048276425,13.414827783016802,1.9120240630286027,1.5296192504228825,0.8,0.8,1.0,3.776035199028108,7.164505338428455,1.988742660503031,0.6075381037704783,0.8200000000000001,OK,9112,44.81410553157583,5.6603746785265905,0.5489842611212553,0.4445669597557046,44.26512127045457,6.104941638282295,420.6513657692094,63.09770486538141,0.7102335279418873,False,False,True
9402,4.7676282049912295,16.75278996729629,72.28663975750729,1.0295956542618134,0.6075381037704741,22.25444929456043,13.402231973837033,2.3838141024956148,1.907051281996492,0.8,0.8,1.0,3.5067066194815446,6.55056903623206,1.0295956542618092,0.6075381037704839,0.8200000000000001,OK,9115,49.23934466925938,7.76561051406423,0.5409272352522437,0.4428869760595458,48.69841743400714,8.208497490123776,523.954245180066,78.5931367770099,0.626509472563295,False,False,True
9403,4.546109919985251,16.6865721169159,66.48015683084219,0.7262905456857718,0.6075381037704741,21.026642617189808,13.34925769353272,2.273054959992625,1.8184439679941005,0.8,0.8,1.0,3.375119685552903,6.194118341540699,0.726290545685769,0.6075381037704721,0.8200000000000001,OK,9116,49.535624223511796,9.605351292305546,0.5453378243307712,0.4461060746706494,48.990286399181024,10.051457366976194,497.63498116507,74.6452471747605,0.6636139084319501,False,False,True
9404,3.539787926167577,14.590886681934103,85.08903733875516,0.9612700352502104,0.6075381037704741,21.326628855041392,11.672709345547284,1.7698939630837884,1.4159151704670307,0.8,0.8,1.0,5.437698583681989,9.225564258607896,0.9612700352502064,0.6075381037704773,0.8200000000000001,OK,9117,34.81893590658167,4.942286767579852,0.5473270363364066,0.44387880599393537,34.27160887024527,5.386165573573788,338.81510797766003,50.822266196649004,0.6851118321220685,False,False,True
9434,4.230423744867644,16.574004391398645,85.07132432052424,0.6973674983839169,0.6075381037704741,24.31000635942168,13.259203513118916,2.115211872433822,1.6921694979470576,0.8,0.8,1.0,4.664114408759836,8.51048492175013,0.6973674983839102,0.6075381037704708,0.8200000000000001,OK,9147,41.698768449365744,3.62633515575223,0.5416742273410334,0.44201222997795353,41.15709422202471,4.068347385730183,459.9548049154322,68.99322073731483,0.6043893588926638,False,False,True
9436,4.6084343381340505,16.711506722316155,72.6434341861112,1.4890258927219304,0.6075381037704741,22.10200701940434,13.369205377852923,2.304217169067025,1.8433737352536204,0.8,0.8,1.0,3.441921977813461,6.486753324639226,1.4890258927219242,0.6075381037704802,0.8200000000000001,OK,9149,48.836561876321,7.561910034109071,0.5410190284624808,0.4421766188270297,48.29554284785852,8.0040866529361,505.21106212228347,75.78165931834252,0.6444377480726446,False,False,True
9446,5.20745564615121,16.607086425588225,62.88559669613143,1.813132448761813,0.6075381037704741,20.27683875587978,13.28566914047058,2.603727823075605,2.082982258460484,0.8,0.8,1.0,2.6637222725226763,5.036670924282534,1.8131324487618103,0.6075381037704763,0.8200000000000001,OK,9159,51.16390967870454,9.766778985709529,0.5438832047057319,0.444746776737399,50.62002647399881,10.211525762446927,567.3131687832114,85.09697531748171,0.6012424000714606,False,False,True
9451,5.007391824893096,16.599444397116596,69.876307735897,1.1550335457853838,0.6075381037704741,21.36232234210587,13.279555517693275,2.503695912446548,2.0029567299572384,0.8,0.8,1.0,3.3146823023900005,6.188383109686875,1.1550335457853798,0.6075381037704742,0.8200000000000001,OK,9163,50.296066069625255,8.73453257007273,0.5409791603463937,0.44284110055914294,49.75508690927886,9.177373670631873,545.266689447593,81.79000341713895,0.6149414839012686,False,False,True
9452,3.5595043561258373,16.322836282660017,74.74407371145283,0.8493697963055793,0.6075381037704741,22.45967282106757,13.058269026128016,1.7797521780629186,1.423801742450335,0.8,0.8,1.0,4.233769822650579,7.609864499256339,0.8493697963055776,0.6075381037704732,0.8200000000000001,OK,9164,42.94469434116842,6.047724879493493,0.543190335805616,0.44335005853344006,42.4015040053628,6.491074938026933,381.14391695211924,57.17158754281788,0.7511544840171803,False,False,True
9461,5.141499692227284,16.713234124790965,75.20415856478358,0.7314840476113617,0.6075381037704741,22.85328638056221,13.370587299832772,2.570749846113642,2.056599876890913,0.8,0.8,1.0,3.672002902202923,6.834006651056148,0.7314840476113588,0.6075381037704762,0.8200000000000001,OK,9173,48.585704481326644,7.041698516284452,0.543537458617551,0.4451358383396967,48.042167022709094,7.486834354624149,563.7079379933035,84.55619069899554,0.5745966567283383,False,False,True
9487,3.5414997247026907,15.746229618936898,81.9340514704798,1.0186027599600012,0.6075381037704741,22.67646825918301,12.596983695149518,1.7707498623513451,1.4165998898810763,0.8,0.8,1.0,4.829416086006859,8.538269024593074,1.0186027599599974,0.6075381037704782,0.8200000000000001,OK,9199,38.48475784499499,4.588864772861014,0.5432341949070375,0.44236116638299844,37.94152365008795,5.031225939244012,365.8201571653417,54.87302357480126,0.70134203180063,False,False,True
9500,3.5189047842807937,16.705184736282497,80.18743507167632,1.648298086432472,0.6075381037704741,23.711764865486828,13.364147789026,1.7594523921403968,1.4075619137123176,0.8,0.8,1.0,4.166465336658682,7.777084263446405,1.6482980864324648,0.6075381037704746,0.8200000000000001,OK,9211,42.23152133653312,4.5753342141546005,0.5451820608054508,0.4447422555742263,41.68633927572767,5.020076469728827,385.62274145964125,57.84341121894619,0.7301008091773898,False,False,True
9507,3.533447732825898,15.039091269891816,77.22245660509653,1.0755853808548603,0.6075381037704741,20.92890632252445,12.031273015913452,1.766723866412949,1.4133790931303594,0.8,0.8,1.0,4.758683820259154,8.195524662660958,1.0755853808548552,0.6075381037704722,0.8200000000000001,OK,9218,37.96044727818417,6.236165677354001,0.5481696948014888,0.44315779493377516,37.41227758338268,6.679323472287776,348.59736976092813,52.28960546413922,0.725965456064071,False,False,True
9530,4.168289374758272,16.640455395202586,84.5337172518766,1.0174652140369298,0.6075381037704741,24.307316958482176,13.31236431616207,2.084144687379136,1.6673157499033089,0.8,0.8,1.0,4.501461803357238,8.302350001181274,1.0174652140369256,0.6075381037704649,0.8200000000000001,OK,9241,41.644773377496605,3.6398627916028405,0.5419732881520445,0.44235442354364835,41.10280008934456,4.082217215146489,455.01625120215016,68.25243768032252,0.6101580367363638,False,False,True
9537,3.522962600648192,15.779059631983513,80.12631422983179,1.3142351615108492,0.6075381037704741,22.40239155912664,12.62324770558681,1.7614813003240957,1.4091850402592767,0.8,0.8,1.0,4.600133874939321,8.193784896403631,1.3142351615108447,0.6075381037704651,0.8200000000000001,OK,9248,39.27834445879571,5.066497658515143,0.5423373781646847,0.44272159666330924,38.736007080631026,5.5092192551784525,364.66408243710356,54.699612365565535,0.718073543122989,False,False,True
9554,4.122391679229962,16.734915213969426,72.94139173325466,1.3098940307750806,0.6075381037704741,22.390039526393124,13.387932171175542,2.061195839614981,1.648956671691985,0.8,0.8,1.0,3.6589557739924414,6.813659476396335,1.3098940307750784,0.6075381037704752,0.8200000000000001,OK,9264,47.341934548876985,7.031580308904067,0.5393984402379264,0.441808311086781,46.80253610863906,7.473388619990848,452.56046151330327,67.88406922699549,0.6973938817747021,False,False,True
9555,4.8735781871483095,16.797117980388308,72.87536918193594,0.6556240939124846,0.6075381037704741,22.589871443029736,13.437694384310646,2.4367890935741547,1.949431274859324,0.8,0.8,1.0,3.611813721306085,6.704800234589575,0.6556240939124814,0.6075381037704731,0.8200000000000001,OK,9265,49.026966822641526,7.622606390117235,0.5426058860552256,0.44676217769862,48.4843609365863,8.069368567815856,537.0151647429219,80.55227471143829,0.6086354109585409,False,False,True
9567,3.554671413412981,15.5315412805555,69.43522666994373,1.4076661495457896,0.6075381037704741,20.011501226004967,12.425233024444402,1.7773357067064908,1.4218685653651928,0.8,0.8,1.0,4.044565848829873,7.09732368772085,1.4076661495457847,0.6075381037704676,0.8200000000000001,OK,9277,41.79530905303039,8.067912323292319,0.5409699759473974,0.44249160799908854,41.25433907708299,8.510403931291407,362.17448922329686,54.32617338349453,0.769340199207344,False,True,True
9568,4.193110968727129,16.766958939815837,68.93705698136006,1.7692860667093186,0.6075381037704741,21.25736994443556,13.41356715185267,2.0965554843635643,1.6772443874908516,0.8,0.8,1.0,3.268977378762436,6.168388824901758,1.7692860667093144,0.6075381037704694,0.8200000000000001,OK,9278,48.64589594467936,8.02274125653638,0.5405157276822271,0.4419714247532904,48.10538021699713,8.46471268128967,461.205519544369,69.18082793165536,0.7031701903414235,False,False,True
9579,5.496557937575815,16.633880412872145,81.01293584331489,0.8411799095374999,0.6075381037704741,23.69487435061532,13.307104330297715,2.7482789687879072,2.198623175030326,0.8,0.8,1.0,3.911728055269954,7.311717047932472,0.8411799095374974,0.6075381037704798,0.8200000000000001,OK,9289,46.31768863163405,5.351170982025196,0.5427078660846996,0.4436486290795732,45.77498076554935,5.794819611104769,599.7748134493488,89.96622201740233,0.514834207694914,True,False,True
9645,3.527454044152057,15.326197418202614,77.41627519223769,1.7991998922411807,0.6075381037704741,21.144149734133848,12.260957934562091,1.7637270220760286,1.410981617660823,0.8,0.8,1.0,4.415825605110392,7.811005891687483,1.79919989224118,0.6075381037704766,0.8200000000000001,OK,9355,39.47892845655676,6.3702017026452165,0.5412057198471663,0.4422139777893354,38.937722736709595,6.812415680434552,354.64971834188435,53.19745775128265,0.7421205848056692,False,False,True
9648,5.015854038091256,16.542772745418016,67.92924246410593,1.7937709831334665,0.6075381037704741,20.44509717142698,13.234218196334414,2.507927019045628,2.0063416152365026,0.8,0.8,1.0,3.0317443558250616,5.75766471456774,1.793770983133466,0.6075381037704721,0.8200000000000001,OK,9358,50.379296999781296,8.874911588900481,0.5410822064593814,0.4423933660960758,49.83821479332192,9.317304954996557,544.323435604731,81.64851534070965,0.6170264920256592,False,False,True
9657,4.434580199201999,16.549700858729764,84.72735457534937,0.6702818482191548,0.6075381037704741,24.22300439603179,13.239760686983812,2.217290099601,1.7738320796807998,0.8,0.8,1.0,4.593132559225904,8.38645090109512,0.6702818482191482,0.6075381037704763,0.8200000000000001,OK,9367,42.2710431857789,3.8029913624246126,0.5414946306258529,0.44209549250287705,41.729548555153045,4.245086854927489,481.44480079430605,72.2167201191459,0.5853359598170412,False,False,True
9658,4.68205406610551,16.557022173678526,80.45991875012376,0.8751250802786387,0.6075381037704741,23.58204827217497,13.24561773894282,2.341027033052755,1.872821626442204,0.8,0.8,1.0,4.147264777201816,7.646130610212477,0.8751250802786379,0.6075381037704731,0.8200000000000001,OK,9368,44.636435430740384,4.975235722483015,0.5425939578943155,0.44195301327004627,44.093841472846066,5.4171887357530615,508.5369268201114,76.28053902301671,0.5851615104249839,False,False,True
9664,3.5325353547990925,14.955233470259028,85.04139707252766,1.2874313448818937,0.6075381037704741,21.82524205911117,11.964186776207224,1.7662676773995465,1.4130141419196371,0.8,0.8,1.0,5.191423926969563,8.979399584880493,1.2874313448818908,0.6075381037704741,0.8200000000000001,OK,9374,35.3537433982152,4.660989882118279,0.5424723865636302,0.4427797898331019,34.81127101165157,5.1037696719513805,346.5640847826487,51.984612717397304,0.6800809229917303,False,False,True
9676,5.40200766435024,16.78509470965416,64.96940731972353,1.6101127642041062,0.6075381037704741,20.517092230865856,13.428075767723328,2.70100383217512,2.160803065740096,0.8,0.8,1.0,2.7170069502471,5.2143219859600265,1.6101127642041042,0.6075381037704671,0.8200000000000001,OK,9385,51.97647883157142,9.70725670695725,0.5451551120418485,0.4438319627841474,51.43132371952957,10.151088669741396,594.8162593606808,89.22243890410212,0.5825494065168592,True,False,True
9678,3.5749180133801426,15.185230354916616,82.28801459952226,1.3472202860750098,0.6075381037704741,21.81307315724483,12.148184283933292,1.7874590066900713,1.4299672053520571,0.8,0.8,1.0,4.903481550605925,8.561078353469878,1.3472202860750064,0.6075381037704851,0.8200000000000001,OK,9387,36.917624392817665,5.054788522741376,0.5413003403353057,0.44224073556757726,36.37632405248236,5.497029258308953,356.1158551772564,53.41737827658845,0.6911163666936789,False,False,True
9684,4.106835363689655,16.64434963758745,74.52969141411783,1.26772746737444,0.6075381037704741,22.610378385855185,13.31547971006996,2.053417681844828,1.642734145475862,0.8,0.8,1.0,3.7993471640117313,7.041887154146874,1.2677274673744348,0.607538103770475,0.8200000000000001,OK,9393,46.40513084552083,6.54955901631794,0.5393322558904957,0.44190272708435246,45.86579858963034,6.991461743402293,448.41276025402055,67.26191403810309,0.6899168944141683,False,False,True
9697,4.0652171559010055,16.65466762400594,80.70001672892515,0.8999043799177785,0.6075381037704741,23.836709147476,13.323734099204753,2.0326085779505028,1.6260868623604023,0.8,0.8,1.0,4.313712872516213,7.931714329489036,0.8999043799177734,0.6075381037704721,0.8200000000000001,OK,9406,43.095282817934695,4.445182712338535,0.542547913691448,0.4423564823454898,42.552734904243245,4.887539194684025,444.14375401415316,66.62156310212298,0.6468668823016764,False,False,True
9704,3.514809793627302,15.011481668457304,84.11665126208882,1.6815864996011296,0.6075381037704741,21.741853883758694,12.009185334765846,1.757404896813651,1.405923917450921,0.8,0.8,1.0,4.963754138643061,8.68128349665724,1.6815864996011265,0.6075381037704874,0.8200000000000001,OK,9413,35.763080670138486,4.885494536004111,0.5411197465939117,0.4422771713877977,35.22196092354457,5.327771707391909,346.122018270587,51.91830274058805,0.6888337788858431,False,False,True
9705,3.705047035729197,16.551155607473888,75.98480396584944,1.032239840478732,0.6075381037704741,22.920146629614308,13.24092448597911,1.8525235178645985,1.4820188142916788,0.8,0.8,1.0,4.120372047082078,7.526168223017155,1.0322398404787272,0.6075381037704658,0.8200000000000001,OK,9414,43.91760356037368,5.692871933432576,0.5404383150267638,0.44277872443773236,43.377165245346916,6.1356506578703085,402.2776337401466,60.34164506102199,0.7278158146991337,False,False,True
9721,4.040952232701909,16.74136190239117,73.77717950290277,1.111032242160174,0.6075381037704741,22.67772258517833,13.393089521912936,2.0204761163509546,1.6163808930807635,0.8,0.8,1.0,3.793343553323989,7.024088572524857,1.1110322421601728,0.6075381037704817,0.8200000000000001,OK,9429,46.611782424536536,6.633272190345203,0.5394446158339954,0.44195084802924584,46.07233780870254,7.07522303837445,443.7908470520751,66.56862705781126,0.7002064558738266,False,False,True
9732,3.587112529981855,16.66803217142973,88.86372122349408,1.2628849216239173,0.6075381037704741,24.82177936070761,13.334425737143784,1.7935562649909276,1.434845011992742,0.8,0.8,1.0,4.894585769213656,9.018737259294536,1.2628849216239122,0.5346264594126182,0.8200000000000001,OK,9439,38.75258650201038,2.8310652339403477,0.5444200841648921,0.443701797248107,38.20816641784549,3.2747670311884547,392.22310226293223,58.83346533943983,0.6586827119298044,True,False,True
9737,5.296669918843722,16.62076733332439,80.50908731403098,0.6811574466064444,0.6075381037704741,23.65717308411231,13.296613866659513,2.648334959421861,2.1186679675374887,0.8,0.8,1.0,4.004917584358356,7.425416098888322,0.681157446606443,0.6075381037704748,0.8200000000000001,OK,9444,46.14667528704365,5.365942435928334,0.5423092400519444,0.4429861103209364,45.60436604699171,5.808928546249271,577.5077524581292,86.62616286871938,0.5327106010337573,False,False,True
9767,3.5358921846564297,15.116649397905531,79.54866174064625,1.495714735930598,0.6075381037704741,21.282095654296924,12.093319518324428,1.7679460923282149,1.414356873862572,0.8,0.8,1.0,4.715959867879874,8.230112864129474,1.4957147359305931,0.6075381037704747,0.8200000000000001,OK,9473,37.76038152907652,5.7902379302988285,0.5420142260536944,0.4422228888492191,37.21836730302282,6.232460819148048,350.63752656545046,52.595628984817566,0.7179376358437801,False,False,True
9769,4.215316705572072,16.79639355196503,67.49010927441314,1.83898873376221,0.6075381037704741,20.880657529624607,13.437114841572024,2.107658352786036,1.6861266822288288,0.8,0.8,1.0,3.1586179770544582,5.9780495728373495,1.8389887337622084,0.6075381037704721,0.8200000000000001,OK,9475,48.907340340374205,8.264810574725297,0.5414105064462007,0.44214361164231886,48.36592983392801,8.706954186367616,464.4618962642257,69.66928443963384,0.7019928614704062,False,True,True
9792,3.685130714123474,16.67282968792378,73.33651358756359,1.913510649538939,0.6075381037704741,22.217618491941977,13.338263750339024,1.842565357061737,1.4740522856493898,0.8,0.8,1.0,3.641629970874568,6.829770222585855,1.913510649538939,0.6075381037704739,0.8200000000000001,OK,9498,45.78407903753918,6.703610229931223,0.5418971138991113,0.44304912889183373,45.24218192364007,7.146659358823056,403.05661243952363,60.45849186592854,0.7572811961480774,False,False,True
9815,5.349490040153845,16.568995867832605,66.64285887646405,1.872268499466731,0.6075381037704741,20.51285535742377,13.255196694266084,2.6747450200769225,2.139796016061538,0.8,0.8,1.0,2.811927754800646,5.3803267603453495,1.872268499466727,0.6075381037704698,0.8200000000000001,OK,9521,51.1939814025113,9.236438177415573,0.5433230512676157,0.4433640059184882,50.650658351243685,9.679802183334061,581.4500501093041,87.21750751639561,0.5869690943975621,False,False,True
9848,5.412150897473537,16.694034377119312,79.21371345483334,1.9118352002215453,0.6075381037704741,23.1859837134508,13.35522750169545,2.7060754487367684,2.164860358989414,0.8,0.8,1.0,3.4180495969744378,6.639754862179853,1.9118352002215424,0.6075381037704769,0.8200000000000001,OK,9553,47.69647791093827,6.323210025282864,0.5447033812553246,0.4433967504973305,47.151774529682946,6.766606775780195,592.7001533759671,88.90502300639507,0.5364879991933346,True,False,True
9870,3.621915845290066,16.432675761042987,83.10326836451867,0.8056501993600662,0.6075381037704741,23.89434809680332,13.14614060883439,1.810957922645033,1.4487663381160265,0.8,0.8,1.0,4.726584228613934,8.548278006859803,0.8056501993600618,0.6075381037704705,0.8200000000000001,OK,9575,40.36157419481573,3.823509977367752,0.5420201225067883,0.4420583432837939,39.81955407230894,4.265568320651546,390.43656279949744,58.565484419924616,0.6891699879986698,False,False,True
9872,4.033088106624172,16.770193254959707,85.7752437224122,0.694632014844091,0.6075381037704741,24.69981914732541,13.416154603967769,2.016544053312086,1.6132352426496688,0.8,0.8,1.0,4.711766100947866,8.64657014974711,0.6946320148440891,0.6075381037704624,0.8200000000000001,OK,9577,41.443958062493365,3.3155264157349946,0.5431188513590256,0.4422116026729784,40.90083921113434,3.757738018407973,443.68997527312695,66.55349629096904,0.6227164667848877,False,False,True
9885,3.7947040781246137,16.48961997672744,77.52498718209026,1.5703065770990154,0.6075381037704741,22.90712873469297,13.191695981381953,1.8973520390623069,1.5178816312498455,0.8,0.8,1.0,4.021905256878775,7.440793887972234,1.5703065770990108,0.6075381037704718,0.8200000000000001,OK,9590,43.81312085350653,5.612189558930054,0.5418414284063443,0.44294852649410565,43.27127942510019,6.05513808542416,410.4803768110274,61.572056521654105,0.7115747520646484,False,False,True
9887,3.5118001784576363,16.373587582390968,82.90134397985031,1.431522892288119,0.6075381037704741,23.67232525100232,13.098870065912775,1.755900089228818,1.4047200713830543,0.8,0.8,1.0,4.535036848172311,8.29995545435079,1.4315228922881174,0.6075381037704904,0.8200000000000001,OK,9591,39.81817339300963,3.9960043912137753,0.5417715165687857,0.44305407607625075,39.27640187644084,4.439058467290026,377.2050367275402,56.58075550913103,0.7037405745949036,False,False,True
9902,3.563251641890945,16.21388364244087,68.37142336726204,1.868750479882056,0.6075381037704741,20.46398678593808,12.971106913952696,1.7816258209454727,1.4253006567563782,0.8,0.8,1.0,3.603429459894304,6.5663682917058654,1.868750479882053,0.6075381037704658,0.8200000000000001,OK,9606,44.6540179290818,7.89450922579181,0.5417899672869435,0.4425638235822992,44.11222796179486,8.33707304937411,378.9984076679364,56.84976115019046,0.7854741519689252,False,True,True
9978,3.556405211587011,16.30098137901549,78.49473806901823,0.6232530480520779,0.6075381037704741,23.12455789618521,13.040785103212391,1.7782026057935054,1.4225620846348044,0.8,0.8,1.0,4.551094116521117,8.146135657939972,0.6232530480520754,0.6075381037704721,0.8200000000000001,OK,9678,41.422833587725805,4.9384473643313225,0.5437058188347674,0.4429100728769408,40.87912776889104,5.381357437208263,380.3021920548566,57.04532880822849,0.7261389223818582,False,False,True
10022,3.611126338003954,15.686002968983516,88.28475183660525,1.07148093553378,0.6075381037704741,23.27418280702581,12.548802375186812,1.805563169001977,1.4444505352015815,0.8,0.8,1.0,5.242656752951721,9.25865365898688,1.0714809355337798,0.6075381037704691,0.8200000000000001,OK,9722,36.466464316522696,3.5825448854963793,0.5418588822517597,0.44342057030663706,35.92460543427094,4.025965455803016,371.5855482930382,55.73783224395573,0.654249777008096,False,False,True
10037,3.5261940501765854,14.936603023251848,78.14414657550427,1.2506348144365889,0.6075381037704741,20.87020120969799,11.94928241860148,1.7630970250882927,1.4104776200706342,0.8,0.8,1.0,4.786268310970826,8.247983748459355,1.250634814436587,0.6075381037704728,0.8200000000000001,OK,9736,37.524220632190165,6.130881675597667,0.5466646917733253,0.4426428747229622,36.97755594041684,6.573524550320629,345.51100626048816,51.826650939073225,0.7240332908314523,False,False,True
10060,4.694896304681363,16.722924242407004,82.88924672173515,0.6198794945152158,0.6075381037704741,24.24241341084175,13.378339393925604,2.3474481523406814,1.8779585218725448,0.8,0.8,1.0,4.341635900424318,8.004999235184588,0.6198794945152113,0.607538103770478,0.8200000000000001,OK,9758,43.938657971615406,4.248725680355161,0.5430055863167399,0.4423999357502778,43.39565238529867,4.691125616105439,515.0413127031783,77.25619690547674,0.5687395928300033,False,False,True
10079,4.173900058126421,16.72230633793839,71.23674130757169,1.5690538297319525,0.6075381037704741,21.85883602479353,13.377845070350714,2.0869500290632104,1.6695600232505683,0.8,0.8,1.0,3.472038028706635,6.506979429194859,1.5690538297319458,0.6075381037704827,0.8200000000000001,OK,9776,48.08153565730172,7.5695808643589775,0.5396095682228607,0.4418367202299579,47.54192608907886,8.011417584588935,457.8698641972934,68.680479629594,0.7000757117104301,False,False,True
10087,5.0536889778803005,16.715232332326337,66.35000320519822,1.472704841136097,0.6075381037704741,20.434358114121395,13.37218586586107,2.5268444889401502,2.0214755911521203,0.8,0.8,1.0,2.979319017373076,5.6496456763399685,1.4727048411360943,0.607538103770458,0.8200000000000001,OK,9784,51.14473688925253,9.372259818330539,0.5425426591595531,0.4427286427103962,50.60219423009298,9.814988461040935,554.1467202278445,83.12200803417667,0.6152971769910048,False,False,True
10093,3.817339871794083,16.76315611061966,64.56873751755707,1.2607386590213892,0.6075381037704741,20.54003070617236,13.410524888495727,1.9086699358970416,1.5269359487176333,0.8,0.8,1.0,3.320870385591448,6.112865659421766,1.2607386590213865,0.6075381037704852,0.8200000000000001,OK,9790,47.66662506831046,9.06702967048571,0.5434991022801278,0.4429904213714246,47.12312596603033,9.510020091857134,419.77875714004153,62.96681357100623,0.7570118664899234,False,True,True
10120,3.899875290169528,16.724937373791537,74.83501652282884,0.7922293088390078,0.6075381037704741,23.019327518169284,13.37994989903323,1.949937645084764,1.5599501160678113,0.8,0.8,1.0,4.008415844078364,7.349552901658949,0.7922293088390037,0.6075381037704722,0.8200000000000001,OK,9814,45.319480564999175,6.05536159744051,0.5410969411122232,0.4426232431545444,44.77838362388695,6.497984840595055,427.87711515855693,64.18156727378354,0.7061136474227386,False,False,True
10124,3.5527646783519367,15.32415665492173,70.27432131186332,1.6023462164012736,0.6075381037704741,19.805688648367465,12.259325323937384,1.7763823391759683,1.4211058713407747,0.8,0.8,1.0,4.097390942270085,7.170533626430686,1.6023462164012712,0.6075381037704584,0.8200000000000001,OK,9818,41.09617407997642,7.958490098523314,0.5406822601409973,0.44218024449300963,40.555491819835424,8.400670343016325,357.1468835287433,53.572032529311485,0.7671199344077714,False,True,True
10147,5.160358980605358,16.73027971446775,72.2713347870704,0.8727484048063573,0.6075381037704741,22.2005467632172,13.3842237715742,2.580179490302679,2.0641435922421434,0.8,0.8,1.0,3.442587170015255,6.437318761276659,0.8727484048063554,0.6075381037704745,0.8200000000000001,OK,9840,50.00244698415849,8.122934931422956,0.543241510656405,0.44574769052109964,49.45920547350208,8.568682621944054,566.3526745722121,84.9529011858318,0.5885902221841689,False,False,True
10164,4.468909362542371,16.64118925693104,76.60123959367915,0.5818286247778455,0.6075381037704741,23.18714142305092,13.312951405544831,2.2344546812711856,1.7875637450169486,0.8,0.8,1.0,4.0415081530052,7.400675809314475,0.5818286247778431,0.6075381037704718,0.8200000000000001,OK,9857,45.99103365700923,5.965593856662516,0.5420868299956855,0.4428362013843285,45.44894682701355,6.408430058046845,487.8538600703496,73.17807901055244,0.6284810188906056,False,False,True
10170,3.913769525020161,16.59392315759839,87.30721823011754,0.7695122169854576,0.6075381037704741,24.58084790025798,13.275138526078711,1.9568847625100805,1.5655078100080644,0.8,0.8,1.0,4.8940324330555605,8.91390625241339,0.7695122169854539,0.6075381037704825,0.8200000000000001,OK,9863,40.23961623176185,3.142569198994305,0.5414532127763068,0.44208229752265915,39.69816301898555,3.584651496516964,426.03782735106097,63.90567410265915,0.6296720408131562,False,False,True
10174,4.616712772329361,16.66116390390016,77.93026717508812,0.8424320309027642,0.6075381037704741,23.33680482897499,13.328931123120128,2.3083563861646805,1.8466851089317444,0.8,0.8,1.0,3.982409107454007,7.36316251297546,0.8424320309027641,0.6075381037704757,0.8200000000000001,OK,9867,45.939872622510364,5.662804118439909,0.5424013803813429,0.44200365380569323,45.39747124212902,6.104807772245602,504.5939417723777,75.68909126585665,0.6069550030815847,False,False,True
10194,3.575009954411867,14.959246532144554,80.70424349067089,1.497146181245054,0.6075381037704741,21.21972019268142,11.967397225715644,1.7875049772059337,1.430003981764747,0.8,0.8,1.0,4.822954144263303,8.378309744818974,1.4971461812450504,0.6075381037704667,0.8200000000000001,OK,9886,37.03416074913764,5.635874831742878,0.5412249587173948,0.44208698973036287,36.49293579042025,6.077961821473242,350.825226524742,52.623783978711295,0.7037532831945273,False,False,True
10199,3.901485587021607,16.798236813416445,78.68954649296498,0.7372983642932924,0.6075381037704741,23.8106692199328,13.438589450733156,1.950742793510804,1.5605942348086428,0.8,0.8,1.0,4.240058135106331,7.7981679958834516,0.737298364293293,0.607538103770473,0.8200000000000001,OK,9891,43.80616530360866,4.781115109428752,0.5426972446606776,0.4426065383413374,43.26346805894798,5.223721647770089,429.92979702587536,64.4894695538813,0.6792762540403339,False,False,True
10206,5.208054280788087,16.77704045161922,68.36229814035806,0.8878833974270248,0.6075381037704741,21.332212568510755,13.421632361295378,2.604027140394044,2.083221712315235,0.8,0.8,1.0,3.1903672277648525,5.981987673671831,0.88788339742702,0.6075381037704625,0.8200000000000001,OK,9898,51.26471211992131,9.400656466935773,0.5452804986145936,0.44684275891006836,50.71943162130672,9.847499225845842,573.1848369701481,85.97772554552222,0.5962557371069142,False,False,True
10240,5.097342627187325,16.757312025213313,70.90666540651463,1.1687455858148024,0.6075381037704741,21.801357164601384,13.40584962017065,2.5486713135936627,2.0389370508749303,0.8,0.8,1.0,3.2821087721017754,6.191328273650662,1.1687455858147997,0.6075381037704722,0.8200000000000001,OK,9931,50.52250893417876,8.46317570121681,0.5428424806986063,0.443707605827493,49.97966645348016,8.906883307044303,560.3405115249826,84.05107672874739,0.6010929413459721,False,False,True
10241,4.879629503205855,16.574460981287203,63.33870237032693,1.176099814124595,0.6075381037704741,19.75928605748264,13.259568785029764,2.439814751602928,1.9518518012823425,0.8,0.8,1.0,3.0191030919234088,5.597746836640081,1.1760998141245922,0.6075381037704758,0.8200000000000001,OK,9932,50.48284585692048,10.25075668888329,0.544841535339931,0.4424977184372755,49.93800432158054,10.693254407320566,530.5546209543929,79.58319314315894,0.634340541803958,False,True,True
10249,4.130740166836926,16.784642148870674,70.46064362892662,1.5425314185351242,0.6075381037704741,21.78920368878039,13.42771371909654,2.065370083418463,1.6522960667347704,0.8,0.8,1.0,3.430719600294207,6.4358881751134,1.5425314185351222,0.6075381037704748,0.8200000000000001,OK,9940,48.28932488011643,7.702367729869797,0.5400449478642284,0.44179167913927875,47.7492799322522,8.144159409009076,454.8244505477264,68.22366758215895,0.7078089846454471,False,False,True
10250,3.7631805417616224,16.50431595424985,68.5754410551358,1.731160921925263,0.6075381037704741,20.93812902965375,13.20345276339988,1.8815902708808112,1.505272216704649,0.8,0.8,1.0,3.4901359831105907,6.443017501718302,1.731160921925259,0.6075381037704684,0.8200000000000001,OK,9941,46.494175086715146,7.9063048597512635,0.5420278774500228,0.44207805262064453,45.95214720926512,8.348382912371909,407.4332074910203,61.114981123653045,0.7607655967796859,False,False,True
10253,4.759195703263906,16.474943097892336,87.74083720169263,0.6149719739933863,0.6075381037704741,24.422021545168647,13.179954478313867,2.379597851631953,1.9036782813055624,0.8,0.8,1.0,4.753901297467657,8.656965367076616,0.6149719739933832,0.6075381037704802,0.8200000000000001,OK,9944,41.87322566654129,3.4803909855035067,0.5417929512081995,0.4426369058081643,41.33143271533309,3.923027891311671,514.353058323723,77.15295874855845,0.5427300047300345,True,False,True
10256,3.5583485757641267,16.650273170149816,77.6523136467994,0.555953990828085,0.6075381037704741,23.53748012780133,13.320218536119851,1.779174287882063,1.4233394303056508,0.8,0.8,1.0,4.393780157885626,7.965785628995768,0.555953990828082,0.6075381037704731,0.8200000000000001,OK,9947,42.68216849241753,4.924249410325881,0.5457974922096309,0.44355155855725925,42.1363710002079,5.367800968883141,388.6634413863258,58.29951620794887,0.7321187424639043,False,False,True
10261,4.869927106268644,16.690301710539288,83.83576563472027,0.7178297547964849,0.6075381037704741,24.28575314367483,13.35224136843143,2.434963553134322,1.9479708425074576,0.8,0.8,1.0,4.326234033930934,8.000811861345628,0.7178297547964818,0.6075381037704717,0.8200000000000001,OK,9952,43.804767654296064,4.12986220548396,0.5413576862975238,0.4425906786092454,43.26340996799854,4.572452884093205,533.2004257904392,79.98006386856588,0.5476960824422699,False,False,True
10272,3.5669202305497283,14.54495519783386,80.02929426114493,0.8239466904977742,0.6075381037704741,20.683396399795207,11.63596415826709,1.783460115274864,1.426768092219891,0.8,0.8,1.0,5.173456625013476,8.732850994665668,0.823946690497773,0.607538103770473,0.8200000000000001,OK,9963,36.02314626515001,5.919170871497303,0.5527374337279044,0.4438797013415506,35.470408831422105,6.363050572838854,340.33735885621024,51.050603828431534,0.705636046660974,False,False,True
10300,3.6117214221734617,16.04882504523676,78.55089212548093,1.9748486794378923,0.6075381037704741,22.34358301172273,12.839060036189409,1.8058607110867309,1.444688568869385,0.8,0.8,1.0,4.147365092343136,7.597008112674304,1.974848679437888,0.6075381037704752,0.8200000000000001,OK,9991,41.65787105131677,5.747910442567084,0.5456200413544007,0.443340214093676,41.112251009962364,6.191250656660761,380.24308702086705,57.036463053130056,0.73037262167733,False,False,True
10305,4.080652719564703,16.716580097001582,85.27921010741039,0.8200450219619368,0.6075381037704741,24.54543029822019,13.373264077601268,2.040326359782352,1.6322610878258812,0.8,0.8,1.0,4.631135894757207,8.51339562079077,0.8200450219619351,0.6075381037704731,0.8200000000000001,OK,9996,41.47783515908108,3.427107664439535,0.5424901266124701,0.4422179952691868,40.93534503246861,3.8693256597087218,447.4875007073085,67.12312510609628,0.6179365918008184,False,False,True
